job_id,skill_name
1,Statistics
1,Machine Learning
1,MySQL
1,AWS
2,Power BI
2,SQL
2,Statistics
2,Python
2,ETL
3,MySQL
3,Power BI
3,Data Visualization
3,SQL
4,AWS
4,Machine Learning
4,Pandas
4,Tableau
4,Data Visualization
4,SQL
5,Machine Learning
5,MySQL
5,Statistics
5,AWS
5,SQL
5,ETL
5,Data Visualization
6,AWS
6,Machine Learning
6,Statistics
6,Python
6,Pandas
6,Tableau
7,SQL
7,AWS
7,Tableau
7,Statistics
7,Data Visualization
7,MySQL
8,Power BI
8,Data Visualization
8,Machine Learning
8,Pandas
8,Statistics
8,ETL
8,Tableau
9,MySQL
9,Excel
9,Statistics
9,ETL
9,SQL
9,Pandas
10,SQL
10,Machine Learning
10,Statistics
10,Python
10,ETL
10,Data Visualization
10,Power BI
11,SQL
11,MySQL
11,Power BI
11,Statistics
11,Python
11,AWS
12,Machine Learning
12,Statistics
12,Data Visualization
12,Excel
13,Machine Learning
13,Python
13,Power BI
13,Statistics
13,Data Visualization
13,SQL
14,Excel
14,Statistics
14,SQL
14,Power BI
14,AWS
14,MySQL
14,Data Visualization
15,Tableau
15,ETL
15,AWS
15,Python
15,Excel
15,Pandas
16,Tableau
16,Machine Learning
16,Data Visualization
16,SQL
17,AWS
17,Machine Learning
17,MySQL
17,Power BI
18,SQL
18,Excel
18,ETL
18,Pandas
18,AWS
18,Tableau
18,Python
19,AWS
19,ETL
19,Python
19,SQL
19,Data Visualization
19,Statistics
19,Tableau
20,Tableau
20,Power BI
20,Statistics
20,SQL
20,ETL
20,Data Visualization
21,AWS
21,Python
21,Excel
21,MySQL
21,ETL
21,Pandas
21,Statistics
22,Python
22,Pandas
22,ETL
22,AWS
22,Tableau
22,Machine Learning
23,Data Visualization
23,Pandas
23,Machine Learning
23,Excel
23,AWS
24,Pandas
24,Machine Learning
24,SQL
24,Data Visualization
24,Power BI
25,Machine Learning
25,ETL
25,Excel
25,SQL
25,AWS
25,Pandas
25,Tableau
26,Statistics
26,SQL
26,ETL
26,MySQL
26,Pandas
26,AWS
27,Excel
27,Pandas
27,MySQL
27,Tableau
27,Data Visualization
28,Tableau
28,Machine Learning
28,Python
28,Statistics
28,MySQL
28,Pandas
29,Machine Learning
29,AWS
29,Power BI
29,Pandas
29,ETL
29,Python
29,Statistics
30,SQL
30,Statistics
30,AWS
30,Machine Learning
31,Power BI
31,Excel
31,Python
31,MySQL
31,AWS
31,ETL
32,Statistics
32,Tableau
32,Machine Learning
32,Data Visualization
32,ETL
33,Excel
33,Power BI
33,Pandas
33,Python
34,Pandas
34,Machine Learning
34,AWS
34,Excel
35,ETL
35,MySQL
35,AWS
35,Python
36,Power BI
36,SQL
36,Data Visualization
36,Python
36,AWS
36,MySQL
36,Statistics
37,SQL
37,Data Visualization
37,Power BI
37,Python
37,Pandas
37,AWS
37,MySQL
38,Tableau
38,Statistics
38,AWS
38,Power BI
38,Python
39,SQL
39,Data Visualization
39,Machine Learning
39,Python
39,ETL
40,Statistics
40,Machine Learning
40,AWS
40,ETL
40,Power BI
40,Data Visualization
41,AWS
41,Machine Learning
41,SQL
41,Excel
42,Data Visualization
42,ETL
42,Machine Learning
42,Tableau
43,Excel
43,MySQL
43,Machine Learning
43,ETL
43,Power BI
43,Tableau
43,SQL
44,Tableau
44,AWS
44,Power BI
44,Python
44,ETL
45,SQL
45,Excel
45,AWS
45,Power BI
45,MySQL
45,Tableau
46,AWS
46,Excel
46,MySQL
46,Pandas
47,Statistics
47,AWS
47,Power BI
47,ETL
47,Data Visualization
47,SQL
47,Tableau
48,Power BI
48,Machine Learning
48,Excel
48,Statistics
49,ETL
49,Statistics
49,Excel
49,SQL
50,SQL
50,MySQL
50,Power BI
50,Excel
50,Machine Learning
50,Python
51,MySQL
51,SQL
51,Machine Learning
51,Tableau
51,Python
52,Python
52,Tableau
52,Data Visualization
52,Pandas
52,SQL
52,Excel
53,MySQL
53,Machine Learning
53,Python
53,SQL
53,Statistics
54,Statistics
54,MySQL
54,Python
54,ETL
54,SQL
54,Machine Learning
54,Data Visualization
55,Machine Learning
55,Statistics
55,Excel
55,ETL
55,MySQL
55,Pandas
56,SQL
56,ETL
56,MySQL
56,Power BI
57,SQL
57,AWS
57,Excel
57,Pandas
57,MySQL
57,Machine Learning
57,Statistics
58,Tableau
58,Power BI
58,SQL
58,AWS
58,ETL
58,Excel
59,Python
59,MySQL
59,ETL
59,Data Visualization
59,Tableau
60,Pandas
60,Machine Learning
60,Tableau
60,MySQL
61,AWS
61,MySQL
61,Pandas
61,Power BI
61,Tableau
61,SQL
62,SQL
62,Power BI
62,MySQL
62,ETL
62,Statistics
62,AWS
63,Pandas
63,Machine Learning
63,SQL
63,Data Visualization
63,Power BI
64,Python
64,Statistics
64,Pandas
64,MySQL
64,AWS
65,Pandas
65,SQL
65,Python
65,MySQL
65,AWS
65,Power BI
65,Statistics
66,Data Visualization
66,ETL
66,AWS
66,Tableau
66,SQL
66,Python
66,Statistics
67,MySQL
67,SQL
67,AWS
67,Power BI
67,Excel
67,Machine Learning
67,Pandas
68,Machine Learning
68,SQL
68,ETL
68,Pandas
68,Statistics
69,AWS
69,Statistics
69,Pandas
69,Python
69,MySQL
70,Python
70,Data Visualization
70,AWS
70,Power BI
70,Tableau
70,SQL
71,Pandas
71,SQL
71,Statistics
71,MySQL
71,Python
71,Power BI
71,Excel
72,Python
72,AWS
72,ETL
72,Power BI
72,Data Visualization
72,SQL
73,AWS
73,Excel
73,Power BI
73,Data Visualization
73,Pandas
73,ETL
74,Tableau
74,AWS
74,Data Visualization
74,Pandas
74,ETL
75,AWS
75,Pandas
75,MySQL
75,ETL
75,Excel
75,Tableau
75,Data Visualization
76,ETL
76,AWS
76,Statistics
76,Machine Learning
77,MySQL
77,ETL
77,Excel
77,Tableau
77,Data Visualization
77,Python
77,Pandas
78,Machine Learning
78,Python
78,AWS
78,Pandas
78,Power BI
78,MySQL
78,Data Visualization
79,Power BI
79,Data Visualization
79,Pandas
79,Excel
79,Tableau
79,Machine Learning
79,Python
80,ETL
80,Pandas
80,SQL
80,Power BI
80,Machine Learning
81,Python
81,Tableau
81,SQL
81,AWS
82,Machine Learning
82,Data Visualization
82,SQL
82,Tableau
83,Power BI
83,Pandas
83,Data Visualization
83,AWS
83,Statistics
83,SQL
84,ETL
84,Power BI
84,Tableau
84,Data Visualization
84,Excel
85,Power BI
85,Machine Learning
85,Data Visualization
85,Tableau
85,Pandas
86,Pandas
86,MySQL
86,Statistics
86,Tableau
87,Excel
87,Machine Learning
87,Data Visualization
87,ETL
87,Tableau
87,Python
88,Statistics
88,Machine Learning
88,Excel
88,Pandas
89,Python
89,Pandas
89,SQL
89,Power BI
89,Excel
89,Machine Learning
90,Data Visualization
90,Pandas
90,MySQL
90,AWS
91,Excel
91,ETL
91,Machine Learning
91,Python
91,MySQL
91,SQL
92,Power BI
92,Tableau
92,Data Visualization
92,AWS
92,MySQL
93,Data Visualization
93,Statistics
93,AWS
93,MySQL
93,Power BI
94,MySQL
94,Data Visualization
94,SQL
94,Tableau
94,Pandas
94,Python
94,AWS
95,Data Visualization
95,SQL
95,Pandas
95,AWS
95,ETL
95,Machine Learning
96,Pandas
96,Power BI
96,MySQL
96,Tableau
96,ETL
97,ETL
97,Statistics
97,Excel
97,AWS
97,Power BI
97,SQL
97,Python
98,Power BI
98,Statistics
98,Excel
98,Pandas
98,Machine Learning
98,ETL
99,Python
99,Machine Learning
99,Pandas
99,SQL
99,AWS
100,Python
100,Machine Learning
100,MySQL
100,ETL
101,Statistics
101,MySQL
101,Tableau
101,Machine Learning
101,ETL
101,Data Visualization
102,Excel
102,Pandas
102,Data Visualization
102,Power BI
102,Statistics
102,Machine Learning
103,AWS
103,Python
103,ETL
103,Pandas
103,SQL
104,MySQL
104,ETL
104,Statistics
104,AWS
105,Tableau
105,Pandas
105,ETL
105,Excel
105,Data Visualization
105,Machine Learning
105,Power BI
106,AWS
106,Machine Learning
106,ETL
106,Data Visualization
106,Power BI
106,Tableau
106,Statistics
107,MySQL
107,AWS
107,Statistics
107,Pandas
108,Power BI
108,ETL
108,Data Visualization
108,Excel
108,Tableau
109,SQL
109,Python
109,ETL
109,Tableau
109,Power BI
110,Statistics
110,Machine Learning
110,Python
110,MySQL
110,Excel
110,AWS
110,Tableau
111,AWS
111,Machine Learning
111,ETL
111,SQL
111,Power BI
112,Pandas
112,SQL
112,ETL
112,MySQL
113,MySQL
113,Tableau
113,Excel
113,Data Visualization
113,Machine Learning
113,Statistics
114,AWS
114,Machine Learning
114,Power BI
114,ETL
114,Pandas
114,Data Visualization
114,Tableau
115,MySQL
115,Python
115,Power BI
115,Pandas
115,Tableau
115,Statistics
116,ETL
116,Excel
116,Python
116,Tableau
116,Machine Learning
116,SQL
117,Machine Learning
117,Excel
117,SQL
117,Python
117,MySQL
118,AWS
118,Pandas
118,ETL
118,Tableau
118,Statistics
118,Machine Learning
119,Pandas
119,Statistics
119,Tableau
119,Machine Learning
120,AWS
120,Power BI
120,MySQL
120,ETL
120,Excel
121,Python
121,Excel
121,Machine Learning
121,Data Visualization
122,Python
122,Power BI
122,Pandas
122,MySQL
122,Excel
122,ETL
123,Power BI
123,Tableau
123,MySQL
123,Pandas
123,AWS
123,SQL
124,Data Visualization
124,Statistics
124,Excel
124,AWS
124,ETL
125,Pandas
125,MySQL
125,Power BI
125,ETL
126,Excel
126,Power BI
126,Tableau
126,Python
127,Excel
127,Python
127,Tableau
127,SQL
127,Statistics
127,Power BI
127,ETL
128,MySQL
128,Machine Learning
128,Tableau
128,Pandas
128,Python
128,Data Visualization
128,Statistics
129,Power BI
129,Excel
129,Python
129,Statistics
129,AWS
129,Machine Learning
130,Excel
130,Machine Learning
130,ETL
130,SQL
131,Excel
131,SQL
131,Tableau
131,Pandas
131,ETL
131,MySQL
132,Data Visualization
132,MySQL
132,ETL
132,Python
132,Tableau
132,Statistics
132,Pandas
133,Power BI
133,Machine Learning
133,MySQL
133,ETL
133,SQL
134,Power BI
134,Statistics
134,Pandas
134,Python
134,SQL
134,MySQL
135,Data Visualization
135,Machine Learning
135,ETL
135,SQL
135,Power BI
135,Python
136,AWS
136,ETL
136,Pandas
136,Machine Learning
136,MySQL
137,Data Visualization
137,AWS
137,Python
137,Tableau
137,MySQL
137,Pandas
137,Statistics
138,SQL
138,ETL
138,Pandas
138,MySQL
138,Tableau
138,Python
138,Machine Learning
139,Tableau
139,SQL
139,Data Visualization
139,Machine Learning
139,ETL
140,ETL
140,Python
140,SQL
140,Excel
140,Machine Learning
141,ETL
141,Excel
141,Pandas
141,Data Visualization
141,Statistics
141,Python
142,AWS
142,Tableau
142,SQL
142,ETL
143,Excel
143,MySQL
143,AWS
143,Data Visualization
143,Power BI
144,Excel
144,Data Visualization
144,MySQL
144,Statistics
145,Python
145,Machine Learning
145,Tableau
145,SQL
145,Pandas
145,Excel
146,Excel
146,ETL
146,Power BI
146,Machine Learning
146,Tableau
146,Statistics
146,Python
147,Statistics
147,ETL
147,Pandas
147,SQL
147,AWS
147,Power BI
148,Data Visualization
148,AWS
148,MySQL
148,ETL
148,Machine Learning
148,Statistics
149,AWS
149,Excel
149,Tableau
149,Machine Learning
149,Data Visualization
150,AWS
150,MySQL
150,Pandas
150,Data Visualization
150,Statistics
151,Statistics
151,Machine Learning
151,Power BI
151,MySQL
152,Excel
152,Python
152,MySQL
152,Power BI
152,Pandas
152,Machine Learning
153,AWS
153,Python
153,Statistics
153,MySQL
153,ETL
154,Tableau
154,Machine Learning
154,Power BI
154,ETL
155,Tableau
155,AWS
155,SQL
155,Machine Learning
156,SQL
156,Power BI
156,Statistics
156,Tableau
156,Python
156,ETL
157,Machine Learning
157,ETL
157,Python
157,AWS
158,Tableau
158,Python
158,Power BI
158,SQL
159,Excel
159,ETL
159,SQL
159,Statistics
160,Statistics
160,Pandas
160,Tableau
160,Python
160,Data Visualization
161,Python
161,MySQL
161,SQL
161,Statistics
161,Data Visualization
161,Tableau
162,Machine Learning
162,AWS
162,SQL
162,Power BI
163,Excel
163,AWS
163,Machine Learning
163,Pandas
163,Tableau
163,Data Visualization
164,Tableau
164,Python
164,Data Visualization
164,Machine Learning
164,AWS
165,AWS
165,SQL
165,MySQL
165,Pandas
165,ETL
165,Power BI
165,Machine Learning
166,MySQL
166,Python
166,Power BI
166,Data Visualization
166,AWS
167,Pandas
167,Excel
167,Tableau
167,Machine Learning
167,Python
167,Power BI
167,Statistics
168,Python
168,Data Visualization
168,Tableau
168,Pandas
169,AWS
169,Statistics
169,Python
169,Excel
170,MySQL
170,Machine Learning
170,Excel
170,AWS
170,Data Visualization
170,ETL
171,Statistics
171,Excel
171,SQL
171,Tableau
172,Power BI
172,Data Visualization
172,ETL
172,AWS
172,Excel
173,Excel
173,AWS
173,Machine Learning
173,Tableau
173,SQL
173,MySQL
174,Power BI
174,MySQL
174,SQL
174,Python
175,Data Visualization
175,Tableau
175,Machine Learning
175,ETL
176,MySQL
176,Python
176,Statistics
176,Tableau
176,Machine Learning
177,Tableau
177,Python
177,ETL
177,Statistics
177,Machine Learning
177,Power BI
178,ETL
178,Machine Learning
178,Pandas
178,Excel
178,SQL
178,Tableau
179,AWS
179,Tableau
179,Pandas
179,Excel
179,Data Visualization
179,Statistics
180,SQL
180,Pandas
180,MySQL
180,Machine Learning
180,Power BI
180,Tableau
180,AWS
181,Machine Learning
181,AWS
181,MySQL
181,ETL
181,Excel
181,Pandas
181,Power BI
182,Tableau
182,ETL
182,Power BI
182,SQL
182,MySQL
182,AWS
182,Pandas
183,Python
183,Excel
183,AWS
183,Data Visualization
183,MySQL
183,Pandas
184,Pandas
184,Excel
184,Python
184,Machine Learning
185,Data Visualization
185,ETL
185,Statistics
185,Python
186,Pandas
186,Python
186,AWS
186,SQL
186,Machine Learning
186,Tableau
187,MySQL
187,AWS
187,Tableau
187,Data Visualization
187,Python
188,MySQL
188,Power BI
188,Python
188,AWS
188,Excel
188,Data Visualization
189,Excel
189,Power BI
189,SQL
189,Statistics
190,Statistics
190,Python
190,MySQL
190,Tableau
190,Excel
190,Power BI
190,Machine Learning
191,Tableau
191,Statistics
191,AWS
191,MySQL
191,Pandas
191,SQL
191,ETL
192,Machine Learning
192,Pandas
192,Excel
192,SQL
192,MySQL
192,ETL
192,Statistics
193,Statistics
193,Python
193,ETL
193,Excel
193,SQL
193,Pandas
194,ETL
194,Machine Learning
194,SQL
194,Tableau
194,Pandas
195,Pandas
195,Power BI
195,Python
195,ETL
195,Tableau
195,AWS
196,Tableau
196,AWS
196,Python
196,Excel
197,Pandas
197,ETL
197,Statistics
197,Tableau
197,Python
197,Power BI
197,SQL
198,Statistics
198,Data Visualization
198,MySQL
198,Power BI
199,Pandas
199,Power BI
199,Data Visualization
199,Excel
199,Statistics
200,Excel
200,Statistics
200,Machine Learning
200,Power BI
200,Tableau
200,SQL
201,Pandas
201,AWS
201,ETL
201,Tableau
201,Data Visualization
202,Pandas
202,ETL
202,Python
202,Excel
202,MySQL
202,AWS
203,Tableau
203,Data Visualization
203,Statistics
203,Python
203,Pandas
204,MySQL
204,Excel
204,Machine Learning
204,SQL
204,AWS
205,AWS
205,Tableau
205,Pandas
205,SQL
205,Excel
205,Statistics
206,Data Visualization
206,Machine Learning
206,MySQL
206,AWS
206,Power BI
206,ETL
206,Python
207,ETL
207,MySQL
207,SQL
207,Tableau
208,MySQL
208,Excel
208,Power BI
208,Machine Learning
209,MySQL
209,Power BI
209,Tableau
209,Excel
209,Python
209,Statistics
209,SQL
210,ETL
210,SQL
210,Python
210,Data Visualization
210,Power BI
210,AWS
211,ETL
211,Power BI
211,Machine Learning
211,AWS
211,SQL
211,MySQL
212,AWS
212,SQL
212,Statistics
212,Tableau
212,Excel
213,Tableau
213,ETL
213,Machine Learning
213,Statistics
213,SQL
214,Python
214,MySQL
214,Pandas
214,SQL
214,Tableau
214,AWS
214,ETL
215,Power BI
215,ETL
215,Excel
215,AWS
215,MySQL
215,Machine Learning
216,Data Visualization
216,Tableau
216,Pandas
216,Python
217,MySQL
217,Power BI
217,Tableau
217,Pandas
218,Tableau
218,Data Visualization
218,Power BI
218,AWS
218,MySQL
219,SQL
219,Data Visualization
219,Tableau
219,Pandas
219,Python
219,Excel
220,Pandas
220,Statistics
220,Data Visualization
220,Tableau
220,Python
221,SQL
221,Excel
221,Machine Learning
221,ETL
222,Tableau
222,ETL
222,Power BI
222,Python
222,MySQL
223,ETL
223,AWS
223,Pandas
223,Python
224,ETL
224,MySQL
224,Excel
224,Pandas
225,Data Visualization
225,Power BI
225,Machine Learning
225,Statistics
225,Pandas
226,Python
226,Statistics
226,SQL
226,Machine Learning
226,Excel
227,Power BI
227,ETL
227,Machine Learning
227,Statistics
227,Tableau
227,Python
227,MySQL
228,SQL
228,Power BI
228,Python
228,Tableau
228,Machine Learning
229,Statistics
229,Tableau
229,ETL
229,Pandas
230,SQL
230,Data Visualization
230,Python
230,AWS
231,SQL
231,Machine Learning
231,AWS
231,Tableau
231,Power BI
231,MySQL
231,Statistics
232,Python
232,Machine Learning
232,MySQL
232,ETL
233,Statistics
233,AWS
233,SQL
233,Tableau
233,Excel
234,SQL
234,MySQL
234,Data Visualization
234,ETL
234,Machine Learning
234,Statistics
234,AWS
235,Machine Learning
235,Python
235,Power BI
235,AWS
235,Data Visualization
236,Pandas
236,SQL
236,Data Visualization
236,ETL
236,Machine Learning
236,Python
237,AWS
237,Python
237,Machine Learning
237,Statistics
237,Excel
237,Tableau
238,Pandas
238,Statistics
238,Machine Learning
238,Python
238,SQL
239,Pandas
239,AWS
239,Statistics
239,Power BI
239,Tableau
239,ETL
240,SQL
240,Statistics
240,Pandas
240,AWS
240,MySQL
241,SQL
241,ETL
241,Tableau
241,Power BI
241,Machine Learning
241,Python
242,Excel
242,Machine Learning
242,Statistics
242,Data Visualization
242,Python
243,Pandas
243,Python
243,Machine Learning
243,Statistics
243,ETL
243,Power BI
244,Data Visualization
244,Tableau
244,Pandas
244,SQL
244,AWS
244,Machine Learning
245,Python
245,Power BI
245,Pandas
245,Excel
245,ETL
245,SQL
246,MySQL
246,Machine Learning
246,Power BI
246,Python
247,Statistics
247,Python
247,MySQL
247,Pandas
247,AWS
248,Power BI
248,Machine Learning
248,Data Visualization
248,ETL
248,Python
249,Data Visualization
249,Excel
249,SQL
249,Python
250,Machine Learning
250,Excel
250,SQL
250,Power BI
250,AWS
250,Statistics
251,MySQL
251,Machine Learning
251,Python
251,SQL
251,AWS
251,Power BI
252,Statistics
252,Python
252,Power BI
252,Data Visualization
252,ETL
252,Excel
253,SQL
253,Pandas
253,Data Visualization
253,MySQL
253,Machine Learning
253,Statistics
254,Data Visualization
254,Python
254,Statistics
254,Excel
254,Power BI
255,Power BI
255,Statistics
255,AWS
255,Data Visualization
255,SQL
255,Pandas
256,Statistics
256,SQL
256,Data Visualization
256,Power BI
257,Python
257,Statistics
257,SQL
257,Tableau
258,Machine Learning
258,Statistics
258,MySQL
258,ETL
258,Data Visualization
259,Excel
259,Pandas
259,Python
259,Data Visualization
260,MySQL
260,Tableau
260,Python
260,Data Visualization
261,Pandas
261,Excel
261,Python
261,Data Visualization
261,Tableau
262,SQL
262,Tableau
262,MySQL
262,Statistics
262,Machine Learning
263,Machine Learning
263,Excel
263,Pandas
263,SQL
263,AWS
263,MySQL
263,Tableau
264,Power BI
264,ETL
264,SQL
264,Pandas
264,Excel
265,Machine Learning
265,Python
265,Tableau
265,Excel
265,Power BI
266,AWS
266,Excel
266,Machine Learning
266,Data Visualization
267,Data Visualization
267,Pandas
267,Excel
267,MySQL
267,Python
267,Machine Learning
268,MySQL
268,Excel
268,AWS
268,Power BI
268,Machine Learning
268,SQL
269,AWS
269,Excel
269,Power BI
269,Tableau
269,Python
270,Data Visualization
270,Power BI
270,Pandas
270,Python
270,Statistics
270,ETL
270,MySQL
271,Excel
271,ETL
271,Machine Learning
271,Tableau
271,Pandas
271,Power BI
272,AWS
272,Power BI
272,Data Visualization
272,Statistics
272,Excel
272,ETL
272,Machine Learning
273,Python
273,MySQL
273,Excel
273,AWS
273,Data Visualization
273,Pandas
274,MySQL
274,ETL
274,Data Visualization
274,AWS
274,Python
275,Data Visualization
275,Statistics
275,ETL
275,Tableau
276,AWS
276,Python
276,Statistics
276,Pandas
276,MySQL
277,Excel
277,Data Visualization
277,Pandas
277,Tableau
277,ETL
277,Power BI
277,SQL
278,Excel
278,SQL
278,MySQL
278,Machine Learning
279,ETL
279,Data Visualization
279,Pandas
279,SQL
279,Excel
279,AWS
280,ETL
280,Pandas
280,Python
280,Machine Learning
280,SQL
281,Pandas
281,SQL
281,MySQL
281,AWS
281,Machine Learning
282,Tableau
282,Statistics
282,ETL
282,Pandas
282,Python
282,Machine Learning
283,MySQL
283,ETL
283,AWS
283,Excel
283,Tableau
283,Statistics
283,Python
284,SQL
284,AWS
284,ETL
284,Machine Learning
284,Pandas
284,Tableau
284,Data Visualization
285,SQL
285,Excel
285,Python
285,Tableau
285,Statistics
286,Machine Learning
286,SQL
286,Pandas
286,Excel
287,AWS
287,MySQL
287,ETL
287,Machine Learning
287,SQL
288,Power BI
288,Machine Learning
288,Data Visualization
288,Python
288,AWS
289,Excel
289,SQL
289,Tableau
289,Machine Learning
289,MySQL
289,ETL
289,Power BI
290,MySQL
290,Pandas
290,Machine Learning
290,Excel
291,Data Visualization
291,ETL
291,Tableau
291,Machine Learning
291,MySQL
291,Python
292,Machine Learning
292,Pandas
292,Statistics
292,Python
292,SQL
293,Data Visualization
293,Machine Learning
293,SQL
293,Statistics
293,Tableau
293,Pandas
293,AWS
294,Power BI
294,Statistics
294,AWS
294,ETL
294,SQL
295,Pandas
295,Data Visualization
295,Python
295,MySQL
296,Statistics
296,Pandas
296,Tableau
296,Power BI
296,AWS
296,Data Visualization
296,Python
297,ETL
297,Pandas
297,Tableau
297,Statistics
297,Excel
298,MySQL
298,SQL
298,ETL
298,Pandas
298,Power BI
299,Power BI
299,Data Visualization
299,Pandas
299,Statistics
299,MySQL
299,ETL
299,AWS
300,Machine Learning
300,Excel
300,SQL
300,MySQL
301,Python
301,Power BI
301,ETL
301,Excel
301,MySQL
301,Tableau
302,Machine Learning
302,ETL
302,Pandas
302,AWS
302,Python
302,SQL
302,Statistics
303,SQL
303,Python
303,Statistics
303,Tableau
303,Pandas
303,Power BI
303,Machine Learning
304,Machine Learning
304,AWS
304,Pandas
304,Statistics
304,Python
304,Excel
305,Power BI
305,Machine Learning
305,Data Visualization
305,Python
305,Excel
305,ETL
305,Statistics
306,Machine Learning
306,AWS
306,SQL
306,Pandas
306,Power BI
306,Data Visualization
306,Tableau
307,MySQL
307,SQL
307,Tableau
307,Machine Learning
307,Pandas
307,ETL
308,Power BI
308,Data Visualization
308,ETL
308,Statistics
309,SQL
309,Excel
309,Machine Learning
309,ETL
310,Excel
310,Machine Learning
310,Data Visualization
310,Pandas
310,SQL
310,AWS
310,Statistics
311,Statistics
311,Machine Learning
311,Data Visualization
311,ETL
311,SQL
311,Python
312,Machine Learning
312,Statistics
312,ETL
312,Excel
312,Tableau
312,MySQL
313,Python
313,Tableau
313,Power BI
313,SQL
313,Statistics
313,ETL
314,Data Visualization
314,Tableau
314,Python
314,Power BI
314,Excel
314,Pandas
314,Statistics
315,Statistics
315,MySQL
315,Python
315,SQL
315,Power BI
315,Machine Learning
316,Data Visualization
316,Excel
316,ETL
316,Tableau
316,Power BI
316,Statistics
316,Pandas
317,Python
317,Data Visualization
317,MySQL
317,Machine Learning
317,Power BI
317,AWS
318,SQL
318,MySQL
318,Machine Learning
318,Statistics
318,AWS
318,ETL
319,Pandas
319,Power BI
319,Statistics
319,AWS
319,Python
320,SQL
320,Statistics
320,Machine Learning
320,MySQL
320,Tableau
321,Pandas
321,Statistics
321,MySQL
321,Tableau
321,Power BI
321,Python
321,ETL
322,AWS
322,Power BI
322,Tableau
322,Pandas
322,Statistics
322,Machine Learning
322,Excel
323,Pandas
323,Excel
323,Python
323,SQL
323,AWS
323,Statistics
323,Power BI
324,Excel
324,AWS
324,Data Visualization
324,Python
325,AWS
325,Python
325,Machine Learning
325,ETL
325,Pandas
325,Tableau
326,Python
326,Machine Learning
326,ETL
326,Tableau
326,Power BI
327,SQL
327,Excel
327,MySQL
327,AWS
327,Python
327,Pandas
327,Tableau
328,Machine Learning
328,Pandas
328,Statistics
328,MySQL
328,AWS
328,Data Visualization
329,Machine Learning
329,Tableau
329,Pandas
329,Power BI
329,SQL
329,Python
330,Power BI
330,Statistics
330,Python
330,AWS
330,ETL
330,Tableau
331,Excel
331,ETL
331,Pandas
331,Tableau
332,AWS
332,Pandas
332,Data Visualization
332,ETL
332,Power BI
332,Excel
333,Tableau
333,SQL
333,Python
333,Excel
334,Power BI
334,Pandas
334,Data Visualization
334,Statistics
334,Python
334,SQL
335,AWS
335,Excel
335,Data Visualization
335,ETL
336,Excel
336,MySQL
336,Pandas
336,Python
336,SQL
337,SQL
337,Power BI
337,Data Visualization
337,Excel
337,Python
337,Machine Learning
337,Tableau
338,Power BI
338,ETL
338,Machine Learning
338,Excel
338,Pandas
339,Machine Learning
339,Pandas
339,Statistics
339,Excel
339,MySQL
339,AWS
339,Tableau
340,Data Visualization
340,MySQL
340,Python
340,Tableau
341,SQL
341,Power BI
341,Tableau
341,Pandas
341,Excel
342,Machine Learning
342,AWS
342,Excel
342,Statistics
342,Power BI
343,AWS
343,SQL
343,Power BI
343,MySQL
343,Machine Learning
343,Data Visualization
343,Python
344,Data Visualization
344,Power BI
344,AWS
344,SQL
344,MySQL
344,Statistics
344,Machine Learning
345,Data Visualization
345,Excel
345,Power BI
345,Machine Learning
345,SQL
345,Pandas
346,Python
346,Statistics
346,Excel
346,Data Visualization
346,MySQL
346,AWS
346,Machine Learning
347,SQL
347,Statistics
347,Machine Learning
347,MySQL
347,Python
348,Data Visualization
348,Tableau
348,ETL
348,AWS
348,Machine Learning
348,Power BI
349,Tableau
349,Pandas
349,Power BI
349,AWS
349,SQL
349,Excel
350,Data Visualization
350,Excel
350,Machine Learning
350,MySQL
350,Python
351,Tableau
351,AWS
351,SQL
351,Machine Learning
351,Excel
352,Tableau
352,MySQL
352,SQL
352,ETL
352,Excel
352,Statistics
353,Machine Learning
353,Pandas
353,Tableau
353,MySQL
353,Excel
353,ETL
353,AWS
354,Python
354,AWS
354,Pandas
354,MySQL
354,Machine Learning
355,Tableau
355,ETL
355,SQL
355,Excel
356,SQL
356,Statistics
356,Excel
356,AWS
356,Tableau
357,SQL
357,AWS
357,Machine Learning
357,MySQL
357,Power BI
357,Statistics
357,Python
358,Machine Learning
358,Power BI
358,Tableau
358,SQL
358,Statistics
358,Data Visualization
359,ETL
359,Tableau
359,MySQL
359,Python
359,Pandas
359,Statistics
359,SQL
360,Pandas
360,Python
360,Power BI
360,ETL
361,Python
361,MySQL
361,ETL
361,Statistics
361,AWS
361,Power BI
362,Machine Learning
362,Excel
362,MySQL
362,ETL
362,Statistics
362,Python
362,Tableau
363,Tableau
363,Excel
363,Pandas
363,Python
364,Data Visualization
364,Power BI
364,Machine Learning
364,SQL
365,Python
365,Excel
365,Machine Learning
365,SQL
365,Power BI
366,SQL
366,Python
366,ETL
366,MySQL
366,Statistics
367,Power BI
367,AWS
367,MySQL
367,Data Visualization
367,Tableau
368,SQL
368,Excel
368,Pandas
368,Data Visualization
368,Statistics
368,Power BI
369,MySQL
369,Power BI
369,ETL
369,AWS
369,Data Visualization
369,Pandas
370,MySQL
370,Data Visualization
370,Statistics
370,AWS
370,Pandas
370,Power BI
371,Data Visualization
371,Excel
371,MySQL
371,Machine Learning
372,Data Visualization
372,SQL
372,Tableau
372,Pandas
372,Power BI
372,Statistics
372,MySQL
373,Python
373,ETL
373,Statistics
373,Tableau
373,MySQL
373,SQL
373,Power BI
374,Pandas
374,Excel
374,Tableau
374,AWS
375,Pandas
375,Power BI
375,Statistics
375,Data Visualization
375,Excel
375,Tableau
376,Statistics
376,Excel
376,Python
376,SQL
377,Pandas
377,Machine Learning
377,Power BI
377,Data Visualization
377,SQL
378,MySQL
378,Pandas
378,Excel
378,Tableau
378,Data Visualization
379,Excel
379,Data Visualization
379,Tableau
379,AWS
379,Pandas
380,AWS
380,Machine Learning
380,Pandas
380,Tableau
380,Statistics
380,Power BI
381,MySQL
381,Pandas
381,Tableau
381,ETL
381,SQL
381,AWS
382,Machine Learning
382,SQL
382,Power BI
382,MySQL
383,Statistics
383,SQL
383,Data Visualization
383,Pandas
383,Python
383,AWS
384,Statistics
384,Tableau
384,Pandas
384,Machine Learning
384,AWS
384,Data Visualization
384,MySQL
385,MySQL
385,SQL
385,Pandas
385,Machine Learning
385,Tableau
385,AWS
386,ETL
386,AWS
386,SQL
386,Python
387,Python
387,MySQL
387,AWS
387,Power BI
388,Pandas
388,Data Visualization
388,AWS
388,Power BI
388,Python
388,Tableau
389,Power BI
389,Python
389,Tableau
389,Pandas
389,Statistics
390,AWS
390,Excel
390,MySQL
390,Machine Learning
390,Statistics
390,Data Visualization
390,Pandas
391,Pandas
391,MySQL
391,Tableau
391,Excel
391,Data Visualization
391,AWS
391,Power BI
392,ETL
392,AWS
392,Python
392,Tableau
392,MySQL
392,SQL
393,ETL
393,Machine Learning
393,SQL
393,Power BI
393,Data Visualization
394,AWS
394,ETL
394,MySQL
394,Pandas
394,Excel
394,Data Visualization
394,SQL
395,ETL
395,Excel
395,Tableau
395,Pandas
396,Power BI
396,MySQL
396,AWS
396,Machine Learning
397,Power BI
397,Statistics
397,Python
397,AWS
398,AWS
398,Statistics
398,SQL
398,MySQL
399,Data Visualization
399,Statistics
399,ETL
399,Excel
399,Python
400,Power BI
400,Excel
400,Statistics
400,SQL
400,ETL
401,Statistics
401,Python
401,ETL
401,AWS
401,Power BI
402,MySQL
402,Pandas
402,Excel
402,AWS
402,Data Visualization
402,Statistics
403,Data Visualization
403,Power BI
403,Tableau
403,SQL
404,Power BI
404,Python
404,MySQL
404,AWS
405,ETL
405,Python
405,AWS
405,SQL
405,Excel
405,Statistics
406,ETL
406,Pandas
406,Statistics
406,Python
406,Power BI
406,Machine Learning
406,SQL
407,Machine Learning
407,SQL
407,Power BI
407,Tableau
408,MySQL
408,Machine Learning
408,ETL
408,Excel
409,SQL
409,Data Visualization
409,Tableau
409,ETL
409,Statistics
409,Python
409,Pandas
410,SQL
410,Data Visualization
410,Excel
410,MySQL
410,Pandas
411,ETL
411,Data Visualization
411,MySQL
411,Power BI
411,Excel
412,Tableau
412,Data Visualization
412,Statistics
412,SQL
413,AWS
413,MySQL
413,Machine Learning
413,Pandas
413,Power BI
414,Tableau
414,Python
414,AWS
414,MySQL
414,Power BI
414,Statistics
414,ETL
415,AWS
415,Pandas
415,Tableau
415,Power BI
415,Excel
415,SQL
416,Statistics
416,Power BI
416,Data Visualization
416,Python
417,Machine Learning
417,Tableau
417,Excel
417,Statistics
417,SQL
418,Tableau
418,Data Visualization
418,MySQL
418,Machine Learning
419,Data Visualization
419,AWS
419,Statistics
419,ETL
419,Python
419,Pandas
419,Excel
420,Data Visualization
420,Python
420,Pandas
420,ETL
420,Machine Learning
420,Excel
421,MySQL
421,ETL
421,AWS
421,Tableau
421,Power BI
421,Machine Learning
422,Machine Learning
422,AWS
422,Pandas
422,ETL
422,Python
423,Power BI
423,Statistics
423,ETL
423,Tableau
423,Machine Learning
423,AWS
423,Python
424,MySQL
424,Machine Learning
424,Pandas
424,ETL
424,Power BI
425,ETL
425,Python
425,Data Visualization
425,Statistics
425,SQL
425,Machine Learning
426,SQL
426,Pandas
426,AWS
426,MySQL
427,SQL
427,AWS
427,ETL
427,Tableau
428,SQL
428,Excel
428,Data Visualization
428,MySQL
428,Statistics
428,Pandas
428,Power BI
429,Excel
429,Pandas
429,AWS
429,MySQL
429,Data Visualization
429,Tableau
430,Python
430,Excel
430,Machine Learning
430,Data Visualization
430,Pandas
430,MySQL
431,Power BI
431,Tableau
431,ETL
431,SQL
431,AWS
431,MySQL
432,Python
432,Pandas
432,Power BI
432,ETL
432,SQL
432,Data Visualization
433,SQL
433,ETL
433,Machine Learning
433,Excel
434,Python
434,AWS
434,Excel
434,Tableau
434,Data Visualization
435,Data Visualization
435,Power BI
435,MySQL
435,Statistics
435,ETL
436,Python
436,Statistics
436,AWS
436,SQL
436,ETL
436,Tableau
436,Data Visualization
437,Statistics
437,Pandas
437,Tableau
437,AWS
437,MySQL
437,Machine Learning
437,Data Visualization
438,Data Visualization
438,Power BI
438,Statistics
438,Python
439,Statistics
439,Power BI
439,Excel
439,SQL
439,Python
440,Tableau
440,MySQL
440,SQL
440,ETL
440,Machine Learning
441,Pandas
441,AWS
441,Machine Learning
441,ETL
442,Data Visualization
442,Pandas
442,ETL
442,Machine Learning
443,Power BI
443,Statistics
443,AWS
443,Machine Learning
443,Excel
444,ETL
444,Power BI
444,Tableau
444,Excel
444,Statistics
444,MySQL
445,ETL
445,Statistics
445,MySQL
445,Pandas
445,Tableau
446,MySQL
446,AWS
446,ETL
446,Excel
446,Pandas
446,Power BI
446,Statistics
447,ETL
447,Tableau
447,Pandas
447,Power BI
448,AWS
448,Python
448,Power BI
448,Machine Learning
449,Power BI
449,Python
449,Data Visualization
449,AWS
450,Pandas
450,Data Visualization
450,Python
450,Excel
450,Power BI
451,AWS
451,Power BI
451,SQL
451,Excel
452,Machine Learning
452,Pandas
452,ETL
452,Power BI
452,Tableau
452,AWS
453,Machine Learning
453,Excel
453,Pandas
453,Python
453,MySQL
454,SQL
454,Python
454,Statistics
454,Machine Learning
454,AWS
455,SQL
455,Machine Learning
455,Python
455,Excel
456,SQL
456,Tableau
456,Data Visualization
456,MySQL
456,Statistics
456,ETL
457,Data Visualization
457,Excel
457,Statistics
457,SQL
457,Python
457,Power BI
458,Tableau
458,ETL
458,Machine Learning
458,Python
458,AWS
458,Statistics
459,Statistics
459,ETL
459,Machine Learning
459,MySQL
459,Data Visualization
459,Excel
460,SQL
460,ETL
460,Machine Learning
460,Pandas
460,Data Visualization
461,Excel
461,MySQL
461,Statistics
461,AWS
461,Data Visualization
462,Power BI
462,Tableau
462,Data Visualization
462,ETL
462,SQL
462,Excel
462,Python
463,MySQL
463,Data Visualization
463,Pandas
463,ETL
464,Tableau
464,SQL
464,Machine Learning
464,Power BI
464,MySQL
464,Python
465,Pandas
465,Python
465,MySQL
465,SQL
465,Tableau
465,Excel
465,AWS
466,Power BI
466,Excel
466,ETL
466,Tableau
466,AWS
466,Statistics
466,Pandas
467,Power BI
467,Python
467,Statistics
467,ETL
467,SQL
467,Machine Learning
468,Pandas
468,MySQL
468,Python
468,ETL
469,Power BI
469,Excel
469,Data Visualization
469,Tableau
469,MySQL
470,Machine Learning
470,Excel
470,MySQL
470,Python
471,SQL
471,Statistics
471,Python
471,Power BI
471,Data Visualization
471,MySQL
472,AWS
472,Machine Learning
472,SQL
472,Tableau
472,MySQL
472,Data Visualization
472,ETL
473,Statistics
473,ETL
473,Pandas
473,Machine Learning
473,AWS
473,MySQL
473,Tableau
474,AWS
474,MySQL
474,Tableau
474,Machine Learning
474,Python
474,Data Visualization
475,Machine Learning
475,AWS
475,SQL
475,MySQL
475,Pandas
475,Excel
475,Tableau
476,Tableau
476,ETL
476,Machine Learning
476,Data Visualization
476,Python
476,MySQL
476,AWS
477,SQL
477,Excel
477,AWS
477,Statistics
477,Machine Learning
478,Statistics
478,Data Visualization
478,Tableau
478,SQL
478,Machine Learning
478,Pandas
478,Power BI
479,Machine Learning
479,Tableau
479,Pandas
479,SQL
479,AWS
479,MySQL
480,Excel
480,Pandas
480,Tableau
480,Data Visualization
480,AWS
480,Machine Learning
481,Data Visualization
481,Tableau
481,Power BI
481,Python
481,Excel
481,MySQL
481,Machine Learning
482,Power BI
482,Machine Learning
482,ETL
482,AWS
482,MySQL
483,MySQL
483,Statistics
483,Python
483,Pandas
483,SQL
483,Data Visualization
483,Tableau
484,Pandas
484,Machine Learning
484,Data Visualization
484,SQL
485,Tableau
485,Machine Learning
485,Power BI
485,Statistics
485,Python
485,MySQL
485,SQL
486,SQL
486,Tableau
486,Power BI
486,Python
486,AWS
486,Statistics
487,Power BI
487,Pandas
487,Excel
487,MySQL
488,ETL
488,Data Visualization
488,SQL
488,Tableau
488,Excel
488,Python
489,SQL
489,Python
489,Tableau
489,Pandas
489,Statistics
489,ETL
489,AWS
490,Machine Learning
490,SQL
490,Data Visualization
490,Statistics
491,Power BI
491,Data Visualization
491,AWS
491,Machine Learning
491,MySQL
491,ETL
492,Excel
492,Machine Learning
492,Tableau
492,Data Visualization
492,Power BI
492,AWS
492,ETL
493,SQL
493,Excel
493,Data Visualization
493,Power BI
494,Statistics
494,Tableau
494,Python
494,ETL
495,MySQL
495,Python
495,Power BI
495,AWS
495,Statistics
495,Pandas
495,ETL
496,Tableau
496,Pandas
496,MySQL
496,Statistics
496,Python
496,SQL
497,Python
497,MySQL
497,SQL
497,Tableau
497,Power BI
498,Excel
498,SQL
498,Tableau
498,Machine Learning
498,Power BI
499,Statistics
499,Data Visualization
499,Excel
499,Tableau
500,Tableau
500,Machine Learning
500,SQL
500,Statistics
500,Pandas
500,ETL
501,Machine Learning
501,Tableau
501,Excel
501,Data Visualization
502,Pandas
502,Data Visualization
502,Python
502,ETL
502,AWS
503,Tableau
503,MySQL
503,ETL
503,SQL
503,AWS
503,Power BI
504,MySQL
504,Excel
504,Power BI
504,ETL
504,Python
505,Data Visualization
505,Pandas
505,ETL
505,Excel
505,SQL
506,Tableau
506,Machine Learning
506,Excel
506,Power BI
506,Pandas
507,Excel
507,Statistics
507,Pandas
507,Tableau
508,Excel
508,SQL
508,Pandas
508,Tableau
508,Python
509,Power BI
509,SQL
509,Data Visualization
509,Python
509,AWS
510,MySQL
510,Machine Learning
510,Power BI
510,SQL
511,Machine Learning
511,Tableau
511,Power BI
511,AWS
511,Pandas
511,ETL
512,Pandas
512,Python
512,Machine Learning
512,Data Visualization
512,ETL
512,SQL
512,Excel
513,Data Visualization
513,Machine Learning
513,ETL
513,Power BI
513,Python
513,Tableau
514,Tableau
514,ETL
514,SQL
514,Excel
515,AWS
515,MySQL
515,SQL
515,Python
515,ETL
515,Excel
516,Machine Learning
516,Python
516,AWS
516,Excel
516,Tableau
516,Power BI
517,Tableau
517,Statistics
517,ETL
517,SQL
517,Pandas
518,AWS
518,Power BI
518,SQL
518,ETL
518,Excel
518,Data Visualization
519,Pandas
519,Machine Learning
519,Python
519,Data Visualization
519,MySQL
519,Power BI
520,Excel
520,SQL
520,Statistics
520,Power BI
520,AWS
521,Excel
521,AWS
521,MySQL
521,Data Visualization
522,ETL
522,Power BI
522,Data Visualization
522,Tableau
522,MySQL
522,Python
523,ETL
523,Python
523,Tableau
523,AWS
523,Machine Learning
524,Statistics
524,Tableau
524,AWS
524,Pandas
525,SQL
525,Pandas
525,Power BI
525,Statistics
525,Tableau
525,Excel
526,Power BI
526,ETL
526,Machine Learning
526,AWS
526,Pandas
526,Tableau
527,Python
527,ETL
527,Excel
527,Machine Learning
527,Tableau
527,Pandas
527,Power BI
528,Data Visualization
528,AWS
528,Power BI
528,SQL
528,MySQL
528,Excel
529,Data Visualization
529,ETL
529,Machine Learning
529,Power BI
530,Python
530,ETL
530,AWS
530,SQL
530,Excel
530,Statistics
530,MySQL
531,Tableau
531,Statistics
531,ETL
531,AWS
531,Power BI
531,Machine Learning
531,Python
532,Data Visualization
532,AWS
532,Pandas
532,MySQL
532,ETL
532,Tableau
532,SQL
533,Excel
533,AWS
533,ETL
533,MySQL
533,Statistics
534,SQL
534,ETL
534,Pandas
534,AWS
534,MySQL
535,Python
535,Pandas
535,AWS
535,ETL
535,Power BI
535,Data Visualization
535,Excel
536,Tableau
536,AWS
536,MySQL
536,Machine Learning
536,Pandas
537,Machine Learning
537,Python
537,ETL
537,Power BI
538,Statistics
538,Machine Learning
538,Tableau
538,Data Visualization
538,Excel
538,Pandas
539,Python
539,Data Visualization
539,Pandas
539,AWS
539,Tableau
539,Power BI
540,AWS
540,Data Visualization
540,Tableau
540,Excel
540,MySQL
541,Python
541,MySQL
541,Pandas
541,SQL
541,Statistics
541,Data Visualization
542,MySQL
542,Machine Learning
542,Pandas
542,ETL
542,Python
542,SQL
542,AWS
543,Statistics
543,ETL
543,AWS
543,Machine Learning
543,Tableau
543,Python
543,MySQL
544,SQL
544,Tableau
544,MySQL
544,Excel
544,Python
544,Data Visualization
544,AWS
545,Statistics
545,AWS
545,SQL
545,Machine Learning
546,MySQL
546,Excel
546,Power BI
546,Python
546,ETL
546,Statistics
546,Machine Learning
547,AWS
547,Machine Learning
547,Data Visualization
547,Statistics
547,Pandas
548,Data Visualization
548,Statistics
548,SQL
548,Python
548,AWS
549,Data Visualization
549,Pandas
549,SQL
549,Excel
549,Python
549,Power BI
550,Power BI
550,Machine Learning
550,Excel
550,ETL
551,Statistics
551,Pandas
551,MySQL
551,Power BI
551,Data Visualization
551,SQL
551,Excel
552,MySQL
552,Power BI
552,ETL
552,Statistics
552,Data Visualization
553,Excel
553,Data Visualization
553,ETL
553,Tableau
554,AWS
554,Python
554,Power BI
554,MySQL
554,Machine Learning
554,Data Visualization
555,Pandas
555,Data Visualization
555,Statistics
555,SQL
555,MySQL
555,ETL
555,Power BI
556,MySQL
556,Power BI
556,Statistics
556,Python
556,Data Visualization
557,Pandas
557,ETL
557,AWS
557,Statistics
558,Machine Learning
558,Power BI
558,Python
558,Tableau
559,Statistics
559,MySQL
559,Tableau
559,ETL
559,Machine Learning
559,Pandas
560,AWS
560,Statistics
560,Power BI
560,Pandas
560,MySQL
560,Data Visualization
561,Pandas
561,AWS
561,Statistics
561,SQL
561,Excel
561,Machine Learning
562,ETL
562,Python
562,Data Visualization
562,SQL
562,MySQL
563,Statistics
563,MySQL
563,SQL
563,Tableau
563,ETL
563,Excel
563,Data Visualization
564,MySQL
564,Data Visualization
564,AWS
564,Pandas
565,ETL
565,Machine Learning
565,Python
565,Statistics
565,Power BI
566,MySQL
566,Excel
566,Machine Learning
566,Pandas
567,Machine Learning
567,Excel
567,Pandas
567,AWS
567,Data Visualization
567,SQL
567,ETL
568,Python
568,AWS
568,MySQL
568,Pandas
568,Data Visualization
568,Excel
569,MySQL
569,Pandas
569,SQL
569,Excel
569,Power BI
570,Machine Learning
570,ETL
570,AWS
570,Statistics
571,SQL
571,Excel
571,Machine Learning
571,Pandas
571,Python
572,Machine Learning
572,Pandas
572,Python
572,AWS
573,ETL
573,Python
573,Excel
573,Power BI
574,SQL
574,MySQL
574,Statistics
574,Python
575,AWS
575,Tableau
575,Data Visualization
575,SQL
575,Python
575,ETL
575,MySQL
576,AWS
576,Excel
576,MySQL
576,Statistics
576,Tableau
577,ETL
577,Python
577,MySQL
577,Data Visualization
577,AWS
578,Excel
578,AWS
578,Statistics
578,Pandas
578,Tableau
578,Power BI
579,AWS
579,Machine Learning
579,Power BI
579,SQL
579,Python
579,Data Visualization
579,ETL
580,Python
580,Statistics
580,Pandas
580,MySQL
580,ETL
580,Power BI
580,AWS
581,Data Visualization
581,ETL
581,Excel
581,Power BI
581,Tableau
581,Pandas
582,Data Visualization
582,ETL
582,MySQL
582,Python
582,AWS
582,Excel
583,Tableau
583,MySQL
583,SQL
583,ETL
584,Power BI
584,MySQL
584,Data Visualization
584,SQL
584,Machine Learning
584,Python
584,Pandas
585,SQL
585,Data Visualization
585,AWS
585,Python
585,Pandas
586,Excel
586,MySQL
586,Pandas
586,ETL
586,Python
586,Power BI
587,MySQL
587,Excel
587,SQL
587,Data Visualization
587,Python
587,Pandas
587,ETL
588,Pandas
588,SQL
588,Data Visualization
588,Excel
589,Tableau
589,Pandas
589,SQL
589,Power BI
589,MySQL
589,AWS
590,Pandas
590,Statistics
590,Excel
590,Power BI
590,MySQL
590,Tableau
590,Data Visualization
591,ETL
591,Machine Learning
591,Data Visualization
591,MySQL
592,Pandas
592,Data Visualization
592,ETL
592,SQL
592,Tableau
592,Machine Learning
593,ETL
593,Power BI
593,MySQL
593,Tableau
593,Statistics
593,Machine Learning
594,Statistics
594,Tableau
594,Pandas
594,AWS
594,SQL
594,MySQL
595,Pandas
595,SQL
595,Python
595,ETL
595,Excel
595,MySQL
596,AWS
596,ETL
596,MySQL
596,SQL
597,SQL
597,Power BI
597,Statistics
597,Tableau
597,Pandas
597,AWS
597,ETL
598,Pandas
598,MySQL
598,Data Visualization
598,Machine Learning
598,Power BI
598,Excel
598,SQL
599,Statistics
599,Excel
599,Power BI
599,Pandas
599,AWS
599,SQL
599,ETL
600,Excel
600,Data Visualization
600,ETL
600,Pandas
600,SQL
601,Statistics
601,Python
601,Power BI
601,Machine Learning
602,Python
602,Power BI
602,Data Visualization
602,AWS
602,Pandas
602,MySQL
602,Machine Learning
603,Python
603,ETL
603,Tableau
603,Statistics
603,Data Visualization
603,Pandas
603,Machine Learning
604,MySQL
604,SQL
604,Power BI
604,AWS
604,Data Visualization
604,Pandas
605,SQL
605,Tableau
605,Statistics
605,Pandas
605,Excel
605,Power BI
606,Data Visualization
606,Power BI
606,SQL
606,Tableau
607,Tableau
607,AWS
607,Machine Learning
607,Excel
607,Python
608,SQL
608,Python
608,AWS
608,Statistics
608,Excel
608,Tableau
609,Excel
609,MySQL
609,SQL
609,ETL
610,Python
610,Tableau
610,Excel
610,MySQL
610,Power BI
611,Python
611,Machine Learning
611,MySQL
611,Tableau
611,Statistics
611,AWS
611,ETL
612,MySQL
612,AWS
612,Machine Learning
612,Statistics
612,Data Visualization
612,Python
612,Power BI
613,MySQL
613,ETL
613,SQL
613,Power BI
613,Machine Learning
613,Python
614,Power BI
614,Excel
614,AWS
614,SQL
614,Data Visualization
614,Statistics
614,Python
615,Python
615,Excel
615,Machine Learning
615,MySQL
615,AWS
615,ETL
615,SQL
616,Tableau
616,SQL
616,Power BI
616,AWS
617,Data Visualization
617,Statistics
617,Excel
617,MySQL
618,Statistics
618,MySQL
618,ETL
618,Pandas
618,Machine Learning
618,Power BI
618,Python
619,Excel
619,Power BI
619,AWS
619,Python
619,Statistics
620,ETL
620,MySQL
620,Python
620,Pandas
620,SQL
620,Machine Learning
620,AWS
621,Excel
621,Python
621,Statistics
621,Power BI
621,AWS
622,Data Visualization
622,ETL
622,Pandas
622,MySQL
623,Statistics
623,Pandas
623,SQL
623,MySQL
623,AWS
623,Data Visualization
623,Power BI
624,Excel
624,Power BI
624,Machine Learning
624,Pandas
624,Tableau
624,Python
625,SQL
625,Pandas
625,Machine Learning
625,Python
625,Tableau
625,MySQL
626,SQL
626,Statistics
626,MySQL
626,Pandas
626,AWS
627,Python
627,Pandas
627,Excel
627,Data Visualization
628,Pandas
628,Data Visualization
628,Machine Learning
628,Excel
628,Statistics
628,SQL
629,SQL
629,Machine Learning
629,Power BI
629,Data Visualization
629,Statistics
630,AWS
630,Tableau
630,MySQL
630,Machine Learning
631,Pandas
631,Tableau
631,Statistics
631,SQL
631,Excel
631,AWS
631,Power BI
632,Machine Learning
632,Data Visualization
632,Python
632,Tableau
633,Pandas
633,Excel
633,Python
633,Statistics
633,MySQL
633,ETL
634,Python
634,ETL
634,Tableau
634,Machine Learning
634,AWS
634,Statistics
634,Power BI
635,Tableau
635,MySQL
635,Machine Learning
635,AWS
636,SQL
636,MySQL
636,Power BI
636,Machine Learning
636,Python
637,Tableau
637,Excel
637,Pandas
637,MySQL
637,Python
637,Machine Learning
638,MySQL
638,Data Visualization
638,ETL
638,Pandas
638,Python
638,Power BI
639,AWS
639,Tableau
639,Excel
639,Python
640,SQL
640,MySQL
640,ETL
640,Data Visualization
640,Machine Learning
641,MySQL
641,SQL
641,ETL
641,Python
642,Statistics
642,Excel
642,AWS
642,Data Visualization
642,Python
643,Python
643,AWS
643,Power BI
643,MySQL
644,AWS
644,MySQL
644,Python
644,ETL
644,Tableau
644,Excel
644,Statistics
645,AWS
645,Power BI
645,Tableau
645,Data Visualization
645,SQL
645,Pandas
646,Python
646,ETL
646,Excel
646,Machine Learning
647,Power BI
647,Data Visualization
647,Statistics
647,MySQL
647,Machine Learning
647,Tableau
647,AWS
648,AWS
648,Machine Learning
648,Excel
648,Power BI
648,Data Visualization
648,ETL
648,Python
649,Power BI
649,MySQL
649,ETL
649,SQL
649,Statistics
650,AWS
650,Statistics
650,Pandas
650,ETL
650,Data Visualization
651,Tableau
651,ETL
651,Power BI
651,Pandas
652,Pandas
652,Excel
652,Tableau
652,AWS
652,Python
652,SQL
652,ETL
653,AWS
653,Pandas
653,SQL
653,Tableau
654,SQL
654,MySQL
654,Excel
654,AWS
655,Power BI
655,SQL
655,AWS
655,MySQL
655,Tableau
655,Machine Learning
655,ETL
656,MySQL
656,SQL
656,Python
656,Tableau
656,Power BI
657,AWS
657,Pandas
657,SQL
657,MySQL
657,ETL
657,Power BI
657,Excel
658,Excel
658,Data Visualization
658,Statistics
658,Machine Learning
658,Power BI
659,SQL
659,Excel
659,Pandas
659,Statistics
660,Statistics
660,Tableau
660,AWS
660,Machine Learning
660,Excel
660,SQL
661,Pandas
661,Statistics
661,Tableau
661,Machine Learning
661,Excel
661,ETL
662,SQL
662,Tableau
662,ETL
662,Python
662,MySQL
662,AWS
663,Tableau
663,MySQL
663,SQL
663,Statistics
663,Excel
664,Data Visualization
664,Pandas
664,Excel
664,Tableau
664,ETL
664,MySQL
664,Python
665,ETL
665,Power BI
665,SQL
665,Tableau
665,Pandas
665,Python
666,Excel
666,Pandas
666,AWS
666,Statistics
666,MySQL
667,Tableau
667,Python
667,Machine Learning
667,Data Visualization
667,ETL
667,AWS
667,SQL
668,AWS
668,Machine Learning
668,ETL
668,Statistics
668,MySQL
669,Data Visualization
669,Machine Learning
669,Statistics
669,SQL
669,Pandas
670,Tableau
670,Statistics
670,ETL
670,Data Visualization
670,SQL
670,Pandas
671,Data Visualization
671,Power BI
671,Pandas
671,ETL
671,SQL
672,SQL
672,Machine Learning
672,Excel
672,ETL
673,Pandas
673,SQL
673,AWS
673,Data Visualization
673,MySQL
674,ETL
674,Excel
674,Tableau
674,Pandas
674,SQL
675,Python
675,MySQL
675,Pandas
675,SQL
675,Excel
675,ETL
676,AWS
676,Power BI
676,Statistics
676,MySQL
676,ETL
677,Python
677,MySQL
677,Excel
677,Power BI
677,Statistics
677,SQL
678,Pandas
678,Data Visualization
678,AWS
678,Tableau
678,MySQL
678,SQL
678,Statistics
679,Python
679,Excel
679,Tableau
679,Power BI
679,Data Visualization
679,AWS
679,Machine Learning
680,MySQL
680,Excel
680,Python
680,AWS
680,Tableau
681,Pandas
681,AWS
681,Machine Learning
681,Statistics
681,Python
681,Tableau
682,MySQL
682,Machine Learning
682,Pandas
682,Data Visualization
682,Statistics
682,Python
683,ETL
683,Excel
683,Python
683,MySQL
683,Statistics
684,ETL
684,AWS
684,Data Visualization
684,Tableau
684,Excel
684,MySQL
684,Machine Learning
685,Tableau
685,Data Visualization
685,Excel
685,Python
686,Data Visualization
686,Tableau
686,AWS
686,SQL
686,Power BI
686,MySQL
687,Excel
687,Tableau
687,ETL
687,AWS
688,Pandas
688,ETL
688,Machine Learning
688,SQL
688,Excel
688,Statistics
689,ETL
689,Python
689,Tableau
689,Statistics
690,Data Visualization
690,Statistics
690,Excel
690,Power BI
690,AWS
691,Data Visualization
691,Tableau
691,Machine Learning
691,ETL
691,Power BI
691,Statistics
691,MySQL
692,Data Visualization
692,Python
692,Excel
692,MySQL
692,Tableau
693,Python
693,Statistics
693,Excel
693,Pandas
693,Power BI
693,ETL
694,Excel
694,Machine Learning
694,Pandas
694,Statistics
694,Python
694,AWS
694,ETL
695,ETL
695,SQL
695,MySQL
695,Python
695,Machine Learning
695,Data Visualization
695,AWS
696,Statistics
696,MySQL
696,Data Visualization
696,Tableau
696,Power BI
697,Python
697,Power BI
697,Tableau
697,Machine Learning
698,MySQL
698,Pandas
698,SQL
698,Data Visualization
698,ETL
699,MySQL
699,SQL
699,AWS
699,Machine Learning
700,Data Visualization
700,Excel
700,Python
700,Power BI
700,SQL
700,MySQL
701,MySQL
701,Python
701,Statistics
701,Pandas
702,MySQL
702,Excel
702,Tableau
702,Power BI
702,Data Visualization
703,Power BI
703,Data Visualization
703,ETL
703,Statistics
703,Pandas
703,AWS
703,MySQL
704,Excel
704,Python
704,Data Visualization
704,Statistics
704,Pandas
705,Data Visualization
705,Tableau
705,SQL
705,Statistics
705,Python
705,Excel
705,ETL
706,Excel
706,Data Visualization
706,Python
706,Tableau
706,AWS
706,Machine Learning
706,Statistics
707,Excel
707,Tableau
707,Pandas
707,Machine Learning
707,Python
707,AWS
708,MySQL
708,ETL
708,Python
708,Tableau
708,Pandas
709,Statistics
709,Excel
709,Python
709,Data Visualization
709,ETL
709,MySQL
709,AWS
710,Data Visualization
710,Machine Learning
710,MySQL
710,Power BI
710,Python
711,SQL
711,MySQL
711,Statistics
711,Tableau
711,ETL
711,Machine Learning
711,Python
712,ETL
712,Python
712,MySQL
712,Excel
713,Machine Learning
713,Data Visualization
713,Statistics
713,SQL
713,ETL
713,Python
713,Tableau
714,Machine Learning
714,SQL
714,AWS
714,Power BI
715,MySQL
715,AWS
715,Machine Learning
715,Excel
716,Machine Learning
716,MySQL
716,Power BI
716,SQL
716,AWS
717,Power BI
717,AWS
717,ETL
717,Data Visualization
718,Pandas
718,MySQL
718,Python
718,Excel
718,AWS
718,Statistics
719,Excel
719,Python
719,Pandas
719,ETL
719,Data Visualization
719,AWS
720,MySQL
720,Machine Learning
720,Power BI
720,ETL
721,Excel
721,Tableau
721,Statistics
721,AWS
721,Pandas
721,Python
722,Pandas
722,Excel
722,Python
722,AWS
722,ETL
722,SQL
723,Data Visualization
723,Statistics
723,MySQL
723,Power BI
723,Machine Learning
724,Excel
724,Tableau
724,AWS
724,Power BI
725,Statistics
725,Machine Learning
725,SQL
725,MySQL
726,ETL
726,Power BI
726,Machine Learning
726,Pandas
726,Excel
727,MySQL
727,Machine Learning
727,Excel
727,Tableau
727,SQL
727,Data Visualization
727,ETL
728,ETL
728,Excel
728,Python
728,Machine Learning
728,MySQL
728,AWS
728,Data Visualization
729,AWS
729,MySQL
729,Tableau
729,Power BI
729,Python
729,Data Visualization
730,SQL
730,Excel
730,ETL
730,Python
730,MySQL
730,Power BI
730,Data Visualization
731,Power BI
731,Statistics
731,Tableau
731,AWS
731,SQL
732,Excel
732,ETL
732,AWS
732,Power BI
732,SQL
732,MySQL
732,Statistics
733,Python
733,Statistics
733,Pandas
733,Tableau
733,AWS
733,ETL
733,SQL
734,MySQL
734,Statistics
734,ETL
734,Pandas
734,Excel
735,SQL
735,Data Visualization
735,Statistics
735,MySQL
735,Pandas
735,ETL
735,Python
736,Power BI
736,Statistics
736,Excel
736,Machine Learning
737,Python
737,SQL
737,ETL
737,Statistics
737,Excel
737,MySQL
738,Data Visualization
738,Pandas
738,Power BI
738,MySQL
738,AWS
739,SQL
739,Power BI
739,Tableau
739,ETL
739,MySQL
739,Statistics
740,ETL
740,Tableau
740,AWS
740,Data Visualization
740,Machine Learning
740,MySQL
740,Pandas
741,Statistics
741,AWS
741,ETL
741,Excel
741,SQL
741,Data Visualization
741,Python
742,Pandas
742,MySQL
742,Machine Learning
742,Python
743,ETL
743,Python
743,Power BI
743,Statistics
743,Pandas
743,AWS
743,Machine Learning
744,AWS
744,Machine Learning
744,SQL
744,Tableau
744,Python
744,MySQL
745,ETL
745,AWS
745,Statistics
745,Machine Learning
745,Excel
745,SQL
745,MySQL
746,Power BI
746,Excel
746,SQL
746,MySQL
746,Tableau
746,Machine Learning
746,ETL
747,AWS
747,SQL
747,Statistics
747,Data Visualization
747,MySQL
748,MySQL
748,Excel
748,Tableau
748,Machine Learning
749,Machine Learning
749,Python
749,Excel
749,Power BI
749,SQL
749,AWS
749,MySQL
750,AWS
750,Tableau
750,Python
750,ETL
750,Excel
750,MySQL
750,SQL
751,Pandas
751,AWS
751,Machine Learning
751,ETL
751,SQL
751,Excel
752,Pandas
752,Machine Learning
752,Tableau
752,Statistics
752,AWS
752,Data Visualization
753,Tableau
753,Python
753,Statistics
753,ETL
753,MySQL
753,Machine Learning
753,Power BI
754,Statistics
754,Power BI
754,ETL
754,Excel
754,AWS
754,Python
755,Machine Learning
755,Python
755,Data Visualization
755,Statistics
755,Pandas
755,Power BI
755,Tableau
756,AWS
756,Tableau
756,Power BI
756,Statistics
757,Python
757,AWS
757,Pandas
757,Tableau
757,ETL
758,Python
758,Tableau
758,Excel
758,Data Visualization
758,Power BI
758,SQL
758,ETL
759,Python
759,MySQL
759,Power BI
759,AWS
760,ETL
760,SQL
760,Pandas
760,AWS
761,Pandas
761,ETL
761,Data Visualization
761,Excel
762,Power BI
762,Pandas
762,Machine Learning
762,ETL
762,MySQL
762,Python
763,Statistics
763,SQL
763,Power BI
763,MySQL
763,AWS
764,SQL
764,Excel
764,Data Visualization
764,Machine Learning
765,Statistics
765,MySQL
765,Python
765,AWS
765,Excel
766,MySQL
766,Python
766,AWS
766,Tableau
766,Power BI
766,Excel
766,SQL
767,Python
767,Excel
767,Machine Learning
767,Data Visualization
767,Pandas
767,MySQL
767,Statistics
768,SQL
768,AWS
768,Pandas
768,Tableau
768,ETL
768,Machine Learning
769,MySQL
769,ETL
769,Data Visualization
769,Pandas
770,Power BI
770,Statistics
770,MySQL
770,ETL
770,Tableau
770,SQL
771,Power BI
771,Python
771,Excel
771,Pandas
771,AWS
772,MySQL
772,Python
772,Machine Learning
772,SQL
773,Excel
773,AWS
773,Power BI
773,Statistics
773,MySQL
773,Data Visualization
773,Pandas
774,AWS
774,Excel
774,MySQL
774,Pandas
774,Power BI
774,Python
775,Python
775,Power BI
775,MySQL
775,SQL
775,Statistics
775,Tableau
776,Power BI
776,Pandas
776,SQL
776,ETL
776,Excel
776,Machine Learning
776,Data Visualization
777,Data Visualization
777,AWS
777,Excel
777,Python
778,Machine Learning
778,ETL
778,MySQL
778,Data Visualization
778,SQL
779,Data Visualization
779,SQL
779,AWS
779,Tableau
779,Excel
780,Tableau
780,Pandas
780,Data Visualization
780,Python
780,Statistics
780,ETL
781,Pandas
781,Tableau
781,Machine Learning
781,Python
782,MySQL
782,Machine Learning
782,Statistics
782,Pandas
782,Power BI
782,AWS
782,Data Visualization
783,Power BI
783,Data Visualization
783,Tableau
783,MySQL
783,Machine Learning
783,SQL
784,Machine Learning
784,Excel
784,Statistics
784,Data Visualization
784,MySQL
784,SQL
785,Data Visualization
785,SQL
785,Statistics
785,MySQL
785,ETL
786,Tableau
786,Data Visualization
786,ETL
786,SQL
787,Python
787,AWS
787,Data Visualization
787,Excel
787,SQL
787,Tableau
788,Power BI
788,ETL
788,Pandas
788,SQL
788,MySQL
788,Machine Learning
789,ETL
789,AWS
789,Excel
789,Python
789,Tableau
790,Python
790,Machine Learning
790,Statistics
790,AWS
790,MySQL
790,ETL
791,Power BI
791,SQL
791,Data Visualization
791,Machine Learning
791,Tableau
791,Excel
792,Machine Learning
792,AWS
792,Python
792,ETL
792,MySQL
792,Pandas
792,Statistics
793,Data Visualization
793,Excel
793,Power BI
793,AWS
793,Pandas
793,ETL
794,Statistics
794,Power BI
794,Python
794,Excel
795,Power BI
795,Python
795,Pandas
795,Tableau
795,Statistics
795,Machine Learning
795,SQL
796,Machine Learning
796,Excel
796,Data Visualization
796,MySQL
797,Statistics
797,Data Visualization
797,Tableau
797,ETL
798,Excel
798,Python
798,AWS
798,Machine Learning
798,Pandas
798,MySQL
798,ETL
799,Pandas
799,Tableau
799,MySQL
799,Power BI
799,Data Visualization
800,Python
800,Statistics
800,SQL
800,AWS
800,MySQL
800,Excel
800,ETL
801,Python
801,Pandas
801,ETL
801,MySQL
801,Data Visualization
802,ETL
802,Statistics
802,Tableau
802,Pandas
803,Machine Learning
803,Excel
803,Python
803,Data Visualization
803,AWS
804,Python
804,AWS
804,Machine Learning
804,MySQL
805,SQL
805,Pandas
805,AWS
805,Data Visualization
805,Machine Learning
805,ETL
806,Pandas
806,Power BI
806,AWS
806,MySQL
806,Data Visualization
806,Statistics
807,Pandas
807,Tableau
807,Data Visualization
807,Statistics
807,MySQL
807,Excel
807,ETL
808,SQL
808,Data Visualization
808,Machine Learning
808,Pandas
809,Data Visualization
809,Python
809,ETL
809,Tableau
810,ETL
810,Machine Learning
810,Power BI
810,AWS
810,Statistics
811,Power BI
811,Python
811,SQL
811,ETL
811,Pandas
811,Excel
811,Machine Learning
812,Statistics
812,AWS
812,Tableau
812,MySQL
812,Machine Learning
812,ETL
812,Data Visualization
813,ETL
813,Data Visualization
813,Excel
813,Power BI
813,Statistics
813,AWS
814,AWS
814,MySQL
814,SQL
814,Pandas
814,Statistics
814,Machine Learning
814,Data Visualization
815,Excel
815,Statistics
815,Power BI
815,AWS
815,Data Visualization
816,ETL
816,Statistics
816,Tableau
816,SQL
817,ETL
817,Statistics
817,AWS
817,Python
817,Machine Learning
818,Excel
818,SQL
818,Tableau
818,Power BI
818,Statistics
819,Machine Learning
819,SQL
819,Pandas
819,Excel
820,Statistics
820,Tableau
820,SQL
820,AWS
820,ETL
820,Data Visualization
821,Pandas
821,SQL
821,MySQL
821,Tableau
822,Python
822,MySQL
822,Tableau
822,Pandas
823,MySQL
823,Tableau
823,ETL
823,Data Visualization
823,Pandas
824,AWS
824,Statistics
824,Python
824,Power BI
824,MySQL
825,AWS
825,Power BI
825,Python
825,Pandas
826,Tableau
826,Pandas
826,AWS
826,Machine Learning
826,SQL
826,Data Visualization
827,AWS
827,Data Visualization
827,Excel
827,Power BI
827,Statistics
827,MySQL
828,Python
828,ETL
828,Excel
828,Tableau
829,SQL
829,Power BI
829,Pandas
829,MySQL
830,Pandas
830,Statistics
830,AWS
830,Power BI
830,Machine Learning
830,Python
831,ETL
831,Excel
831,AWS
831,Power BI
832,SQL
832,Pandas
832,Tableau
832,Power BI
832,AWS
832,ETL
832,Python
833,AWS
833,MySQL
833,Statistics
833,Tableau
833,Machine Learning
833,Data Visualization
834,Data Visualization
834,ETL
834,MySQL
834,Excel
834,Tableau
835,AWS
835,Pandas
835,Data Visualization
835,SQL
835,Python
835,MySQL
836,Excel
836,ETL
836,Power BI
836,Python
836,Machine Learning
836,Data Visualization
837,ETL
837,Python
837,Pandas
837,SQL
837,Excel
837,Power BI
838,Excel
838,ETL
838,AWS
838,MySQL
838,Tableau
839,Power BI
839,Machine Learning
839,Excel
839,Pandas
839,SQL
839,MySQL
840,Pandas
840,Machine Learning
840,Power BI
840,Statistics
840,AWS
841,Data Visualization
841,Python
841,Power BI
841,Tableau
841,Excel
841,SQL
842,ETL
842,AWS
842,Statistics
842,Excel
842,SQL
842,Pandas
842,Power BI
843,SQL
843,Machine Learning
843,Pandas
843,Data Visualization
843,MySQL
844,Pandas
844,Data Visualization
844,Machine Learning
844,MySQL
845,MySQL
845,Data Visualization
845,ETL
845,Tableau
845,Python
846,Data Visualization
846,Pandas
846,Python
846,Statistics
846,SQL
846,Machine Learning
846,MySQL
847,AWS
847,Excel
847,Power BI
847,SQL
847,Pandas
848,Python
848,Tableau
848,MySQL
848,SQL
848,AWS
848,Excel
848,Pandas
849,Power BI
849,SQL
849,Data Visualization
849,Statistics
850,Power BI
850,SQL
850,Pandas
850,Machine Learning
851,ETL
851,Python
851,Power BI
851,Statistics
852,Pandas
852,Python
852,ETL
852,AWS
852,SQL
852,Tableau
853,Machine Learning
853,Statistics
853,SQL
853,AWS
853,Excel
853,MySQL
853,Tableau
854,SQL
854,Power BI
854,Excel
854,AWS
854,Machine Learning
855,Statistics
855,AWS
855,MySQL
855,Data Visualization
856,MySQL
856,Data Visualization
856,Pandas
856,Power BI
857,MySQL
857,Machine Learning
857,SQL
857,Python
857,Data Visualization
857,Excel
857,Pandas
858,Statistics
858,Machine Learning
858,Data Visualization
858,ETL
858,AWS
858,Excel
858,Tableau
859,AWS
859,Tableau
859,Excel
859,Python
859,ETL
860,Statistics
860,Power BI
860,Data Visualization
860,SQL
860,Excel
860,Machine Learning
861,Pandas
861,MySQL
861,Data Visualization
861,Power BI
862,Statistics
862,Excel
862,SQL
862,Power BI
862,Data Visualization
862,Tableau
862,ETL
863,ETL
863,Pandas
863,Excel
863,Power BI
863,Tableau
864,Tableau
864,SQL
864,Excel
864,Data Visualization
864,Power BI
864,Machine Learning
864,Statistics
865,Data Visualization
865,Statistics
865,Python
865,Excel
865,MySQL
866,ETL
866,Tableau
866,MySQL
866,Python
866,Power BI
866,Statistics
867,ETL
867,Statistics
867,AWS
867,Machine Learning
868,AWS
868,SQL
868,Tableau
868,Power BI
868,ETL
868,Machine Learning
868,Statistics
869,Tableau
869,Statistics
869,MySQL
869,Data Visualization
870,SQL
870,MySQL
870,Statistics
870,Excel
870,Machine Learning
870,Python
870,Power BI
871,Data Visualization
871,Statistics
871,SQL
871,Excel
871,ETL
871,MySQL
872,SQL
872,Pandas
872,Machine Learning
872,Data Visualization
872,AWS
873,Pandas
873,Statistics
873,AWS
873,Data Visualization
874,Power BI
874,AWS
874,ETL
874,Machine Learning
874,Python
874,MySQL
875,Statistics
875,Pandas
875,Power BI
875,Python
876,Excel
876,MySQL
876,Tableau
876,Machine Learning
876,Data Visualization
876,ETL
876,Pandas
877,Python
877,ETL
877,Statistics
877,AWS
878,Machine Learning
878,Data Visualization
878,Statistics
878,SQL
878,Pandas
878,Power BI
878,Python
879,MySQL
879,Tableau
879,Power BI
879,Pandas
880,Excel
880,SQL
880,Pandas
880,Tableau
881,Power BI
881,Excel
881,Python
881,MySQL
882,MySQL
882,Excel
882,AWS
882,Machine Learning
883,Tableau
883,ETL
883,Pandas
883,AWS
883,Excel
883,MySQL
884,ETL
884,Pandas
884,Excel
884,Statistics
885,Pandas
885,Excel
885,ETL
885,Python
885,Machine Learning
886,Data Visualization
886,Statistics
886,Power BI
886,Excel
886,MySQL
887,MySQL
887,Machine Learning
887,ETL
887,Statistics
887,Data Visualization
887,Power BI
887,Tableau
888,Excel
888,SQL
888,Power BI
888,Machine Learning
888,Tableau
889,Pandas
889,SQL
889,ETL
889,MySQL
889,Machine Learning
889,Statistics
890,MySQL
890,Tableau
890,Statistics
890,Pandas
891,Machine Learning
891,Python
891,SQL
891,Pandas
891,Excel
892,Machine Learning
892,MySQL
892,SQL
892,Power BI
892,Data Visualization
892,Statistics
893,Python
893,Pandas
893,AWS
893,Excel
894,Python
894,Pandas
894,Machine Learning
894,Data Visualization
894,Excel
894,Statistics
894,SQL
895,Tableau
895,AWS
895,Statistics
895,Data Visualization
895,MySQL
895,Machine Learning
896,Machine Learning
896,Power BI
896,Tableau
896,SQL
897,Machine Learning
897,MySQL
897,Statistics
897,SQL
898,Data Visualization
898,Excel
898,Pandas
898,Power BI
899,Tableau
899,Pandas
899,MySQL
899,Machine Learning
900,AWS
900,Pandas
900,Python
900,Tableau
901,MySQL
901,Statistics
901,AWS
901,Python
901,Tableau
901,ETL
901,Pandas
902,Excel
902,Data Visualization
902,AWS
902,Machine Learning
902,Statistics
902,Power BI
903,AWS
903,Data Visualization
903,ETL
903,SQL
903,MySQL
903,Power BI
903,Python
904,SQL
904,Tableau
904,MySQL
904,Power BI
904,Machine Learning
905,Tableau
905,Power BI
905,SQL
905,AWS
906,AWS
906,Data Visualization
906,Python
906,Power BI
907,AWS
907,Pandas
907,MySQL
907,Python
907,Power BI
908,MySQL
908,Machine Learning
908,Python
908,Tableau
909,AWS
909,MySQL
909,Data Visualization
909,Statistics
909,Machine Learning
910,Pandas
910,Python
910,Machine Learning
910,Tableau
911,ETL
911,Python
911,SQL
911,Power BI
911,Excel
912,MySQL
912,Power BI
912,Pandas
912,Python
912,Machine Learning
912,ETL
912,Excel
913,AWS
913,MySQL
913,Excel
913,Data Visualization
913,Pandas
914,Pandas
914,Machine Learning
914,AWS
914,Tableau
915,AWS
915,ETL
915,SQL
915,Machine Learning
916,MySQL
916,SQL
916,Machine Learning
916,Statistics
917,Statistics
917,ETL
917,MySQL
917,Machine Learning
917,Excel
917,AWS
918,ETL
918,Machine Learning
918,Tableau
918,SQL
918,AWS
918,Power BI
918,MySQL
919,Machine Learning
919,MySQL
919,Excel
919,Python
919,Power BI
920,Excel
920,Statistics
920,Power BI
920,SQL
920,MySQL
920,Python
921,Tableau
921,Data Visualization
921,AWS
921,Pandas
921,Python
921,MySQL
922,Pandas
922,Tableau
922,SQL
922,Data Visualization
922,Power BI
923,Excel
923,Statistics
923,Data Visualization
923,Tableau
923,ETL
923,Power BI
924,SQL
924,Pandas
924,MySQL
924,Machine Learning
924,AWS
924,Power BI
925,Statistics
925,SQL
925,AWS
925,Pandas
925,Data Visualization
925,Machine Learning
925,ETL
926,Pandas
926,Tableau
926,AWS
926,SQL
926,Excel
927,Excel
927,Pandas
927,ETL
927,Statistics
927,Machine Learning
927,Tableau
927,Data Visualization
928,SQL
928,AWS
928,Python
928,Power BI
928,ETL
928,Pandas
928,Tableau
929,AWS
929,MySQL
929,Pandas
929,Machine Learning
929,ETL
930,Python
930,Data Visualization
930,Tableau
930,MySQL
930,AWS
930,Machine Learning
931,AWS
931,Tableau
931,MySQL
931,SQL
931,Pandas
932,Statistics
932,SQL
932,ETL
932,Pandas
932,AWS
933,AWS
933,Power BI
933,Tableau
933,Machine Learning
934,Statistics
934,Machine Learning
934,Tableau
934,SQL
934,Data Visualization
935,Statistics
935,Data Visualization
935,Tableau
935,Python
935,Power BI
935,MySQL
935,Machine Learning
936,Power BI
936,SQL
936,Machine Learning
936,Pandas
936,AWS
936,MySQL
937,ETL
937,MySQL
937,Python
937,Machine Learning
937,SQL
938,Statistics
938,Tableau
938,ETL
938,MySQL
938,Data Visualization
938,Power BI
938,AWS
939,Tableau
939,Data Visualization
939,Pandas
939,Statistics
939,MySQL
940,Power BI
940,Pandas
940,Machine Learning
940,ETL
941,Tableau
941,Machine Learning
941,Pandas
941,MySQL
941,AWS
942,Power BI
942,Machine Learning
942,Excel
942,SQL
942,ETL
942,AWS
943,Python
943,MySQL
943,Tableau
943,Data Visualization
943,Pandas
943,Statistics
943,Machine Learning
944,Machine Learning
944,ETL
944,Excel
944,MySQL
945,Excel
945,Statistics
945,Tableau
945,Data Visualization
946,ETL
946,Python
946,Power BI
946,Pandas
946,SQL
946,Statistics
947,Excel
947,Data Visualization
947,SQL
947,Power BI
947,Machine Learning
947,Statistics
948,SQL
948,Tableau
948,Statistics
948,ETL
948,Machine Learning
948,MySQL
949,Tableau
949,Statistics
949,Python
949,ETL
950,Excel
950,SQL
950,Machine Learning
950,Tableau
950,AWS
950,Pandas
950,Statistics
951,AWS
951,Python
951,Tableau
951,SQL
951,Data Visualization
952,Tableau
952,Pandas
952,Excel
952,MySQL
952,AWS
952,Statistics
952,SQL
953,Tableau
953,SQL
953,Statistics
953,Data Visualization
953,ETL
954,Pandas
954,ETL
954,Data Visualization
954,Excel
954,Power BI
955,Power BI
955,SQL
955,Statistics
955,Python
955,Excel
955,Pandas
955,Tableau
956,Tableau
956,Statistics
956,Pandas
956,AWS
956,Excel
956,Machine Learning
957,Tableau
957,Power BI
957,SQL
957,Pandas
957,Python
958,AWS
958,Tableau
958,Excel
958,Pandas
958,Statistics
958,Power BI
959,Power BI
959,Data Visualization
959,Pandas
959,SQL
959,ETL
960,ETL
960,Power BI
960,SQL
960,MySQL
960,Statistics
960,Excel
960,Machine Learning
961,Data Visualization
961,ETL
961,Machine Learning
961,MySQL
961,Pandas
962,MySQL
962,Excel
962,Tableau
962,Python
962,Data Visualization
962,Statistics
963,MySQL
963,SQL
963,AWS
963,ETL
963,Data Visualization
963,Python
963,Pandas
964,Statistics
964,Data Visualization
964,Excel
964,Power BI
964,SQL
964,Tableau
964,MySQL
965,ETL
965,Tableau
965,Machine Learning
965,Power BI
966,ETL
966,Statistics
966,Data Visualization
966,Python
966,Power BI
966,Pandas
966,AWS
967,Machine Learning
967,AWS
967,ETL
967,Power BI
967,Pandas
967,Python
968,Data Visualization
968,Excel
968,Pandas
968,Tableau
968,Machine Learning
968,Python
969,Pandas
969,AWS
969,Machine Learning
969,Python
970,AWS
970,Pandas
970,Power BI
970,Statistics
970,ETL
970,SQL
971,ETL
971,Pandas
971,Machine Learning
971,SQL
971,Power BI
971,Statistics
972,SQL
972,ETL
972,Tableau
972,Power BI
972,Machine Learning
972,MySQL
972,Pandas
973,Tableau
973,Power BI
973,Python
973,AWS
973,Pandas
974,Power BI
974,Statistics
974,Excel
974,ETL
974,Pandas
974,Tableau
975,MySQL
975,Power BI
975,Machine Learning
975,AWS
975,Excel
975,SQL
976,Python
976,Machine Learning
976,SQL
976,Pandas
976,Statistics
976,AWS
976,Excel
977,Power BI
977,MySQL
977,ETL
977,Pandas
977,SQL
977,Data Visualization
977,AWS
978,Tableau
978,Power BI
978,MySQL
978,Pandas
978,Data Visualization
978,Statistics
978,SQL
979,Pandas
979,Excel
979,Python
979,Power BI
979,Tableau
979,SQL
980,Excel
980,Python
980,Statistics
980,Power BI
980,Machine Learning
980,MySQL
981,Data Visualization
981,SQL
981,Power BI
981,AWS
981,Machine Learning
981,MySQL
981,Pandas
982,Python
982,Machine Learning
982,MySQL
982,Statistics
982,AWS
983,MySQL
983,Machine Learning
983,Tableau
983,SQL
983,AWS
983,Python
983,ETL
984,Power BI
984,Excel
984,Machine Learning
984,AWS
984,Tableau
985,Python
985,MySQL
985,AWS
985,Tableau
986,Excel
986,Pandas
986,Python
986,MySQL
986,AWS
987,Statistics
987,Pandas
987,MySQL
987,ETL
987,Machine Learning
987,Tableau
987,SQL
988,SQL
988,MySQL
988,ETL
988,Data Visualization
988,Power BI
988,AWS
989,Python
989,Machine Learning
989,Power BI
989,AWS
989,Statistics
989,Pandas
990,SQL
990,Statistics
990,AWS
990,Machine Learning
990,MySQL
991,AWS
991,Tableau
991,Pandas
991,Power BI
992,AWS
992,Power BI
992,Pandas
992,MySQL
992,SQL
993,Pandas
993,Python
993,Excel
993,Power BI
993,AWS
993,MySQL
993,Tableau
994,Pandas
994,Statistics
994,Tableau
994,Machine Learning
994,Excel
994,SQL
994,Data Visualization
995,SQL
995,Statistics
995,MySQL
995,Power BI
995,Pandas
995,AWS
996,Statistics
996,MySQL
996,Python
996,Power BI
996,SQL
996,ETL
997,Tableau
997,ETL
997,Data Visualization
997,Pandas
998,ETL
998,Power BI
998,Python
998,SQL
999,Data Visualization
999,Tableau
999,AWS
999,Pandas
999,SQL
1000,AWS
1000,SQL
1000,Excel
1000,MySQL
1000,Pandas
1000,Python
1001,Excel
1001,MySQL
1001,Machine Learning
1001,Pandas
1002,Python
1002,Tableau
1002,AWS
1002,Statistics
1002,Pandas
1003,Excel
1003,Tableau
1003,Data Visualization
1003,Pandas
1003,Python
1003,Machine Learning
1004,Pandas
1004,AWS
1004,Power BI
1004,Machine Learning
1004,Statistics
1004,MySQL
1004,Python
1005,Python
1005,Excel
1005,Pandas
1005,MySQL
1006,Tableau
1006,AWS
1006,SQL
1006,Machine Learning
1007,Tableau
1007,ETL
1007,AWS
1007,MySQL
1007,Python
1007,Machine Learning
1008,Power BI
1008,Pandas
1008,Python
1008,ETL
1008,MySQL
1009,Power BI
1009,ETL
1009,Tableau
1009,Excel
1009,Machine Learning
1009,Data Visualization
1009,MySQL
1010,ETL
1010,Data Visualization
1010,Power BI
1010,Python
1010,Excel
1011,MySQL
1011,ETL
1011,SQL
1011,AWS
1011,Pandas
1011,Power BI
1012,Power BI
1012,Pandas
1012,Excel
1012,Data Visualization
1012,SQL
1012,Tableau
1012,Python
1013,Power BI
1013,Data Visualization
1013,ETL
1013,Excel
1013,SQL
1013,Python
1014,ETL
1014,AWS
1014,MySQL
1014,Excel
1014,SQL
1014,Statistics
1015,AWS
1015,ETL
1015,Machine Learning
1015,Excel
1016,Statistics
1016,Machine Learning
1016,ETL
1016,Excel
1017,SQL
1017,Python
1017,MySQL
1017,Pandas
1017,Machine Learning
1018,Power BI
1018,AWS
1018,Data Visualization
1018,Excel
1019,SQL
1019,MySQL
1019,Machine Learning
1019,Python
1019,Data Visualization
1020,Tableau
1020,Pandas
1020,MySQL
1020,Python
1020,Excel
1021,SQL
1021,AWS
1021,Statistics
1021,Machine Learning
1021,Excel
1021,MySQL
1021,Tableau
1022,Data Visualization
1022,Pandas
1022,Python
1022,Power BI
1022,SQL
1022,AWS
1023,Statistics
1023,Data Visualization
1023,Power BI
1023,Machine Learning
1023,Tableau
1023,Pandas
1023,ETL
1024,Data Visualization
1024,Excel
1024,Pandas
1024,ETL
1024,Python
1024,SQL
1024,Tableau
1025,Data Visualization
1025,Tableau
1025,SQL
1025,Statistics
1025,Python
1025,ETL
1026,Python
1026,ETL
1026,Tableau
1026,Pandas
1026,SQL
1026,Power BI
1027,Python
1027,Pandas
1027,SQL
1027,Power BI
1027,Statistics
1028,SQL
1028,Tableau
1028,Python
1028,ETL
1028,Data Visualization
1028,Machine Learning
1028,AWS
1029,Statistics
1029,ETL
1029,Power BI
1029,Excel
1029,Machine Learning
1029,Data Visualization
1029,AWS
1030,Power BI
1030,Data Visualization
1030,Tableau
1030,Python
1030,ETL
1031,Python
1031,Power BI
1031,SQL
1031,AWS
1032,AWS
1032,Statistics
1032,Machine Learning
1032,Power BI
1033,Excel
1033,Statistics
1033,Pandas
1033,Data Visualization
1033,MySQL
1033,SQL
1033,Power BI
1034,SQL
1034,Python
1034,MySQL
1034,ETL
1034,Excel
1034,Power BI
1035,SQL
1035,Data Visualization
1035,Pandas
1035,Tableau
1035,Statistics
1036,Machine Learning
1036,Tableau
1036,SQL
1036,Pandas
1037,MySQL
1037,Pandas
1037,Excel
1037,Power BI
1038,Tableau
1038,Power BI
1038,Excel
1038,ETL
1038,Data Visualization
1038,Statistics
1038,AWS
1039,Statistics
1039,Data Visualization
1039,AWS
1039,Excel
1039,Tableau
1039,SQL
1039,ETL
1040,Machine Learning
1040,MySQL
1040,ETL
1040,AWS
1040,Power BI
1040,SQL
1040,Tableau
1041,ETL
1041,Data Visualization
1041,Power BI
1041,Tableau
1041,Python
1041,AWS
1042,AWS
1042,Data Visualization
1042,Python
1042,Pandas
1042,MySQL
1042,Excel
1042,Statistics
1043,Python
1043,Statistics
1043,ETL
1043,Power BI
1043,Pandas
1043,Machine Learning
1044,AWS
1044,Pandas
1044,Python
1044,SQL
1045,Excel
1045,Python
1045,Pandas
1045,Data Visualization
1045,MySQL
1045,Power BI
1046,Tableau
1046,Machine Learning
1046,MySQL
1046,Pandas
1046,ETL
1046,Excel
1047,Machine Learning
1047,Statistics
1047,Excel
1047,Tableau
1047,SQL
1048,AWS
1048,Tableau
1048,Data Visualization
1048,Excel
1048,Python
1048,Statistics
1049,Machine Learning
1049,ETL
1049,Pandas
1049,AWS
1050,Excel
1050,ETL
1050,Tableau
1050,Statistics
1050,Machine Learning
1050,AWS
1050,Pandas
1051,MySQL
1051,SQL
1051,Tableau
1051,Excel
1051,Python
1052,Pandas
1052,ETL
1052,MySQL
1052,Data Visualization
1052,Python
1052,Tableau
1053,SQL
1053,MySQL
1053,Machine Learning
1053,Statistics
1054,Data Visualization
1054,SQL
1054,MySQL
1054,Python
1054,Statistics
1054,Pandas
1055,Statistics
1055,Pandas
1055,Machine Learning
1055,AWS
1056,Data Visualization
1056,Power BI
1056,Tableau
1056,Machine Learning
1056,AWS
1056,Python
1057,Data Visualization
1057,Excel
1057,Statistics
1057,AWS
1057,MySQL
1057,ETL
1058,SQL
1058,Power BI
1058,ETL
1058,Excel
1058,Machine Learning
1059,MySQL
1059,Power BI
1059,AWS
1059,Python
1059,ETL
1059,Statistics
1060,Excel
1060,Power BI
1060,AWS
1060,Data Visualization
1060,Pandas
1061,Data Visualization
1061,SQL
1061,Excel
1061,Statistics
1061,ETL
1062,Python
1062,Statistics
1062,ETL
1062,AWS
1062,SQL
1062,Data Visualization
1062,Machine Learning
1063,Data Visualization
1063,SQL
1063,Statistics
1063,Tableau
1063,Excel
1064,Pandas
1064,SQL
1064,Statistics
1064,Power BI
1064,AWS
1065,Python
1065,AWS
1065,Data Visualization
1065,Pandas
1066,Statistics
1066,Power BI
1066,Excel
1066,Python
1066,Data Visualization
1067,Excel
1067,Machine Learning
1067,Tableau
1067,MySQL
1068,Power BI
1068,MySQL
1068,Python
1068,SQL
1068,Pandas
1068,Tableau
1068,AWS
1069,Python
1069,Power BI
1069,Tableau
1069,SQL
1069,ETL
1069,Machine Learning
1070,Pandas
1070,Machine Learning
1070,MySQL
1070,Python
1070,AWS
1071,Tableau
1071,MySQL
1071,Excel
1071,ETL
1071,AWS
1071,Statistics
1072,AWS
1072,Python
1072,MySQL
1072,Data Visualization
1072,ETL
1073,SQL
1073,Data Visualization
1073,AWS
1073,Power BI
1073,Tableau
1074,SQL
1074,Machine Learning
1074,Statistics
1074,Power BI
1075,Python
1075,Excel
1075,Data Visualization
1075,Machine Learning
1076,Excel
1076,Pandas
1076,MySQL
1076,Python
1076,ETL
1077,Pandas
1077,Tableau
1077,Machine Learning
1077,Power BI
1077,Python
1077,ETL
1078,MySQL
1078,Excel
1078,ETL
1078,Statistics
1078,Machine Learning
1079,Machine Learning
1079,Power BI
1079,Statistics
1079,Tableau
1080,AWS
1080,Excel
1080,MySQL
1080,SQL
1080,Python
1081,MySQL
1081,Machine Learning
1081,AWS
1081,Pandas
1081,Excel
1082,Statistics
1082,AWS
1082,Python
1082,Machine Learning
1082,Pandas
1082,Power BI
1082,MySQL
1083,Machine Learning
1083,AWS
1083,ETL
1083,Statistics
1083,Tableau
1083,Excel
1084,MySQL
1084,ETL
1084,Machine Learning
1084,Excel
1085,Tableau
1085,Python
1085,Power BI
1085,MySQL
1085,ETL
1085,Machine Learning
1085,Excel
1086,SQL
1086,MySQL
1086,Tableau
1086,Power BI
1086,Python
1087,Machine Learning
1087,Tableau
1087,AWS
1087,Excel
1088,Python
1088,SQL
1088,Statistics
1088,Machine Learning
1088,AWS
1088,Pandas
1088,ETL
1089,Excel
1089,Python
1089,Statistics
1089,Machine Learning
1089,SQL
1090,Statistics
1090,Python
1090,Tableau
1090,MySQL
1091,Statistics
1091,Power BI
1091,AWS
1091,MySQL
1091,Python
1091,SQL
1092,Data Visualization
1092,Tableau
1092,Machine Learning
1092,Python
1092,Pandas
1092,Statistics
1092,MySQL
1093,Pandas
1093,SQL
1093,MySQL
1093,Machine Learning
1094,Statistics
1094,ETL
1094,Pandas
1094,Excel
1094,Data Visualization
1094,Tableau
1094,AWS
1095,Excel
1095,Tableau
1095,Power BI
1095,Statistics
1095,ETL
1095,AWS
1095,Python
1096,Power BI
1096,Python
1096,AWS
1096,Pandas
1096,ETL
1096,Data Visualization
1096,MySQL
1097,Power BI
1097,Statistics
1097,Excel
1097,Machine Learning
1098,AWS
1098,Power BI
1098,ETL
1098,Machine Learning
1098,SQL
1099,Data Visualization
1099,AWS
1099,Python
1099,Excel
1099,Statistics
1100,Tableau
1100,Data Visualization
1100,AWS
1100,Machine Learning
1100,Pandas
1100,Excel
1100,Statistics
1101,MySQL
1101,Pandas
1101,ETL
1101,Power BI
1101,Statistics
1102,MySQL
1102,Data Visualization
1102,Tableau
1102,Pandas
1102,Statistics
1102,Power BI
1102,Excel
1103,ETL
1103,Power BI
1103,Python
1103,MySQL
1103,Tableau
1104,MySQL
1104,Power BI
1104,Python
1104,SQL
1104,Excel
1104,Tableau
1104,Pandas
1105,Excel
1105,ETL
1105,Tableau
1105,Data Visualization
1105,MySQL
1105,SQL
1106,Statistics
1106,Data Visualization
1106,SQL
1106,ETL
1106,Excel
1106,Machine Learning
1106,AWS
1107,Python
1107,Statistics
1107,Excel
1107,MySQL
1107,Data Visualization
1107,ETL
1107,Tableau
1108,Pandas
1108,SQL
1108,AWS
1108,Power BI
1109,Python
1109,AWS
1109,Machine Learning
1109,Excel
1110,Data Visualization
1110,Tableau
1110,Excel
1110,Statistics
1111,ETL
1111,Tableau
1111,Pandas
1111,Machine Learning
1111,Power BI
1112,Pandas
1112,SQL
1112,ETL
1112,Data Visualization
1112,AWS
1112,Excel
1113,Pandas
1113,Statistics
1113,Tableau
1113,Power BI
1113,ETL
1113,AWS
1113,Machine Learning
1114,SQL
1114,AWS
1114,MySQL
1114,Data Visualization
1114,Tableau
1114,Statistics
1115,ETL
1115,Excel
1115,AWS
1115,Python
1115,Data Visualization
1115,Power BI
1115,Statistics
1116,SQL
1116,Excel
1116,Power BI
1116,Tableau
1116,AWS
1116,Python
1116,Machine Learning
1117,Statistics
1117,Pandas
1117,Power BI
1117,Excel
1117,Python
1118,ETL
1118,MySQL
1118,Python
1118,Power BI
1119,SQL
1119,ETL
1119,Pandas
1119,Excel
1119,Statistics
1120,Power BI
1120,Pandas
1120,AWS
1120,MySQL
1120,ETL
1121,AWS
1121,Statistics
1121,MySQL
1121,SQL
1122,MySQL
1122,Machine Learning
1122,ETL
1122,AWS
1122,Python
1122,SQL
1122,Pandas
1123,Statistics
1123,Python
1123,Tableau
1123,Pandas
1124,Data Visualization
1124,Power BI
1124,SQL
1124,Machine Learning
1125,MySQL
1125,Python
1125,Statistics
1125,Pandas
1125,AWS
1125,Tableau
1125,Data Visualization
1126,MySQL
1126,Excel
1126,ETL
1126,Data Visualization
1126,Python
1127,ETL
1127,Statistics
1127,Excel
1127,Pandas
1128,MySQL
1128,Statistics
1128,ETL
1128,Data Visualization
1128,SQL
1128,Python
1128,Power BI
1129,MySQL
1129,Tableau
1129,Pandas
1129,ETL
1129,AWS
1129,Statistics
1130,Excel
1130,Tableau
1130,Power BI
1130,Machine Learning
1130,MySQL
1130,Pandas
1131,Statistics
1131,Excel
1131,Power BI
1131,Python
1131,Pandas
1131,Data Visualization
1132,Tableau
1132,Power BI
1132,ETL
1132,Data Visualization
1132,Python
1132,AWS
1132,Machine Learning
1133,ETL
1133,AWS
1133,MySQL
1133,Excel
1133,Tableau
1133,Python
1133,Statistics
1134,SQL
1134,AWS
1134,Excel
1134,MySQL
1134,Statistics
1134,Pandas
1134,Python
1135,SQL
1135,Data Visualization
1135,Excel
1135,ETL
1135,Python
1136,SQL
1136,Statistics
1136,MySQL
1136,Machine Learning
1136,AWS
1137,Tableau
1137,Python
1137,Excel
1137,Power BI
1138,AWS
1138,Statistics
1138,Machine Learning
1138,Data Visualization
1138,MySQL
1139,SQL
1139,Python
1139,Power BI
1139,AWS
1140,Python
1140,Excel
1140,Statistics
1140,Data Visualization
1141,Statistics
1141,ETL
1141,AWS
1141,Data Visualization
1142,Power BI
1142,Python
1142,Statistics
1142,SQL
1143,Statistics
1143,Machine Learning
1143,Power BI
1143,Tableau
1144,MySQL
1144,ETL
1144,Excel
1144,Python
1144,Statistics
1145,Statistics
1145,Excel
1145,AWS
1145,SQL
1145,ETL
1145,Python
1146,MySQL
1146,Tableau
1146,Data Visualization
1146,Excel
1146,Python
1147,MySQL
1147,SQL
1147,Statistics
1147,ETL
1147,Tableau
1147,Machine Learning
1147,Excel
1148,AWS
1148,Python
1148,Machine Learning
1148,MySQL
1149,Python
1149,Tableau
1149,Pandas
1149,MySQL
1150,Data Visualization
1150,Pandas
1150,Statistics
1150,AWS
1150,Tableau
1151,Python
1151,Pandas
1151,AWS
1151,Power BI
1151,SQL
1152,Pandas
1152,AWS
1152,Power BI
1152,Data Visualization
1152,Excel
1152,MySQL
1152,Statistics
1153,Data Visualization
1153,Python
1153,Excel
1153,Machine Learning
1154,SQL
1154,Power BI
1154,MySQL
1154,Data Visualization
1155,Power BI
1155,MySQL
1155,Pandas
1155,SQL
1155,Statistics
1156,ETL
1156,Data Visualization
1156,Power BI
1156,AWS
1156,Excel
1156,Python
1157,Power BI
1157,MySQL
1157,Data Visualization
1157,Statistics
1158,AWS
1158,MySQL
1158,Power BI
1158,Statistics
1158,Excel
1158,Machine Learning
1159,Excel
1159,Pandas
1159,Data Visualization
1159,AWS
1159,Power BI
1159,Statistics
1160,Power BI
1160,AWS
1160,Tableau
1160,Pandas
1160,Machine Learning
1160,Python
1161,AWS
1161,Python
1161,Excel
1161,Data Visualization
1161,ETL
1161,MySQL
1161,Pandas
1162,Power BI
1162,Machine Learning
1162,Data Visualization
1162,Python
1162,SQL
1162,ETL
1163,SQL
1163,Machine Learning
1163,AWS
1163,Power BI
1163,Tableau
1163,ETL
1163,Excel
1164,AWS
1164,Machine Learning
1164,SQL
1164,Statistics
1164,Power BI
1164,Excel
1165,ETL
1165,MySQL
1165,Machine Learning
1165,Data Visualization
1165,Statistics
1165,Power BI
1165,SQL
1166,Tableau
1166,MySQL
1166,Statistics
1166,AWS
1166,Excel
1167,Tableau
1167,MySQL
1167,AWS
1167,ETL
1167,Machine Learning
1168,Python
1168,Power BI
1168,Excel
1168,SQL
1168,AWS
1169,AWS
1169,SQL
1169,Data Visualization
1169,Power BI
1169,Pandas
1169,Excel
1170,MySQL
1170,Power BI
1170,Python
1170,SQL
1170,AWS
1170,Data Visualization
1171,Excel
1171,Data Visualization
1171,Tableau
1171,AWS
1171,ETL
1171,SQL
1171,Machine Learning
1172,Machine Learning
1172,SQL
1172,Statistics
1172,Pandas
1173,Pandas
1173,Machine Learning
1173,Data Visualization
1173,Statistics
1174,SQL
1174,Statistics
1174,MySQL
1174,ETL
1175,Power BI
1175,Tableau
1175,SQL
1175,Pandas
1176,SQL
1176,Power BI
1176,Statistics
1176,AWS
1176,Data Visualization
1176,Python
1176,Tableau
1177,AWS
1177,Pandas
1177,Python
1177,SQL
1177,MySQL
1177,Statistics
1177,Tableau
1178,Machine Learning
1178,MySQL
1178,Data Visualization
1178,Power BI
1178,AWS
1178,ETL
1179,Data Visualization
1179,AWS
1179,MySQL
1179,SQL
1179,Pandas
1179,Power BI
1179,ETL
1180,Python
1180,Power BI
1180,Statistics
1180,Pandas
1180,AWS
1181,MySQL
1181,ETL
1181,SQL
1181,Data Visualization
1181,AWS
1182,Pandas
1182,Machine Learning
1182,Data Visualization
1182,Tableau
1182,SQL
1183,AWS
1183,ETL
1183,MySQL
1183,Tableau
1184,AWS
1184,Tableau
1184,Data Visualization
1184,SQL
1184,ETL
1185,Pandas
1185,Machine Learning
1185,ETL
1185,SQL
1185,MySQL
1185,Excel
1186,SQL
1186,Machine Learning
1186,Power BI
1186,Data Visualization
1186,Excel
1187,Data Visualization
1187,Pandas
1187,ETL
1187,Statistics
1187,Power BI
1188,Data Visualization
1188,AWS
1188,Python
1188,ETL
1188,SQL
1189,SQL
1189,MySQL
1189,AWS
1189,Power BI
1189,Data Visualization
1189,Pandas
1190,SQL
1190,Power BI
1190,Python
1190,Statistics
1190,MySQL
1190,AWS
1191,Statistics
1191,Tableau
1191,AWS
1191,Pandas
1191,Power BI
1191,MySQL
1191,SQL
1192,AWS
1192,Tableau
1192,Excel
1192,Power BI
1192,SQL
1192,Pandas
1193,Excel
1193,Power BI
1193,Data Visualization
1193,Pandas
1193,ETL
1193,SQL
1193,MySQL
1194,Excel
1194,ETL
1194,Data Visualization
1194,Tableau
1194,Pandas
1194,MySQL
1194,SQL
1195,AWS
1195,Statistics
1195,Python
1195,Power BI
1195,MySQL
1195,Excel
1195,ETL
1196,MySQL
1196,Pandas
1196,Tableau
1196,Power BI
1196,Python
1196,AWS
1196,ETL
1197,Power BI
1197,SQL
1197,Pandas
1197,Statistics
1197,Python
1198,ETL
1198,MySQL
1198,SQL
1198,Tableau
1198,Statistics
1199,Tableau
1199,SQL
1199,AWS
1199,MySQL
1200,Power BI
1200,AWS
1200,Statistics
1200,Data Visualization
1201,Statistics
1201,Tableau
1201,Data Visualization
1201,Excel
1202,MySQL
1202,Tableau
1202,Data Visualization
1202,Statistics
1202,Pandas
1202,SQL
1202,AWS
1203,Excel
1203,Tableau
1203,ETL
1203,Python
1204,Pandas
1204,Data Visualization
1204,Excel
1204,Tableau
1204,MySQL
1204,Power BI
1205,MySQL
1205,Pandas
1205,Power BI
1205,SQL
1205,Data Visualization
1205,Python
1206,Statistics
1206,Excel
1206,ETL
1206,SQL
1207,Python
1207,Tableau
1207,Power BI
1207,SQL
1207,ETL
1208,ETL
1208,MySQL
1208,SQL
1208,Pandas
1208,Excel
1208,Data Visualization
1209,Statistics
1209,Machine Learning
1209,Power BI
1209,MySQL
1209,SQL
1209,Python
1209,AWS
1210,ETL
1210,Statistics
1210,AWS
1210,Tableau
1210,Machine Learning
1210,Python
1211,MySQL
1211,AWS
1211,Data Visualization
1211,Excel
1211,Statistics
1211,Machine Learning
1211,Tableau
1212,Machine Learning
1212,Statistics
1212,Excel
1212,ETL
1212,Python
1213,Machine Learning
1213,Tableau
1213,Python
1213,Pandas
1213,AWS
1213,SQL
1213,MySQL
1214,MySQL
1214,ETL
1214,Data Visualization
1214,Power BI
1214,Python
1214,SQL
1215,ETL
1215,Data Visualization
1215,Pandas
1215,SQL
1215,Python
1216,Power BI
1216,Python
1216,Excel
1216,SQL
1216,Data Visualization
1216,Tableau
1217,Python
1217,AWS
1217,ETL
1217,MySQL
1218,Power BI
1218,Machine Learning
1218,SQL
1218,Statistics
1218,Pandas
1219,Tableau
1219,Statistics
1219,Machine Learning
1219,Python
1219,Excel
1219,AWS
1219,MySQL
1220,Statistics
1220,Pandas
1220,Machine Learning
1220,Data Visualization
1221,Python
1221,MySQL
1221,Tableau
1221,AWS
1221,Excel
1221,SQL
1221,Power BI
1222,Python
1222,AWS
1222,Statistics
1222,Tableau
1222,Power BI
1222,Pandas
1223,Pandas
1223,Tableau
1223,Machine Learning
1223,Excel
1223,ETL
1223,Data Visualization
1223,AWS
1224,Tableau
1224,MySQL
1224,Machine Learning
1224,Python
1224,SQL
1224,Pandas
1224,AWS
1225,Machine Learning
1225,ETL
1225,MySQL
1225,Pandas
1226,Power BI
1226,Data Visualization
1226,Machine Learning
1226,ETL
1226,MySQL
1226,Excel
1227,SQL
1227,Tableau
1227,AWS
1227,ETL
1227,Python
1227,Power BI
1228,Python
1228,AWS
1228,ETL
1228,Excel
1228,Machine Learning
1228,Statistics
1229,Machine Learning
1229,Pandas
1229,Excel
1229,Tableau
1230,Excel
1230,Data Visualization
1230,Statistics
1230,Pandas
1231,Power BI
1231,ETL
1231,AWS
1231,SQL
1231,Data Visualization
1231,MySQL
1232,Pandas
1232,Power BI
1232,Python
1232,Excel
1233,AWS
1233,Tableau
1233,Python
1233,SQL
1234,Tableau
1234,SQL
1234,Data Visualization
1234,MySQL
1234,ETL
1235,MySQL
1235,Statistics
1235,Power BI
1235,AWS
1236,MySQL
1236,Excel
1236,Power BI
1236,Tableau
1236,Pandas
1236,Statistics
1237,Python
1237,AWS
1237,SQL
1237,Excel
1237,Power BI
1238,Machine Learning
1238,Pandas
1238,Tableau
1238,ETL
1238,Python
1238,Power BI
1238,Excel
1239,AWS
1239,Machine Learning
1239,Tableau
1239,Pandas
1239,SQL
1240,Power BI
1240,Machine Learning
1240,Tableau
1240,Python
1240,Data Visualization
1240,Pandas
1241,Python
1241,Power BI
1241,ETL
1241,MySQL
1241,Data Visualization
1241,Excel
1242,Excel
1242,Pandas
1242,AWS
1242,Tableau
1242,SQL
1243,Statistics
1243,Power BI
1243,AWS
1243,Python
1243,Tableau
1243,Excel
1244,Python
1244,Pandas
1244,AWS
1244,SQL
1244,MySQL
1245,AWS
1245,Python
1245,Machine Learning
1245,Tableau
1246,Python
1246,ETL
1246,MySQL
1246,Pandas
1246,Machine Learning
1246,Power BI
1247,Python
1247,ETL
1247,Statistics
1247,Power BI
1247,AWS
1247,SQL
1247,Machine Learning
1248,Excel
1248,Tableau
1248,Pandas
1248,Python
1248,Power BI
1248,ETL
1249,MySQL
1249,Statistics
1249,AWS
1249,Data Visualization
1249,Power BI
1249,Machine Learning
1250,Power BI
1250,AWS
1250,Tableau
1250,Excel
1250,Pandas
1251,Data Visualization
1251,Statistics
1251,Tableau
1251,Python
1251,ETL
1251,Machine Learning
1252,Statistics
1252,ETL
1252,Machine Learning
1252,Excel
1252,AWS
1252,Data Visualization
1252,Tableau
1253,Pandas
1253,ETL
1253,Statistics
1253,AWS
1253,SQL
1254,Excel
1254,Python
1254,MySQL
1254,Tableau
1254,ETL
1254,SQL
1255,ETL
1255,Machine Learning
1255,Data Visualization
1255,Power BI
1255,Tableau
1256,AWS
1256,ETL
1256,Statistics
1256,Pandas
1256,Machine Learning
1257,Python
1257,SQL
1257,Machine Learning
1257,Pandas
1258,AWS
1258,Tableau
1258,ETL
1258,Statistics
1258,Pandas
1258,SQL
1258,Machine Learning
1259,Tableau
1259,ETL
1259,Data Visualization
1259,MySQL
1259,Machine Learning
1259,Statistics
1259,Pandas
1260,Machine Learning
1260,Power BI
1260,AWS
1260,Statistics
1260,MySQL
1261,Machine Learning
1261,Pandas
1261,MySQL
1261,Excel
1262,SQL
1262,AWS
1262,Pandas
1262,Data Visualization
1263,Data Visualization
1263,MySQL
1263,Pandas
1263,AWS
1263,Tableau
1264,Tableau
1264,Statistics
1264,Excel
1264,MySQL
1264,ETL
1264,SQL
1265,Machine Learning
1265,ETL
1265,MySQL
1265,Excel
1265,SQL
1265,Data Visualization
1266,Tableau
1266,Pandas
1266,SQL
1266,Power BI
1266,Python
1266,Statistics
1266,Machine Learning
1267,Machine Learning
1267,ETL
1267,Tableau
1267,Excel
1267,AWS
1267,Power BI
1268,Python
1268,MySQL
1268,Excel
1268,Statistics
1268,Tableau
1268,ETL
1269,Tableau
1269,Power BI
1269,ETL
1269,Pandas
1269,Statistics
1269,AWS
1269,Machine Learning
1270,Tableau
1270,Excel
1270,Power BI
1270,Machine Learning
1270,ETL
1270,SQL
1270,Pandas
1271,Tableau
1271,Data Visualization
1271,MySQL
1271,SQL
1271,Machine Learning
1271,Power BI
1271,ETL
1272,AWS
1272,ETL
1272,Tableau
1272,Data Visualization
1272,Pandas
1273,Power BI
1273,Data Visualization
1273,ETL
1273,SQL
1273,MySQL
1274,AWS
1274,Power BI
1274,Data Visualization
1274,ETL
1274,Statistics
1275,ETL
1275,Statistics
1275,Pandas
1275,Power BI
1275,MySQL
1276,Machine Learning
1276,ETL
1276,AWS
1276,Power BI
1277,Machine Learning
1277,SQL
1277,ETL
1277,Data Visualization
1277,Power BI
1278,Statistics
1278,MySQL
1278,AWS
1278,ETL
1278,Machine Learning
1278,Pandas
1279,Power BI
1279,AWS
1279,Statistics
1279,SQL
1280,Python
1280,Machine Learning
1280,Pandas
1280,Power BI
1281,Excel
1281,Power BI
1281,Python
1281,ETL
1281,AWS
1282,Python
1282,Statistics
1282,SQL
1282,Power BI
1282,Data Visualization
1283,AWS
1283,Statistics
1283,SQL
1283,Data Visualization
1283,Machine Learning
1284,Excel
1284,ETL
1284,Machine Learning
1284,Power BI
1284,MySQL
1284,Python
1285,Data Visualization
1285,AWS
1285,Python
1285,ETL
1285,Power BI
1285,Machine Learning
1285,Excel
1286,MySQL
1286,Machine Learning
1286,Data Visualization
1286,Statistics
1286,Pandas
1286,Tableau
1287,SQL
1287,Statistics
1287,Excel
1287,AWS
1287,Python
1287,Power BI
1287,Data Visualization
1288,AWS
1288,Data Visualization
1288,Power BI
1288,MySQL
1288,Python
1288,Statistics
1289,Tableau
1289,MySQL
1289,ETL
1289,Statistics
1289,Python
1290,Python
1290,AWS
1290,Data Visualization
1290,SQL
1290,Excel
1290,Statistics
1291,Power BI
1291,Data Visualization
1291,Pandas
1291,MySQL
1291,Excel
1292,Tableau
1292,Statistics
1292,Data Visualization
1292,Excel
1293,Excel
1293,SQL
1293,Machine Learning
1293,Data Visualization
1293,ETL
1293,Power BI
1294,Statistics
1294,ETL
1294,AWS
1294,Excel
1294,SQL
1294,Data Visualization
1295,Machine Learning
1295,Excel
1295,SQL
1295,Power BI
1295,Data Visualization
1296,SQL
1296,Statistics
1296,Tableau
1296,Pandas
1297,AWS
1297,Statistics
1297,Machine Learning
1297,SQL
1298,MySQL
1298,Statistics
1298,Power BI
1298,SQL
1298,ETL
1298,Tableau
1298,AWS
1299,Python
1299,Statistics
1299,Excel
1299,Data Visualization
1299,SQL
1299,Power BI
1299,AWS
1300,Data Visualization
1300,ETL
1300,Machine Learning
1300,Power BI
1300,Python
1301,Data Visualization
1301,SQL
1301,Python
1301,AWS
1301,Excel
1301,Power BI
1301,Machine Learning
1302,Excel
1302,Machine Learning
1302,Python
1302,Data Visualization
1302,ETL
1303,Statistics
1303,Excel
1303,Pandas
1303,Data Visualization
1303,SQL
1303,Machine Learning
1303,MySQL
1304,Machine Learning
1304,Excel
1304,Python
1304,AWS
1304,Power BI
1305,Python
1305,Tableau
1305,Statistics
1305,AWS
1305,Excel
1305,Data Visualization
1305,SQL
1306,AWS
1306,Machine Learning
1306,Statistics
1306,Pandas
1306,ETL
1306,Excel
1307,Python
1307,Statistics
1307,Machine Learning
1307,Tableau
1307,ETL
1307,SQL
1308,Power BI
1308,ETL
1308,Excel
1308,Machine Learning
1308,MySQL
1309,Python
1309,Statistics
1309,Tableau
1309,Data Visualization
1309,Machine Learning
1309,AWS
1310,MySQL
1310,Machine Learning
1310,Pandas
1310,Excel
1311,SQL
1311,Tableau
1311,Machine Learning
1311,ETL
1312,Power BI
1312,Statistics
1312,Tableau
1312,Machine Learning
1313,Data Visualization
1313,Pandas
1313,ETL
1313,AWS
1313,Python
1314,Data Visualization
1314,Power BI
1314,Machine Learning
1314,ETL
1314,Pandas
1315,Statistics
1315,Pandas
1315,AWS
1315,Machine Learning
1315,Python
1315,Tableau
1315,MySQL
1316,ETL
1316,MySQL
1316,Python
1316,Data Visualization
1317,Python
1317,Tableau
1317,SQL
1317,Power BI
1317,Data Visualization
1317,MySQL
1318,Excel
1318,Machine Learning
1318,Tableau
1318,Data Visualization
1318,AWS
1319,Pandas
1319,Excel
1319,Machine Learning
1319,Power BI
1319,Data Visualization
1319,Statistics
1320,Tableau
1320,Data Visualization
1320,Python
1320,Statistics
1320,Pandas
1320,MySQL
1320,Excel
1321,Excel
1321,AWS
1321,Data Visualization
1321,Statistics
1321,Python
1321,Pandas
1321,MySQL
1322,Python
1322,AWS
1322,Pandas
1322,MySQL
1322,Power BI
1322,Statistics
1323,MySQL
1323,Data Visualization
1323,Statistics
1323,Power BI
1323,Excel
1323,SQL
1323,Tableau
1324,SQL
1324,Power BI
1324,ETL
1324,MySQL
1324,Machine Learning
1324,Statistics
1325,Pandas
1325,Tableau
1325,Python
1325,MySQL
1325,Data Visualization
1325,Power BI
1326,Power BI
1326,Data Visualization
1326,Tableau
1326,Pandas
1327,Pandas
1327,Statistics
1327,Tableau
1327,AWS
1327,SQL
1327,Machine Learning
1327,Data Visualization
1328,Python
1328,Statistics
1328,ETL
1328,SQL
1328,Machine Learning
1328,Excel
1328,Data Visualization
1329,MySQL
1329,SQL
1329,Data Visualization
1329,Statistics
1330,Tableau
1330,Data Visualization
1330,Statistics
1330,SQL
1330,Excel
1330,Python
1331,Machine Learning
1331,Excel
1331,Data Visualization
1331,Python
1331,SQL
1332,Excel
1332,Power BI
1332,Data Visualization
1332,Machine Learning
1333,Tableau
1333,Excel
1333,ETL
1333,Python
1333,MySQL
1333,Power BI
1334,Data Visualization
1334,Tableau
1334,Machine Learning
1334,ETL
1334,Power BI
1334,SQL
1334,AWS
1335,Pandas
1335,Statistics
1335,MySQL
1335,SQL
1335,AWS
1335,ETL
1336,Python
1336,Statistics
1336,Tableau
1336,Machine Learning
1336,AWS
1337,SQL
1337,Machine Learning
1337,Python
1337,ETL
1337,Data Visualization
1338,AWS
1338,Statistics
1338,SQL
1338,MySQL
1338,Machine Learning
1338,Tableau
1338,ETL
1339,MySQL
1339,Tableau
1339,SQL
1339,Machine Learning
1339,ETL
1339,Pandas
1340,Power BI
1340,Tableau
1340,SQL
1340,Pandas
1340,Machine Learning
1340,Data Visualization
1341,Power BI
1341,MySQL
1341,ETL
1341,Pandas
1341,Python
1341,Machine Learning
1341,SQL
1342,Pandas
1342,MySQL
1342,Power BI
1342,Data Visualization
1342,Tableau
1342,ETL
1342,AWS
1343,ETL
1343,AWS
1343,Python
1343,Data Visualization
1344,Statistics
1344,Excel
1344,Tableau
1344,Machine Learning
1344,Pandas
1344,Python
1345,Excel
1345,Statistics
1345,Machine Learning
1345,Data Visualization
1346,Python
1346,SQL
1346,AWS
1346,Pandas
1347,Pandas
1347,Machine Learning
1347,Data Visualization
1347,Tableau
1347,AWS
1347,SQL
1347,Statistics
1348,Machine Learning
1348,Excel
1348,AWS
1348,Tableau
1349,Machine Learning
1349,Tableau
1349,SQL
1349,AWS
1349,ETL
1350,Tableau
1350,Excel
1350,Machine Learning
1350,Statistics
1350,Data Visualization
1351,MySQL
1351,ETL
1351,Statistics
1351,Data Visualization
1351,AWS
1351,Python
1352,Tableau
1352,Statistics
1352,ETL
1352,SQL
1352,Pandas
1352,Machine Learning
1353,Pandas
1353,Statistics
1353,MySQL
1353,Machine Learning
1353,Data Visualization
1353,Tableau
1353,SQL
1354,ETL
1354,Tableau
1354,Machine Learning
1354,AWS
1354,MySQL
1355,MySQL
1355,Machine Learning
1355,Excel
1355,Statistics
1356,Power BI
1356,Python
1356,Pandas
1356,AWS
1357,Data Visualization
1357,Power BI
1357,Python
1357,ETL
1357,MySQL
1358,Excel
1358,Pandas
1358,ETL
1358,SQL
1358,Statistics
1359,ETL
1359,MySQL
1359,Power BI
1359,SQL
1359,Excel
1359,Statistics
1360,Statistics
1360,Power BI
1360,ETL
1360,Tableau
1360,Excel
1360,Python
1361,MySQL
1361,AWS
1361,Machine Learning
1361,ETL
1362,Statistics
1362,ETL
1362,MySQL
1362,Machine Learning
1363,Pandas
1363,Power BI
1363,Tableau
1363,Python
1364,Statistics
1364,Excel
1364,AWS
1364,Tableau
1364,ETL
1365,ETL
1365,Machine Learning
1365,Pandas
1365,SQL
1365,Data Visualization
1365,Python
1365,MySQL
1366,Statistics
1366,SQL
1366,Tableau
1366,Data Visualization
1367,Statistics
1367,MySQL
1367,Python
1367,AWS
1367,SQL
1367,Tableau
1367,Excel
1368,Machine Learning
1368,Python
1368,Data Visualization
1368,AWS
1368,Tableau
1368,Excel
1369,ETL
1369,AWS
1369,SQL
1369,MySQL
1369,Tableau
1369,Machine Learning
1369,Data Visualization
1370,Statistics
1370,ETL
1370,Pandas
1370,Machine Learning
1370,Power BI
1371,Pandas
1371,Data Visualization
1371,Machine Learning
1371,Power BI
1371,Excel
1371,ETL
1371,AWS
1372,MySQL
1372,Python
1372,Pandas
1372,Power BI
1372,Excel
1373,Machine Learning
1373,Excel
1373,Tableau
1373,Data Visualization
1373,Statistics
1373,Pandas
1374,AWS
1374,Data Visualization
1374,Excel
1374,SQL
1374,MySQL
1375,AWS
1375,Machine Learning
1375,Pandas
1375,SQL
1376,Power BI
1376,Pandas
1376,Tableau
1376,AWS
1376,Excel
1377,Pandas
1377,ETL
1377,Excel
1377,Statistics
1377,Data Visualization
1377,MySQL
1377,Power BI
1378,Python
1378,Excel
1378,Machine Learning
1378,Power BI
1378,MySQL
1378,SQL
1379,SQL
1379,Machine Learning
1379,Power BI
1379,Pandas
1379,MySQL
1380,Data Visualization
1380,Statistics
1380,Machine Learning
1380,Pandas
1381,SQL
1381,AWS
1381,Tableau
1381,MySQL
1382,ETL
1382,Excel
1382,Statistics
1382,Pandas
1383,AWS
1383,SQL
1383,ETL
1383,Excel
1383,Data Visualization
1383,Power BI
1383,Machine Learning
1384,Statistics
1384,Excel
1384,SQL
1384,MySQL
1384,Tableau
1384,Power BI
1385,SQL
1385,Machine Learning
1385,Excel
1385,Pandas
1385,Python
1386,SQL
1386,AWS
1386,Machine Learning
1386,Tableau
1386,Excel
1386,Pandas
1386,Python
1387,Tableau
1387,Data Visualization
1387,AWS
1387,MySQL
1387,ETL
1387,Power BI
1387,Machine Learning
1388,Power BI
1388,Tableau
1388,AWS
1388,SQL
1388,Excel
1388,Machine Learning
1388,MySQL
1389,Python
1389,Tableau
1389,SQL
1389,AWS
1389,Statistics
1389,Pandas
1390,ETL
1390,Statistics
1390,Python
1390,Excel
1390,AWS
1390,MySQL
1391,MySQL
1391,Data Visualization
1391,Excel
1391,Power BI
1392,MySQL
1392,Pandas
1392,Tableau
1392,AWS
1392,Excel
1392,Machine Learning
1392,Statistics
1393,Python
1393,ETL
1393,Statistics
1393,Excel
1394,Machine Learning
1394,Python
1394,Data Visualization
1394,SQL
1394,Pandas
1394,Statistics
1394,Tableau
1395,Pandas
1395,Tableau
1395,Excel
1395,SQL
1396,AWS
1396,Power BI
1396,Tableau
1396,Data Visualization
1396,Statistics
1396,Excel
1397,Pandas
1397,Tableau
1397,Machine Learning
1397,Excel
1398,Statistics
1398,Pandas
1398,AWS
1398,MySQL
1399,Python
1399,Excel
1399,SQL
1399,ETL
1399,Tableau
1400,MySQL
1400,Python
1400,Statistics
1400,Power BI
1401,Data Visualization
1401,AWS
1401,MySQL
1401,Pandas
1401,Power BI
1402,SQL
1402,AWS
1402,Pandas
1402,Tableau
1402,Python
1403,Data Visualization
1403,Excel
1403,AWS
1403,Python
1403,Tableau
1404,Excel
1404,SQL
1404,Data Visualization
1404,Power BI
1404,AWS
1404,Statistics
1405,Python
1405,ETL
1405,Tableau
1405,Statistics
1405,SQL
1405,Machine Learning
1405,MySQL
1406,Excel
1406,Statistics
1406,MySQL
1406,ETL
1406,Power BI
1406,Tableau
1407,AWS
1407,Excel
1407,Machine Learning
1407,ETL
1407,Tableau
1407,Data Visualization
1408,Power BI
1408,Python
1408,AWS
1408,Statistics
1408,ETL
1408,SQL
1409,Tableau
1409,MySQL
1409,Excel
1409,Statistics
1409,ETL
1409,SQL
1409,AWS
1410,SQL
1410,Tableau
1410,Python
1410,AWS
1410,Pandas
1411,Data Visualization
1411,SQL
1411,MySQL
1411,Tableau
1411,Machine Learning
1411,Power BI
1411,ETL
1412,Tableau
1412,MySQL
1412,SQL
1412,Statistics
1412,Data Visualization
1412,Power BI
1413,Tableau
1413,Machine Learning
1413,AWS
1413,Pandas
1413,Python
1413,Data Visualization
1414,Tableau
1414,Python
1414,AWS
1414,MySQL
1414,Power BI
1414,Machine Learning
1414,ETL
1415,SQL
1415,ETL
1415,Tableau
1415,MySQL
1416,AWS
1416,Power BI
1416,Tableau
1416,ETL
1416,SQL
1417,Data Visualization
1417,ETL
1417,Pandas
1417,Tableau
1417,Python
1417,SQL
1418,Tableau
1418,Excel
1418,Python
1418,Power BI
1418,AWS
1419,AWS
1419,Tableau
1419,SQL
1419,Data Visualization
1420,Excel
1420,AWS
1420,ETL
1420,Python
1420,Statistics
1421,Pandas
1421,Excel
1421,Statistics
1421,MySQL
1421,ETL
1421,Data Visualization
1421,Python
1422,Data Visualization
1422,Excel
1422,MySQL
1422,Tableau
1422,Power BI
1423,AWS
1423,Statistics
1423,Data Visualization
1423,Pandas
1423,Excel
1424,Data Visualization
1424,Tableau
1424,Python
1424,MySQL
1424,SQL
1424,Machine Learning
1424,Excel
1425,Excel
1425,Python
1425,Statistics
1425,Power BI
1426,Statistics
1426,AWS
1426,Pandas
1426,Excel
1426,Python
1426,MySQL
1427,Power BI
1427,Machine Learning
1427,SQL
1427,Data Visualization
1427,ETL
1427,Excel
1428,Pandas
1428,AWS
1428,Excel
1428,Data Visualization
1429,ETL
1429,Tableau
1429,SQL
1429,Machine Learning
1429,Python
1429,Data Visualization
1429,MySQL
1430,Statistics
1430,Power BI
1430,SQL
1430,Machine Learning
1430,AWS
1430,Tableau
1431,Data Visualization
1431,Tableau
1431,Machine Learning
1431,MySQL
1431,SQL
1432,Pandas
1432,MySQL
1432,Data Visualization
1432,Power BI
1432,Excel
1432,Machine Learning
1432,ETL
1433,Machine Learning
1433,ETL
1433,Statistics
1433,Power BI
1433,Pandas
1433,Python
1434,MySQL
1434,SQL
1434,Pandas
1434,Tableau
1434,Machine Learning
1434,AWS
1435,SQL
1435,Power BI
1435,Tableau
1435,Excel
1436,MySQL
1436,Tableau
1436,SQL
1436,ETL
1436,AWS
1436,Statistics
1436,Pandas
1437,AWS
1437,MySQL
1437,Pandas
1437,Power BI
1437,Tableau
1438,Machine Learning
1438,Statistics
1438,AWS
1438,Excel
1438,Python
1439,MySQL
1439,Power BI
1439,SQL
1439,Python
1439,Excel
1439,ETL
1439,Machine Learning
1440,Machine Learning
1440,Tableau
1440,Excel
1440,Power BI
1440,Data Visualization
1440,Statistics
1440,MySQL
1441,Pandas
1441,ETL
1441,MySQL
1441,Python
1441,Machine Learning
1441,Statistics
1442,SQL
1442,AWS
1442,Excel
1442,ETL
1442,Machine Learning
1442,Data Visualization
1443,Excel
1443,Data Visualization
1443,SQL
1443,Machine Learning
1443,Pandas
1443,MySQL
1444,MySQL
1444,Pandas
1444,Machine Learning
1444,ETL
1444,Excel
1444,Python
1445,Machine Learning
1445,ETL
1445,MySQL
1445,Tableau
1445,Python
1445,Data Visualization
1445,Power BI
1446,Tableau
1446,SQL
1446,Python
1446,Power BI
1446,AWS
1447,Tableau
1447,Python
1447,SQL
1447,Power BI
1448,ETL
1448,SQL
1448,Excel
1448,Tableau
1449,SQL
1449,AWS
1449,Machine Learning
1449,MySQL
1449,Statistics
1449,Power BI
1450,Python
1450,AWS
1450,MySQL
1450,ETL
1450,Machine Learning
1450,Power BI
1450,Statistics
1451,Power BI
1451,Machine Learning
1451,AWS
1451,Statistics
1451,Tableau
1452,ETL
1452,Statistics
1452,MySQL
1452,Power BI
1452,Excel
1452,Python
1452,SQL
1453,Excel
1453,Tableau
1453,Python
1453,MySQL
1454,Pandas
1454,Excel
1454,Tableau
1454,MySQL
1455,Machine Learning
1455,Excel
1455,Pandas
1455,MySQL
1455,ETL
1455,Data Visualization
1456,AWS
1456,ETL
1456,Python
1456,Data Visualization
1456,Pandas
1457,Excel
1457,Power BI
1457,Tableau
1457,SQL
1458,Power BI
1458,Data Visualization
1458,ETL
1458,SQL
1458,Excel
1458,Statistics
1459,AWS
1459,Tableau
1459,Statistics
1459,SQL
1460,Excel
1460,Power BI
1460,Statistics
1460,MySQL
1460,Data Visualization
1460,Pandas
1461,Data Visualization
1461,Power BI
1461,Excel
1461,AWS
1461,Python
1461,ETL
1461,Tableau
1462,Statistics
1462,Tableau
1462,Excel
1462,SQL
1463,MySQL
1463,Pandas
1463,Python
1463,Data Visualization
1463,Power BI
1464,Machine Learning
1464,Excel
1464,Data Visualization
1464,Tableau
1464,ETL
1464,MySQL
1464,Statistics
1465,AWS
1465,ETL
1465,MySQL
1465,Machine Learning
1465,Python
1466,Data Visualization
1466,Pandas
1466,Power BI
1466,Excel
1467,ETL
1467,Excel
1467,Python
1467,Power BI
1467,AWS
1467,Pandas
1467,Statistics
1468,Statistics
1468,Tableau
1468,AWS
1468,Data Visualization
1468,ETL
1468,Python
1469,Pandas
1469,Machine Learning
1469,Statistics
1469,Excel
1469,Tableau
1469,SQL
1469,Python
1470,MySQL
1470,ETL
1470,SQL
1470,Statistics
1470,Machine Learning
1470,Pandas
1470,Tableau
1471,Power BI
1471,Data Visualization
1471,AWS
1471,SQL
1472,SQL
1472,Data Visualization
1472,Machine Learning
1472,Excel
1472,ETL
1473,Tableau
1473,Data Visualization
1473,Power BI
1473,Excel
1473,SQL
1473,Machine Learning
1473,Python
1474,ETL
1474,Python
1474,Statistics
1474,MySQL
1475,Machine Learning
1475,Data Visualization
1475,ETL
1475,Pandas
1475,Tableau
1476,Machine Learning
1476,ETL
1476,Power BI
1476,Statistics
1476,Pandas
1476,Python
1476,Excel
1477,Data Visualization
1477,Tableau
1477,Python
1477,ETL
1477,SQL
1478,MySQL
1478,Power BI
1478,Statistics
1478,Excel
1479,ETL
1479,Python
1479,AWS
1479,MySQL
1479,Machine Learning
1479,SQL
1479,Excel
1480,Power BI
1480,ETL
1480,SQL
1480,Python
1480,Machine Learning
1480,Pandas
1481,Power BI
1481,Tableau
1481,Pandas
1481,SQL
1481,Python
1481,Machine Learning
1481,AWS
1482,AWS
1482,Pandas
1482,Statistics
1482,Machine Learning
1483,Statistics
1483,Excel
1483,Tableau
1483,MySQL
1483,Power BI
1483,SQL
1483,Pandas
1484,Power BI
1484,Statistics
1484,Python
1484,Excel
1485,Tableau
1485,Statistics
1485,Pandas
1485,Python
1485,Excel
1486,Machine Learning
1486,Python
1486,ETL
1486,SQL
1486,Tableau
1486,Data Visualization
1487,Excel
1487,MySQL
1487,Statistics
1487,Pandas
1487,AWS
1487,Tableau
1487,Power BI
1488,ETL
1488,Excel
1488,Statistics
1488,AWS
1489,Machine Learning
1489,Excel
1489,SQL
1489,MySQL
1489,Python
1489,Pandas
1490,ETL
1490,Pandas
1490,Power BI
1490,Statistics
1490,SQL
1490,Machine Learning
1491,Python
1491,Machine Learning
1491,SQL
1491,Data Visualization
1491,MySQL
1492,Statistics
1492,Tableau
1492,AWS
1492,Machine Learning
1493,Data Visualization
1493,Pandas
1493,ETL
1493,Python
1493,Statistics
1494,MySQL
1494,AWS
1494,Pandas
1494,Statistics
1494,Data Visualization
1495,Pandas
1495,Excel
1495,Tableau
1495,Data Visualization
1496,Pandas
1496,MySQL
1496,SQL
1496,AWS
1496,Excel
1497,SQL
1497,Power BI
1497,Statistics
1497,ETL
1497,Tableau
1497,Python
1498,ETL
1498,AWS
1498,Pandas
1498,Power BI
1498,Data Visualization
1499,Machine Learning
1499,Data Visualization
1499,MySQL
1499,AWS
1499,Statistics
1500,ETL
1500,Machine Learning
1500,Pandas
1500,SQL
1500,Power BI
1500,Excel
1500,Python
1501,Pandas
1501,Power BI
1501,MySQL
1501,Tableau
1501,Machine Learning
1501,AWS
1502,Power BI
1502,ETL
1502,MySQL
1502,Python
1502,Statistics
1503,Pandas
1503,Data Visualization
1503,Excel
1503,Statistics
1503,Python
1503,AWS
1504,AWS
1504,ETL
1504,Statistics
1504,Excel
1504,Data Visualization
1504,Pandas
1504,SQL
1505,Pandas
1505,Data Visualization
1505,Excel
1505,Power BI
1505,Python
1505,Statistics
1505,ETL
1506,Tableau
1506,Power BI
1506,Machine Learning
1506,AWS
1506,Excel
1507,Tableau
1507,Data Visualization
1507,AWS
1507,ETL
1508,ETL
1508,Machine Learning
1508,Tableau
1508,Power BI
1508,Pandas
1509,Power BI
1509,Statistics
1509,Machine Learning
1509,SQL
1509,Python
1509,MySQL
1510,SQL
1510,Machine Learning
1510,Python
1510,Power BI
1510,MySQL
1510,Data Visualization
1510,Pandas
1511,SQL
1511,MySQL
1511,Excel
1511,AWS
1511,Statistics
1511,ETL
1511,Python
1512,Pandas
1512,Data Visualization
1512,AWS
1512,Machine Learning
1512,MySQL
1513,AWS
1513,Pandas
1513,Excel
1513,Statistics
1513,Tableau
1513,MySQL
1514,AWS
1514,Tableau
1514,Power BI
1514,Statistics
1515,Data Visualization
1515,Excel
1515,ETL
1515,Pandas
1515,Python
1515,MySQL
1516,MySQL
1516,Pandas
1516,SQL
1516,Python
1517,Machine Learning
1517,Power BI
1517,MySQL
1517,Statistics
1518,Machine Learning
1518,Tableau
1518,AWS
1518,MySQL
1518,Pandas
1518,Power BI
1519,Data Visualization
1519,Tableau
1519,Pandas
1519,SQL
1520,SQL
1520,MySQL
1520,Machine Learning
1520,Excel
1520,Tableau
1521,Statistics
1521,Excel
1521,Power BI
1521,AWS
1521,ETL
1522,Python
1522,Excel
1522,Pandas
1522,Power BI
1523,Machine Learning
1523,SQL
1523,MySQL
1523,Power BI
1523,Python
1524,Statistics
1524,Pandas
1524,Power BI
1524,Tableau
1525,Tableau
1525,SQL
1525,Data Visualization
1525,Python
1525,ETL
1526,Power BI
1526,Excel
1526,MySQL
1526,Pandas
1526,Python
1526,Data Visualization
1526,ETL
1527,Power BI
1527,Machine Learning
1527,Tableau
1527,ETL
1527,Python
1527,Pandas
1527,Statistics
1528,Statistics
1528,Pandas
1528,Machine Learning
1528,ETL
1529,Tableau
1529,MySQL
1529,Pandas
1529,ETL
1529,Statistics
1529,Machine Learning
1530,Excel
1530,Data Visualization
1530,Machine Learning
1530,Python
1531,Power BI
1531,Python
1531,Statistics
1531,Pandas
1531,AWS
1532,Python
1532,Pandas
1532,ETL
1532,Machine Learning
1532,Excel
1532,Data Visualization
1533,Tableau
1533,Statistics
1533,ETL
1533,Machine Learning
1534,Pandas
1534,Tableau
1534,ETL
1534,Python
1534,Statistics
1535,Python
1535,Excel
1535,AWS
1535,SQL
1535,Power BI
1536,Pandas
1536,Machine Learning
1536,Python
1536,MySQL
1536,Excel
1537,Tableau
1537,AWS
1537,MySQL
1537,Python
1537,Pandas
1537,Excel
1538,MySQL
1538,Power BI
1538,Python
1538,Statistics
1539,Excel
1539,Machine Learning
1539,Statistics
1539,Data Visualization
1539,MySQL
1539,Pandas
1539,Python
1540,Machine Learning
1540,AWS
1540,Power BI
1540,SQL
1540,Statistics
1540,Data Visualization
1541,Statistics
1541,Excel
1541,Tableau
1541,AWS
1541,Power BI
1541,ETL
1541,Python
1542,Tableau
1542,Power BI
1542,SQL
1542,Excel
1542,Statistics
1543,Pandas
1543,Tableau
1543,AWS
1543,Power BI
1543,Machine Learning
1543,ETL
1544,Power BI
1544,Python
1544,Excel
1544,Statistics
1544,Data Visualization
1545,ETL
1545,Tableau
1545,MySQL
1545,Excel
1545,Statistics
1545,Power BI
1545,Python
1546,Tableau
1546,Excel
1546,AWS
1546,Power BI
1546,Data Visualization
1546,SQL
1547,Tableau
1547,AWS
1547,Power BI
1547,SQL
1548,Machine Learning
1548,Pandas
1548,AWS
1548,Power BI
1549,Tableau
1549,AWS
1549,SQL
1549,Power BI
1550,Power BI
1550,MySQL
1550,Pandas
1550,Statistics
1550,Python
1550,Excel
1551,Excel
1551,Pandas
1551,Power BI
1551,Statistics
1551,AWS
1551,MySQL
1552,AWS
1552,Python
1552,Machine Learning
1552,Statistics
1552,Tableau
1552,Excel
1552,Power BI
1553,SQL
1553,Data Visualization
1553,ETL
1553,AWS
1553,MySQL
1553,Python
1553,Power BI
1554,Pandas
1554,Machine Learning
1554,Tableau
1554,SQL
1554,Power BI
1555,MySQL
1555,Excel
1555,Pandas
1555,Tableau
1555,SQL
1556,Statistics
1556,Machine Learning
1556,Tableau
1556,AWS
1557,Statistics
1557,ETL
1557,AWS
1557,Data Visualization
1557,Python
1557,MySQL
1557,Pandas
1558,Data Visualization
1558,Python
1558,AWS
1558,Pandas
1558,ETL
1558,Machine Learning
1558,Excel
1559,MySQL
1559,Tableau
1559,Pandas
1559,Excel
1559,ETL
1559,SQL
1560,Excel
1560,SQL
1560,AWS
1560,MySQL
1561,Statistics
1561,MySQL
1561,Tableau
1561,Python
1562,Power BI
1562,Machine Learning
1562,Data Visualization
1562,Statistics
1563,Tableau
1563,Pandas
1563,Machine Learning
1563,Python
1563,MySQL
1564,AWS
1564,MySQL
1564,Tableau
1564,Power BI
1564,Pandas
1564,Machine Learning
1565,Excel
1565,Data Visualization
1565,Machine Learning
1565,Tableau
1565,SQL
1565,AWS
1565,MySQL
1566,Statistics
1566,Machine Learning
1566,ETL
1566,Tableau
1566,Pandas
1566,AWS
1566,Python
1567,Data Visualization
1567,Python
1567,MySQL
1567,Excel
1567,Power BI
1568,Tableau
1568,Data Visualization
1568,Machine Learning
1568,Excel
1568,Pandas
1569,AWS
1569,Pandas
1569,SQL
1569,Power BI
1570,Statistics
1570,Excel
1570,Python
1570,Pandas
1570,ETL
1570,Data Visualization
1570,Machine Learning
1571,MySQL
1571,Tableau
1571,Pandas
1571,AWS
1571,SQL
1572,ETL
1572,Tableau
1572,Statistics
1572,MySQL
1572,Python
1572,SQL
1573,Excel
1573,Power BI
1573,SQL
1573,Pandas
1573,AWS
1574,Tableau
1574,Excel
1574,AWS
1574,SQL
1574,ETL
1574,Power BI
1574,Statistics
1575,Machine Learning
1575,Python
1575,Data Visualization
1575,AWS
1575,Pandas
1575,Statistics
1576,Statistics
1576,Tableau
1576,Machine Learning
1576,Python
1577,MySQL
1577,Excel
1577,Statistics
1577,SQL
1577,Data Visualization
1577,Power BI
1578,Data Visualization
1578,Python
1578,Excel
1578,Tableau
1578,SQL
1578,AWS
1579,SQL
1579,Statistics
1579,Machine Learning
1579,Power BI
1579,Data Visualization
1580,AWS
1580,Power BI
1580,ETL
1580,Excel
1580,Statistics
1581,SQL
1581,Machine Learning
1581,Data Visualization
1581,Statistics
1581,Excel
1581,Python
1581,ETL
1582,Power BI
1582,Statistics
1582,AWS
1582,Excel
1582,Tableau
1583,ETL
1583,Data Visualization
1583,Statistics
1583,MySQL
1583,Power BI
1583,AWS
1583,SQL
1584,ETL
1584,SQL
1584,Excel
1584,Machine Learning
1585,Machine Learning
1585,Data Visualization
1585,Statistics
1585,Pandas
1586,Statistics
1586,Data Visualization
1586,Pandas
1586,AWS
1587,Tableau
1587,Excel
1587,MySQL
1587,Power BI
1587,ETL
1587,Pandas
1587,Data Visualization
1588,Data Visualization
1588,Python
1588,MySQL
1588,AWS
1588,Statistics
1589,Data Visualization
1589,Tableau
1589,MySQL
1589,AWS
1589,SQL
1590,Power BI
1590,Pandas
1590,Excel
1590,Tableau
1590,MySQL
1590,Data Visualization
1591,ETL
1591,Power BI
1591,MySQL
1591,Statistics
1591,Pandas
1592,MySQL
1592,ETL
1592,Tableau
1592,Python
1593,Pandas
1593,Excel
1593,SQL
1593,Power BI
1593,MySQL
1593,Tableau
1593,Statistics
1594,Power BI
1594,Tableau
1594,MySQL
1594,SQL
1594,AWS
1595,Tableau
1595,AWS
1595,SQL
1595,ETL
1595,Power BI
1596,Statistics
1596,Power BI
1596,Tableau
1596,AWS
1596,SQL
1596,Data Visualization
1596,Pandas
1597,Machine Learning
1597,Excel
1597,Data Visualization
1597,MySQL
1597,AWS
1597,Pandas
1597,Tableau
1598,Statistics
1598,ETL
1598,Python
1598,AWS
1598,SQL
1598,MySQL
1599,Power BI
1599,AWS
1599,Pandas
1599,Data Visualization
1599,Machine Learning
1599,ETL
1600,AWS
1600,Python
1600,Machine Learning
1600,Data Visualization
1600,SQL
1600,Tableau
1600,Pandas
1601,Tableau
1601,Machine Learning
1601,Python
1601,SQL
1601,Power BI
1601,Pandas
1602,ETL
1602,Python
1602,AWS
1602,Pandas
1602,Excel
1602,SQL
1602,Statistics
1603,MySQL
1603,Power BI
1603,SQL
1603,Data Visualization
1603,Machine Learning
1603,Python
1603,AWS
1604,Power BI
1604,ETL
1604,Statistics
1604,Tableau
1604,MySQL
1604,AWS
1604,Python
1605,AWS
1605,Machine Learning
1605,Tableau
1605,ETL
1606,AWS
1606,Power BI
1606,MySQL
1606,Pandas
1606,Data Visualization
1607,MySQL
1607,ETL
1607,Power BI
1607,SQL
1607,Statistics
1607,AWS
1607,Pandas
1608,MySQL
1608,SQL
1608,Tableau
1608,AWS
1608,Machine Learning
1608,Statistics
1608,Excel
1609,Python
1609,MySQL
1609,Power BI
1609,Machine Learning
1609,Excel
1609,AWS
1610,AWS
1610,ETL
1610,MySQL
1610,Data Visualization
1610,Machine Learning
1610,Tableau
1610,Excel
1611,Pandas
1611,Tableau
1611,Python
1611,Excel
1611,Machine Learning
1612,SQL
1612,AWS
1612,Statistics
1612,Python
1612,Power BI
1613,Tableau
1613,MySQL
1613,AWS
1613,Excel
1613,ETL
1613,Machine Learning
1613,Pandas
1614,MySQL
1614,Python
1614,AWS
1614,Power BI
1614,ETL
1615,Machine Learning
1615,Python
1615,Statistics
1615,SQL
1616,Python
1616,Machine Learning
1616,Excel
1616,Tableau
1616,AWS
1616,SQL
1616,Data Visualization
1617,Machine Learning
1617,ETL
1617,Excel
1617,Statistics
1617,SQL
1618,Tableau
1618,Pandas
1618,SQL
1618,Machine Learning
1618,Power BI
1619,Pandas
1619,ETL
1619,SQL
1619,Power BI
1619,Python
1619,Machine Learning
1619,Excel
1620,Tableau
1620,Power BI
1620,Python
1620,MySQL
1620,Machine Learning
1620,Pandas
1621,Python
1621,ETL
1621,Statistics
1621,Power BI
1622,Statistics
1622,ETL
1622,Tableau
1622,Data Visualization
1623,ETL
1623,Statistics
1623,Python
1623,Tableau
1623,Data Visualization
1623,Excel
1624,Tableau
1624,Machine Learning
1624,SQL
1624,AWS
1625,Excel
1625,Power BI
1625,Python
1625,Statistics
1625,Tableau
1626,Tableau
1626,Power BI
1626,Statistics
1626,Python
1626,ETL
1626,AWS
1627,Python
1627,Machine Learning
1627,ETL
1627,Power BI
1628,MySQL
1628,Pandas
1628,Python
1628,Data Visualization
1628,ETL
1629,AWS
1629,Tableau
1629,ETL
1629,Pandas
1629,Statistics
1630,SQL
1630,AWS
1630,Statistics
1630,MySQL
1630,ETL
1630,Data Visualization
1630,Power BI
1631,MySQL
1631,Pandas
1631,Data Visualization
1631,SQL
1631,Python
1631,Tableau
1631,AWS
1632,Data Visualization
1632,Excel
1632,ETL
1632,Machine Learning
1632,SQL
1632,Pandas
1632,Tableau
1633,Statistics
1633,SQL
1633,ETL
1633,Data Visualization
1633,Machine Learning
1634,Python
1634,Statistics
1634,Data Visualization
1634,Excel
1634,ETL
1635,Data Visualization
1635,Pandas
1635,SQL
1635,Excel
1636,SQL
1636,Tableau
1636,MySQL
1636,AWS
1636,Python
1636,Excel
1637,Python
1637,AWS
1637,MySQL
1637,Tableau
1637,Data Visualization
1638,AWS
1638,Excel
1638,SQL
1638,Power BI
1638,ETL
1638,Tableau
1639,Machine Learning
1639,Excel
1639,Data Visualization
1639,AWS
1639,Python
1639,MySQL
1640,ETL
1640,Machine Learning
1640,Tableau
1640,Data Visualization
1640,Statistics
1640,Power BI
1641,ETL
1641,Statistics
1641,Machine Learning
1641,Tableau
1641,Power BI
1641,AWS
1641,MySQL
1642,Machine Learning
1642,Pandas
1642,AWS
1642,Python
1642,ETL
1643,Pandas
1643,Machine Learning
1643,Python
1643,SQL
1643,Excel
1643,ETL
1644,Python
1644,Power BI
1644,Excel
1644,SQL
1644,AWS
1645,Tableau
1645,Data Visualization
1645,Machine Learning
1645,ETL
1646,Power BI
1646,Pandas
1646,ETL
1646,Python
1647,SQL
1647,Data Visualization
1647,Python
1647,AWS
1647,Pandas
1647,Excel
1648,Python
1648,AWS
1648,Power BI
1648,Statistics
1648,Data Visualization
1648,Machine Learning
1649,Machine Learning
1649,Excel
1649,ETL
1649,Statistics
1650,Data Visualization
1650,Power BI
1650,Python
1650,SQL
1650,MySQL
1651,MySQL
1651,Power BI
1651,Data Visualization
1651,Statistics
1651,Python
1651,ETL
1651,AWS
1652,Python
1652,MySQL
1652,SQL
1652,ETL
1652,Power BI
1652,Pandas
1653,Data Visualization
1653,Tableau
1653,MySQL
1653,Pandas
1653,Statistics
1653,Excel
1653,Machine Learning
1654,SQL
1654,Power BI
1654,Data Visualization
1654,Statistics
1654,ETL
1654,Excel
1654,Tableau
1655,AWS
1655,Data Visualization
1655,SQL
1655,Python
1655,Machine Learning
1655,MySQL
1655,Tableau
1656,MySQL
1656,Tableau
1656,SQL
1656,AWS
1656,Pandas
1657,Excel
1657,AWS
1657,Power BI
1657,ETL
1658,Power BI
1658,AWS
1658,SQL
1658,Python
1659,Tableau
1659,AWS
1659,SQL
1659,Data Visualization
1660,Python
1660,Pandas
1660,MySQL
1660,AWS
1660,Machine Learning
1660,Tableau
1661,Power BI
1661,MySQL
1661,ETL
1661,Tableau
1662,AWS
1662,MySQL
1662,Tableau
1662,Data Visualization
1662,Python
1663,Machine Learning
1663,MySQL
1663,Pandas
1663,ETL
1663,Excel
1663,SQL
1663,Power BI
1664,ETL
1664,Excel
1664,SQL
1664,Statistics
1665,AWS
1665,Excel
1665,MySQL
1665,Power BI
1665,ETL
1665,SQL
1666,Tableau
1666,Data Visualization
1666,Python
1666,Machine Learning
1666,Power BI
1666,Statistics
1667,Power BI
1667,Data Visualization
1667,Pandas
1667,MySQL
1667,AWS
1667,Machine Learning
1668,MySQL
1668,Tableau
1668,Python
1668,Statistics
1668,Excel
1668,ETL
1669,Tableau
1669,Machine Learning
1669,Pandas
1669,Data Visualization
1669,ETL
1670,Excel
1670,Power BI
1670,ETL
1670,SQL
1670,AWS
1670,Data Visualization
1670,Machine Learning
1671,Data Visualization
1671,Machine Learning
1671,SQL
1671,Pandas
1671,MySQL
1672,MySQL
1672,Excel
1672,Data Visualization
1672,Statistics
1673,Statistics
1673,Power BI
1673,SQL
1673,Machine Learning
1673,Pandas
1674,Excel
1674,ETL
1674,Tableau
1674,Power BI
1674,Machine Learning
1675,Machine Learning
1675,ETL
1675,Power BI
1675,SQL
1675,MySQL
1675,AWS
1675,Tableau
1676,Data Visualization
1676,Machine Learning
1676,Power BI
1676,Tableau
1676,AWS
1676,Statistics
1677,Pandas
1677,Python
1677,Power BI
1677,Excel
1677,MySQL
1677,Statistics
1677,AWS
1678,AWS
1678,Excel
1678,ETL
1678,Machine Learning
1678,Statistics
1679,Pandas
1679,Excel
1679,Statistics
1679,Machine Learning
1680,Data Visualization
1680,Pandas
1680,Python
1680,AWS
1680,Excel
1680,SQL
1680,Statistics
1681,MySQL
1681,Machine Learning
1681,Excel
1681,ETL
1681,SQL
1681,Data Visualization
1682,Excel
1682,AWS
1682,Data Visualization
1682,Machine Learning
1682,Tableau
1682,SQL
1683,Python
1683,Statistics
1683,Excel
1683,SQL
1683,AWS
1683,Pandas
1684,ETL
1684,Pandas
1684,AWS
1684,Python
1684,Excel
1685,Pandas
1685,Statistics
1685,Machine Learning
1685,MySQL
1686,Pandas
1686,AWS
1686,Machine Learning
1686,SQL
1686,ETL
1686,Statistics
1687,MySQL
1687,Data Visualization
1687,Power BI
1687,Machine Learning
1687,SQL
1687,Python
1687,Excel
1688,MySQL
1688,Data Visualization
1688,Machine Learning
1688,AWS
1688,ETL
1689,Machine Learning
1689,Power BI
1689,Statistics
1689,Python
1689,Tableau
1689,MySQL
1689,ETL
1690,SQL
1690,Pandas
1690,Power BI
1690,ETL
1691,Tableau
1691,Data Visualization
1691,SQL
1691,AWS
1691,Python
1691,ETL
1692,Python
1692,Pandas
1692,Data Visualization
1692,Power BI
1692,Machine Learning
1692,MySQL
1693,SQL
1693,AWS
1693,Excel
1693,Machine Learning
1694,ETL
1694,Pandas
1694,MySQL
1694,Tableau
1695,Pandas
1695,SQL
1695,Tableau
1695,MySQL
1695,Excel
1695,AWS
1695,ETL
1696,Pandas
1696,Power BI
1696,SQL
1696,Python
1696,Tableau
1696,Machine Learning
1696,MySQL
1697,Excel
1697,Python
1697,AWS
1697,Statistics
1698,Python
1698,AWS
1698,Power BI
1698,ETL
1698,Machine Learning
1698,Tableau
1699,Excel
1699,MySQL
1699,SQL
1699,Pandas
1699,Power BI
1699,AWS
1700,Excel
1700,ETL
1700,Tableau
1700,Statistics
1700,MySQL
1701,Excel
1701,Python
1701,Pandas
1701,Machine Learning
1701,AWS
1701,Data Visualization
1701,MySQL
1702,Power BI
1702,Statistics
1702,Tableau
1702,MySQL
1702,AWS
1702,Machine Learning
1702,Python
1703,Data Visualization
1703,Statistics
1703,Python
1703,Machine Learning
1703,AWS
1704,Data Visualization
1704,Pandas
1704,AWS
1704,Excel
1704,Machine Learning
1704,MySQL
1705,Pandas
1705,AWS
1705,Python
1705,MySQL
1705,Tableau
1705,Excel
1705,Data Visualization
1706,SQL
1706,Data Visualization
1706,ETL
1706,AWS
1707,SQL
1707,Data Visualization
1707,MySQL
1707,AWS
1707,Excel
1708,Statistics
1708,Machine Learning
1708,Python
1708,Excel
1709,Pandas
1709,MySQL
1709,Data Visualization
1709,Tableau
1709,Machine Learning
1709,SQL
1710,Excel
1710,AWS
1710,Statistics
1710,ETL
1711,Machine Learning
1711,Power BI
1711,AWS
1711,Python
1711,Data Visualization
1712,Pandas
1712,Tableau
1712,SQL
1712,Python
1712,Excel
1713,Tableau
1713,Data Visualization
1713,Excel
1713,Statistics
1713,SQL
1713,Machine Learning
1714,Tableau
1714,Pandas
1714,MySQL
1714,Machine Learning
1714,ETL
1715,Machine Learning
1715,Power BI
1715,Statistics
1715,SQL
1715,Data Visualization
1715,ETL
1715,Python
1716,Statistics
1716,Tableau
1716,MySQL
1716,SQL
1717,SQL
1717,AWS
1717,Statistics
1717,Power BI
1717,Python
1717,Tableau
1717,Data Visualization
1718,Excel
1718,ETL
1718,Tableau
1718,AWS
1718,Pandas
1719,Machine Learning
1719,SQL
1719,Excel
1719,MySQL
1720,AWS
1720,Power BI
1720,Pandas
1720,Tableau
1721,Power BI
1721,SQL
1721,Python
1721,Statistics
1721,ETL
1721,Excel
1722,Tableau
1722,AWS
1722,SQL
1722,Python
1723,SQL
1723,Python
1723,AWS
1723,MySQL
1723,Data Visualization
1723,Pandas
1724,Statistics
1724,AWS
1724,Excel
1724,Pandas
1724,Tableau
1724,SQL
1724,ETL
1725,ETL
1725,Tableau
1725,Python
1725,SQL
1726,Python
1726,Tableau
1726,Excel
1726,ETL
1726,MySQL
1727,Excel
1727,Pandas
1727,Power BI
1727,Tableau
1727,AWS
1728,Python
1728,Tableau
1728,SQL
1728,Power BI
1728,Data Visualization
1729,Tableau
1729,Data Visualization
1729,Machine Learning
1729,ETL
1729,AWS
1729,Statistics
1730,SQL
1730,Tableau
1730,Excel
1730,Data Visualization
1730,ETL
1731,Python
1731,AWS
1731,Tableau
1731,SQL
1731,Power BI
1732,Power BI
1732,SQL
1732,Data Visualization
1732,Machine Learning
1732,MySQL
1732,Excel
1732,ETL
1733,Statistics
1733,Power BI
1733,Machine Learning
1733,Python
1733,SQL
1733,Data Visualization
1734,ETL
1734,Power BI
1734,Python
1734,SQL
1734,Data Visualization
1735,Excel
1735,Python
1735,Data Visualization
1735,MySQL
1735,Machine Learning
1735,Tableau
1736,Power BI
1736,AWS
1736,Machine Learning
1736,ETL
1736,Pandas
1737,Machine Learning
1737,MySQL
1737,AWS
1737,SQL
1738,Data Visualization
1738,MySQL
1738,Tableau
1738,Pandas
1738,Machine Learning
1739,Python
1739,AWS
1739,Statistics
1739,Power BI
1739,Machine Learning
1740,Machine Learning
1740,Statistics
1740,MySQL
1740,Python
1740,SQL
1740,AWS
1740,Excel
1741,Data Visualization
1741,Statistics
1741,Machine Learning
1741,SQL
1741,MySQL
1741,Pandas
1742,Excel
1742,Data Visualization
1742,Pandas
1742,Machine Learning
1743,Excel
1743,SQL
1743,Statistics
1743,Pandas
1743,Power BI
1744,Data Visualization
1744,Power BI
1744,Python
1744,SQL
1745,Pandas
1745,Tableau
1745,AWS
1745,MySQL
1745,ETL
1745,Statistics
1745,Excel
1746,Statistics
1746,Power BI
1746,Excel
1746,Data Visualization
1747,Data Visualization
1747,Machine Learning
1747,Pandas
1747,SQL
1747,Power BI
1747,ETL
1748,Power BI
1748,ETL
1748,Python
1748,Machine Learning
1748,Data Visualization
1749,ETL
1749,AWS
1749,Power BI
1749,Excel
1749,Python
1749,Tableau
1750,Machine Learning
1750,Data Visualization
1750,AWS
1750,Tableau
1750,Pandas
1750,Power BI
1751,Data Visualization
1751,Python
1751,MySQL
1751,Excel
1752,Statistics
1752,ETL
1752,SQL
1752,Tableau
1752,Data Visualization
1753,Data Visualization
1753,Power BI
1753,Tableau
1753,Machine Learning
1753,Excel
1753,Python
1753,AWS
1754,Statistics
1754,Python
1754,Power BI
1754,Machine Learning
1755,Tableau
1755,Pandas
1755,Data Visualization
1755,AWS
1756,Statistics
1756,Python
1756,Data Visualization
1756,Tableau
1756,ETL
1756,Power BI
1756,MySQL
1757,Tableau
1757,Statistics
1757,Power BI
1757,AWS
1757,MySQL
1757,Excel
1758,Machine Learning
1758,AWS
1758,Data Visualization
1758,MySQL
1758,Python
1758,SQL
1758,Power BI
1759,ETL
1759,Excel
1759,Statistics
1759,MySQL
1760,Power BI
1760,Tableau
1760,Data Visualization
1760,MySQL
1760,Pandas
1761,Statistics
1761,Python
1761,MySQL
1761,SQL
1761,Pandas
1762,MySQL
1762,Tableau
1762,Data Visualization
1762,SQL
1762,Power BI
1762,Statistics
1762,AWS
1763,Pandas
1763,ETL
1763,Data Visualization
1763,MySQL
1763,Python
1763,SQL
1764,Tableau
1764,ETL
1764,Pandas
1764,AWS
1764,Power BI
1764,Python
1765,Power BI
1765,SQL
1765,Tableau
1765,Machine Learning
1766,MySQL
1766,Data Visualization
1766,Python
1766,Statistics
1766,ETL
1766,SQL
1766,Tableau
1767,Data Visualization
1767,MySQL
1767,Statistics
1767,SQL
1767,ETL
1768,Machine Learning
1768,Statistics
1768,AWS
1768,MySQL
1769,Pandas
1769,AWS
1769,SQL
1769,Python
1770,Tableau
1770,Pandas
1770,ETL
1770,Statistics
1770,Excel
1771,Python
1771,Machine Learning
1771,Pandas
1771,Tableau
1772,ETL
1772,Machine Learning
1772,MySQL
1772,AWS
1772,Tableau
1772,Data Visualization
1772,Python
1773,Power BI
1773,SQL
1773,Machine Learning
1773,ETL
1773,MySQL
1773,Statistics
1773,Data Visualization
1774,ETL
1774,Python
1774,Data Visualization
1774,SQL
1775,Pandas
1775,Data Visualization
1775,AWS
1775,MySQL
1775,Tableau
1775,Machine Learning
1775,ETL
1776,MySQL
1776,Machine Learning
1776,Pandas
1776,Power BI
1776,Python
1776,Excel
1777,Machine Learning
1777,ETL
1777,Data Visualization
1777,MySQL
1778,MySQL
1778,Statistics
1778,ETL
1778,Excel
1778,Pandas
1779,Excel
1779,ETL
1779,AWS
1779,Python
1779,Tableau
1780,Tableau
1780,Excel
1780,AWS
1780,Pandas
1780,Statistics
1780,Machine Learning
1781,Pandas
1781,Data Visualization
1781,Statistics
1781,Tableau
1781,Excel
1782,Statistics
1782,SQL
1782,Python
1782,Machine Learning
1782,MySQL
1782,Data Visualization
1783,Machine Learning
1783,Python
1783,Tableau
1783,Statistics
1783,SQL
1784,Tableau
1784,SQL
1784,ETL
1784,Data Visualization
1784,MySQL
1784,Excel
1784,Python
1785,Python
1785,Statistics
1785,Machine Learning
1785,SQL
1786,Pandas
1786,Machine Learning
1786,Data Visualization
1786,MySQL
1786,ETL
1786,Excel
1787,Statistics
1787,Tableau
1787,Excel
1787,MySQL
1787,AWS
1788,Data Visualization
1788,Power BI
1788,AWS
1788,Statistics
1788,Pandas
1789,MySQL
1789,Python
1789,Pandas
1789,ETL
1789,Tableau
1790,ETL
1790,Python
1790,Tableau
1790,Machine Learning
1790,AWS
1791,MySQL
1791,Statistics
1791,Data Visualization
1791,Tableau
1792,Power BI
1792,SQL
1792,Tableau
1792,ETL
1793,Python
1793,AWS
1793,Machine Learning
1793,SQL
1793,MySQL
1793,Excel
1794,ETL
1794,Excel
1794,Pandas
1794,Tableau
1795,Excel
1795,Pandas
1795,AWS
1795,Machine Learning
1795,SQL
1795,Data Visualization
1795,MySQL
1796,Tableau
1796,ETL
1796,MySQL
1796,AWS
1796,Power BI
1796,Data Visualization
1797,Statistics
1797,Excel
1797,Pandas
1797,Tableau
1797,ETL
1798,MySQL
1798,AWS
1798,Pandas
1798,SQL
1799,Python
1799,Tableau
1799,Pandas
1799,Power BI
1800,Statistics
1800,Data Visualization
1800,Power BI
1800,AWS
1801,ETL
1801,MySQL
1801,Machine Learning
1801,AWS
1801,Tableau
1802,Python
1802,Data Visualization
1802,MySQL
1802,Excel
1802,Tableau
1802,Statistics
1803,Power BI
1803,Data Visualization
1803,Tableau
1803,SQL
1803,ETL
1804,SQL
1804,Data Visualization
1804,Pandas
1804,Machine Learning
1804,Python
1804,AWS
1805,Data Visualization
1805,Pandas
1805,Statistics
1805,Power BI
1805,Machine Learning
1805,SQL
1805,Python
1806,Tableau
1806,Pandas
1806,Python
1806,Statistics
1806,ETL
1806,Data Visualization
1807,Tableau
1807,AWS
1807,Statistics
1807,SQL
1807,Excel
1807,ETL
1808,MySQL
1808,SQL
1808,Statistics
1808,Tableau
1808,Pandas
1808,Python
1809,Python
1809,AWS
1809,Tableau
1809,Pandas
1809,SQL
1809,Excel
1809,Machine Learning
1810,MySQL
1810,ETL
1810,SQL
1810,AWS
1811,Excel
1811,Power BI
1811,AWS
1811,Statistics
1811,Pandas
1812,Excel
1812,ETL
1812,Tableau
1812,Power BI
1812,Machine Learning
1813,SQL
1813,Data Visualization
1813,Power BI
1813,Pandas
1813,ETL
1813,Tableau
1814,SQL
1814,Machine Learning
1814,Excel
1814,ETL
1814,Data Visualization
1815,Python
1815,Excel
1815,Power BI
1815,AWS
1815,Data Visualization
1815,Pandas
1815,SQL
1816,Machine Learning
1816,Python
1816,ETL
1816,Tableau
1817,Excel
1817,ETL
1817,MySQL
1817,Tableau
1818,MySQL
1818,Tableau
1818,Statistics
1818,Excel
1818,Pandas
1819,AWS
1819,Data Visualization
1819,Machine Learning
1819,Python
1819,SQL
1819,Excel
1820,Power BI
1820,AWS
1820,Pandas
1820,Excel
1821,Python
1821,Machine Learning
1821,MySQL
1821,Statistics
1821,ETL
1822,AWS
1822,ETL
1822,MySQL
1822,Statistics
1823,AWS
1823,Data Visualization
1823,Power BI
1823,SQL
1824,Statistics
1824,Power BI
1824,Excel
1824,Pandas
1824,AWS
1825,Machine Learning
1825,ETL
1825,Pandas
1825,Power BI
1826,AWS
1826,Data Visualization
1826,Machine Learning
1826,Excel
1827,Pandas
1827,MySQL
1827,Excel
1827,AWS
1827,SQL
1827,Data Visualization
1827,Machine Learning
1828,AWS
1828,Machine Learning
1828,Python
1828,Power BI
1828,Pandas
1828,Data Visualization
1828,Excel
1829,Excel
1829,SQL
1829,Power BI
1829,Python
1829,AWS
1829,Pandas
1829,Data Visualization
1830,MySQL
1830,ETL
1830,Data Visualization
1830,Python
1830,AWS
1830,Power BI
1830,Statistics
1831,Tableau
1831,Data Visualization
1831,AWS
1831,Machine Learning
1832,Tableau
1832,Excel
1832,AWS
1832,SQL
1832,Statistics
1832,Pandas
1833,Statistics
1833,ETL
1833,AWS
1833,Machine Learning
1833,Excel
1833,SQL
1833,MySQL
1834,Machine Learning
1834,Python
1834,Tableau
1834,Pandas
1834,AWS
1835,Python
1835,AWS
1835,Statistics
1835,SQL
1835,Power BI
1836,Statistics
1836,Tableau
1836,Pandas
1836,Power BI
1836,AWS
1836,ETL
1837,Data Visualization
1837,Tableau
1837,SQL
1837,Pandas
1837,ETL
1837,Machine Learning
1838,SQL
1838,Pandas
1838,AWS
1838,Tableau
1838,Power BI
1838,Python
1839,Data Visualization
1839,SQL
1839,Pandas
1839,AWS
1840,ETL
1840,Data Visualization
1840,SQL
1840,Machine Learning
1840,Pandas
1840,Python
1841,Python
1841,MySQL
1841,Machine Learning
1841,Pandas
1842,Excel
1842,Machine Learning
1842,SQL
1842,Tableau
1842,Statistics
1842,ETL
1843,Machine Learning
1843,Excel
1843,SQL
1843,Power BI
1843,Python
1844,Pandas
1844,Python
1844,MySQL
1844,AWS
1844,Machine Learning
1845,MySQL
1845,Excel
1845,Statistics
1845,AWS
1845,SQL
1846,ETL
1846,Machine Learning
1846,Excel
1846,Power BI
1846,Pandas
1847,MySQL
1847,Data Visualization
1847,Pandas
1847,Statistics
1847,SQL
1847,Machine Learning
1848,Excel
1848,Pandas
1848,Power BI
1848,MySQL
1848,Tableau
1849,Statistics
1849,MySQL
1849,Machine Learning
1849,Pandas
1850,SQL
1850,Data Visualization
1850,ETL
1850,Machine Learning
1850,Statistics
1850,MySQL
1851,Power BI
1851,Tableau
1851,AWS
1851,Statistics
1852,MySQL
1852,AWS
1852,Tableau
1852,Statistics
1852,Excel
1853,Power BI
1853,Statistics
1853,Pandas
1853,MySQL
1854,Tableau
1854,SQL
1854,Power BI
1854,Machine Learning
1854,Python
1855,Excel
1855,Python
1855,AWS
1855,MySQL
1855,Statistics
1855,Tableau
1855,Power BI
1856,Excel
1856,Tableau
1856,SQL
1856,Pandas
1857,Power BI
1857,Python
1857,SQL
1857,MySQL
1857,Excel
1857,Machine Learning
1857,ETL
1858,Tableau
1858,Data Visualization
1858,Machine Learning
1858,MySQL
1858,Statistics
1858,Python
1859,SQL
1859,ETL
1859,Machine Learning
1859,Python
1860,Tableau
1860,ETL
1860,Pandas
1860,Data Visualization
1860,AWS
1860,Power BI
1860,Excel
1861,Statistics
1861,MySQL
1861,Excel
1861,SQL
1862,Tableau
1862,Data Visualization
1862,Excel
1862,Machine Learning
1862,Statistics
1862,Pandas
1862,MySQL
1863,ETL
1863,Python
1863,SQL
1863,Tableau
1863,Power BI
1863,Statistics
1864,MySQL
1864,Python
1864,Data Visualization
1864,Excel
1864,Machine Learning
1864,Power BI
1865,Tableau
1865,AWS
1865,ETL
1865,Pandas
1865,SQL
1865,Excel
1866,Tableau
1866,Python
1866,SQL
1866,Data Visualization
1866,AWS
1866,Statistics
1867,Pandas
1867,AWS
1867,SQL
1867,Python
1868,Tableau
1868,Pandas
1868,Power BI
1868,Excel
1868,Python
1869,ETL
1869,Statistics
1869,Python
1869,SQL
1869,Data Visualization
1869,Excel
1870,AWS
1870,Tableau
1870,Power BI
1870,Python
1870,ETL
1871,Power BI
1871,Data Visualization
1871,Statistics
1871,MySQL
1871,SQL
1871,Machine Learning
1871,Tableau
1872,Tableau
1872,Machine Learning
1872,MySQL
1872,Statistics
1872,ETL
1872,Excel
1873,Machine Learning
1873,Pandas
1873,Data Visualization
1873,Statistics
1873,SQL
1873,Tableau
1873,MySQL
1874,Excel
1874,ETL
1874,Statistics
1874,MySQL
1874,Python
1875,Tableau
1875,SQL
1875,Python
1875,Power BI
1876,AWS
1876,Excel
1876,ETL
1876,Data Visualization
1876,Python
1876,SQL
1877,Pandas
1877,Machine Learning
1877,Statistics
1877,MySQL
1878,Excel
1878,Python
1878,Pandas
1878,Tableau
1878,Data Visualization
1878,MySQL
1878,Statistics
1879,Machine Learning
1879,Python
1879,Power BI
1879,Data Visualization
1880,Excel
1880,Power BI
1880,Statistics
1880,MySQL
1880,AWS
1880,Machine Learning
1880,Tableau
1881,Tableau
1881,Power BI
1881,ETL
1881,AWS
1881,Statistics
1881,SQL
1882,Data Visualization
1882,Tableau
1882,Pandas
1882,ETL
1882,Excel
1882,Statistics
1882,SQL
1883,Machine Learning
1883,Python
1883,SQL
1883,Tableau
1883,ETL
1883,Statistics
1884,Machine Learning
1884,SQL
1884,MySQL
1884,Data Visualization
1885,Statistics
1885,Pandas
1885,AWS
1885,Tableau
1886,Tableau
1886,Excel
1886,Python
1886,Power BI
1886,Data Visualization
1886,Machine Learning
1886,Statistics
1887,Power BI
1887,ETL
1887,Statistics
1887,Tableau
1888,Tableau
1888,Power BI
1888,ETL
1888,Machine Learning
1888,Python
1889,ETL
1889,Statistics
1889,AWS
1889,Data Visualization
1890,Machine Learning
1890,Power BI
1890,SQL
1890,Pandas
1891,Excel
1891,SQL
1891,Tableau
1891,Statistics
1891,Pandas
1891,Power BI
1891,ETL
1892,SQL
1892,Python
1892,AWS
1892,Pandas
1892,Tableau
1892,Power BI
1893,Pandas
1893,Statistics
1893,MySQL
1893,Machine Learning
1893,AWS
1893,Data Visualization
1894,Excel
1894,Data Visualization
1894,SQL
1894,MySQL
1894,ETL
1894,Machine Learning
1895,SQL
1895,Data Visualization
1895,ETL
1895,Machine Learning
1895,Excel
1896,Power BI
1896,Data Visualization
1896,SQL
1896,AWS
1897,SQL
1897,Statistics
1897,Excel
1897,Data Visualization
1898,ETL
1898,Data Visualization
1898,Power BI
1898,Machine Learning
1898,Excel
1898,SQL
1898,AWS
1899,Data Visualization
1899,Pandas
1899,MySQL
1899,SQL
1900,Power BI
1900,SQL
1900,Python
1900,Statistics
1900,Pandas
1901,Python
1901,Power BI
1901,Pandas
1901,SQL
1901,Excel
1902,Python
1902,Pandas
1902,MySQL
1902,Excel
1902,AWS
1903,Statistics
1903,Tableau
1903,Machine Learning
1903,Data Visualization
1904,AWS
1904,Excel
1904,SQL
1904,Statistics
1904,Data Visualization
1905,Data Visualization
1905,Excel
1905,Pandas
1905,Tableau
1906,Excel
1906,Python
1906,Statistics
1906,Data Visualization
1906,Power BI
1907,Tableau
1907,Statistics
1907,SQL
1907,Data Visualization
1907,AWS
1908,Excel
1908,Data Visualization
1908,Pandas
1908,Python
1909,ETL
1909,SQL
1909,Machine Learning
1909,AWS
1909,Excel
1909,Python
1910,Excel
1910,AWS
1910,Python
1910,Data Visualization
1910,MySQL
1910,Machine Learning
1911,Machine Learning
1911,Tableau
1911,Statistics
1911,MySQL
1911,Power BI
1911,Python
1911,SQL
1912,Excel
1912,Statistics
1912,ETL
1912,SQL
1912,AWS
1912,Pandas
1912,Power BI
1913,Tableau
1913,Statistics
1913,MySQL
1913,Machine Learning
1913,Python
1914,ETL
1914,Tableau
1914,Excel
1914,MySQL
1914,Machine Learning
1914,AWS
1915,SQL
1915,Python
1915,Machine Learning
1915,Data Visualization
1915,Tableau
1915,Pandas
1916,Machine Learning
1916,Python
1916,Pandas
1916,Tableau
1916,AWS
1917,MySQL
1917,Excel
1917,Pandas
1917,SQL
1917,ETL
1918,MySQL
1918,Excel
1918,Data Visualization
1918,Pandas
1918,Tableau
1918,Machine Learning
1918,Power BI
1919,Data Visualization
1919,MySQL
1919,Machine Learning
1919,Excel
1919,Tableau
1919,Pandas
1919,Power BI
1920,SQL
1920,Statistics
1920,Python
1920,Pandas
1920,AWS
1920,Excel
1921,Python
1921,Data Visualization
1921,Statistics
1921,Excel
1921,ETL
1921,Tableau
1921,AWS
1922,Python
1922,Data Visualization
1922,Machine Learning
1922,SQL
1922,Tableau
1923,SQL
1923,AWS
1923,Python
1923,Machine Learning
1924,AWS
1924,Pandas
1924,SQL
1924,MySQL
1924,Data Visualization
1924,Machine Learning
1925,Tableau
1925,Pandas
1925,Data Visualization
1925,MySQL
1925,SQL
1925,Statistics
1926,AWS
1926,ETL
1926,Python
1926,Machine Learning
1926,Excel
1927,Python
1927,Pandas
1927,Tableau
1927,Statistics
1927,Excel
1928,Power BI
1928,MySQL
1928,Data Visualization
1928,SQL
1928,Tableau
1929,Statistics
1929,ETL
1929,Pandas
1929,Machine Learning
1930,Statistics
1930,Python
1930,Machine Learning
1930,ETL
1930,Excel
1930,SQL
1931,ETL
1931,Tableau
1931,Power BI
1931,AWS
1931,Data Visualization
1932,Pandas
1932,Python
1932,Data Visualization
1932,ETL
1933,Data Visualization
1933,Machine Learning
1933,Tableau
1933,Power BI
1934,SQL
1934,MySQL
1934,Statistics
1934,Excel
1934,Pandas
1934,Power BI
1935,Pandas
1935,MySQL
1935,Statistics
1935,Python
1935,Machine Learning
1935,Tableau
1936,MySQL
1936,Statistics
1936,Pandas
1936,Excel
1936,AWS
1936,Data Visualization
1936,Tableau
1937,Excel
1937,ETL
1937,Tableau
1937,Power BI
1938,Statistics
1938,Pandas
1938,Data Visualization
1938,Python
1939,Tableau
1939,ETL
1939,Power BI
1939,Excel
1940,ETL
1940,Python
1940,Statistics
1940,Pandas
1940,AWS
1941,Data Visualization
1941,Power BI
1941,SQL
1941,Machine Learning
1941,Excel
1942,Pandas
1942,Data Visualization
1942,Tableau
1942,MySQL
1942,Machine Learning
1942,Power BI
1943,Machine Learning
1943,MySQL
1943,Power BI
1943,Python
1944,AWS
1944,Tableau
1944,Statistics
1944,Python
1944,SQL
1945,SQL
1945,Power BI
1945,Statistics
1945,Python
1946,Power BI
1946,Machine Learning
1946,Data Visualization
1946,Excel
1946,ETL
1946,Python
1946,AWS
1947,Power BI
1947,Excel
1947,Tableau
1947,Statistics
1948,Tableau
1948,Data Visualization
1948,Python
1948,Machine Learning
1948,SQL
1948,Statistics
1948,AWS
1949,MySQL
1949,Python
1949,Tableau
1949,Pandas
1950,MySQL
1950,Statistics
1950,Excel
1950,AWS
1951,MySQL
1951,Statistics
1951,AWS
1951,Power BI
1951,Excel
1951,Pandas
1951,Tableau
1952,Machine Learning
1952,MySQL
1952,Python
1952,Statistics
1952,ETL
1953,Pandas
1953,Python
1953,AWS
1953,Excel
1954,AWS
1954,Data Visualization
1954,Power BI
1954,Excel
1954,Statistics
1955,Data Visualization
1955,ETL
1955,Excel
1955,Power BI
1955,Python
1956,Tableau
1956,Power BI
1956,AWS
1956,Excel
1957,Excel
1957,Data Visualization
1957,Pandas
1957,SQL
1957,MySQL
1957,Tableau
1957,AWS
1958,Data Visualization
1958,ETL
1958,AWS
1958,Machine Learning
1959,Pandas
1959,SQL
1959,Python
1959,Data Visualization
1959,Statistics
1959,Tableau
1959,Power BI
1960,Data Visualization
1960,Statistics
1960,ETL
1960,Pandas
1961,ETL
1961,AWS
1961,Power BI
1961,Statistics
1961,Pandas
1961,Python
1961,SQL
1962,Data Visualization
1962,Machine Learning
1962,Statistics
1962,Excel
1962,ETL
1963,Machine Learning
1963,SQL
1963,Tableau
1963,ETL
1963,Statistics
1963,AWS
1964,AWS
1964,Pandas
1964,Python
1964,Machine Learning
1964,Statistics
1964,MySQL
1965,Power BI
1965,AWS
1965,SQL
1965,Tableau
1966,Data Visualization
1966,Machine Learning
1966,MySQL
1966,Python
1967,Tableau
1967,Statistics
1967,Data Visualization
1967,Python
1967,MySQL
1968,Data Visualization
1968,MySQL
1968,Excel
1968,Pandas
1968,SQL
1968,AWS
1969,ETL
1969,Excel
1969,Python
1969,Data Visualization
1969,AWS
1970,Tableau
1970,Data Visualization
1970,SQL
1970,Statistics
1970,MySQL
1971,MySQL
1971,Power BI
1971,Data Visualization
1971,ETL
1971,AWS
1971,Tableau
1971,Excel
1972,Excel
1972,Pandas
1972,ETL
1972,Statistics
1972,AWS
1972,MySQL
1972,Tableau
1973,Tableau
1973,Statistics
1973,Power BI
1973,Excel
1973,ETL
1973,AWS
1974,Pandas
1974,Machine Learning
1974,Tableau
1974,MySQL
1974,SQL
1974,Statistics
1975,MySQL
1975,Tableau
1975,Machine Learning
1975,Data Visualization
1975,Statistics
1975,Pandas
1975,Power BI
1976,ETL
1976,Tableau
1976,MySQL
1976,AWS
1976,Power BI
1976,Pandas
1977,Tableau
1977,Statistics
1977,SQL
1977,Machine Learning
1977,Data Visualization
1977,Pandas
1977,Power BI
1978,Tableau
1978,Statistics
1978,ETL
1978,Data Visualization
1978,Excel
1978,MySQL
1978,SQL
1979,MySQL
1979,Tableau
1979,SQL
1979,AWS
1979,Pandas
1980,Python
1980,AWS
1980,Data Visualization
1980,Power BI
1980,Machine Learning
1980,Statistics
1980,Tableau
1981,AWS
1981,MySQL
1981,Data Visualization
1981,Excel
1981,ETL
1981,Pandas
1981,SQL
1982,AWS
1982,SQL
1982,Pandas
1982,Python
1982,MySQL
1983,SQL
1983,Python
1983,Data Visualization
1983,ETL
1984,ETL
1984,Power BI
1984,SQL
1984,Tableau
1984,Statistics
1984,Machine Learning
1984,Data Visualization
1985,Data Visualization
1985,ETL
1985,Power BI
1985,Pandas
1985,SQL
1985,Statistics
1985,Python
1986,Power BI
1986,MySQL
1986,Data Visualization
1986,Machine Learning
1986,ETL
1986,Python
1987,Tableau
1987,ETL
1987,Statistics
1987,AWS
1988,Power BI
1988,Tableau
1988,AWS
1988,Statistics
1988,ETL
1988,Machine Learning
1988,Pandas
1989,Machine Learning
1989,AWS
1989,Python
1989,SQL
1989,Pandas
1989,Statistics
1989,Power BI
1990,Python
1990,Statistics
1990,AWS
1990,MySQL
1990,SQL
1991,MySQL
1991,Data Visualization
1991,Python
1991,AWS
1991,ETL
1991,Machine Learning
1992,Data Visualization
1992,MySQL
1992,AWS
1992,Machine Learning
1992,SQL
1992,Python
1992,Excel
1993,Python
1993,MySQL
1993,Machine Learning
1993,SQL
1993,Power BI
1993,Excel
1994,Data Visualization
1994,Machine Learning
1994,AWS
1994,ETL
1994,Statistics
1995,Statistics
1995,AWS
1995,ETL
1995,Excel
1995,Tableau
1995,SQL
1996,Pandas
1996,Python
1996,SQL
1996,Excel
1997,SQL
1997,AWS
1997,MySQL
1997,Pandas
1998,Data Visualization
1998,Excel
1998,MySQL
1998,SQL
1998,AWS
1999,Machine Learning
1999,Tableau
1999,Statistics
1999,AWS
1999,Pandas
1999,Power BI
2000,ETL
2000,Statistics
2000,Python
2000,SQL
2000,Power BI
2000,Data Visualization
2001,Tableau
2001,SQL
2001,Data Visualization
2001,Pandas
2001,AWS
2002,Power BI
2002,ETL
2002,Excel
2002,Machine Learning
2002,Data Visualization
2002,SQL
2003,Power BI
2003,Statistics
2003,Excel
2003,MySQL
2004,Python
2004,MySQL
2004,Power BI
2004,SQL
2004,ETL
2004,Excel
2005,Power BI
2005,Python
2005,Statistics
2005,SQL
2005,MySQL
2005,Machine Learning
2005,Data Visualization
2006,AWS
2006,Python
2006,Tableau
2006,Statistics
2007,MySQL
2007,Excel
2007,Data Visualization
2007,Statistics
2007,ETL
2008,Machine Learning
2008,Statistics
2008,Tableau
2008,AWS
2008,Data Visualization
2009,AWS
2009,ETL
2009,Tableau
2009,Python
2009,SQL
2009,Power BI
2009,Machine Learning
2010,Pandas
2010,Statistics
2010,ETL
2010,Python
2010,Power BI
2011,AWS
2011,Excel
2011,Power BI
2011,Python
2011,Data Visualization
2012,AWS
2012,Python
2012,SQL
2012,Statistics
2012,Power BI
2013,Machine Learning
2013,Data Visualization
2013,Python
2013,Pandas
2013,ETL
2013,AWS
2014,Statistics
2014,Pandas
2014,Machine Learning
2014,AWS
2015,Power BI
2015,Machine Learning
2015,MySQL
2015,Tableau
2015,Data Visualization
2015,AWS
2015,Excel
2016,Python
2016,Excel
2016,Machine Learning
2016,AWS
2016,ETL
2016,Power BI
2016,Tableau
2017,Machine Learning
2017,Python
2017,AWS
2017,MySQL
2017,ETL
2018,Tableau
2018,MySQL
2018,Pandas
2018,AWS
2018,ETL
2019,ETL
2019,MySQL
2019,AWS
2019,Machine Learning
2019,Pandas
2019,Statistics
2019,Tableau
2020,Excel
2020,Pandas
2020,Python
2020,Statistics
2020,Machine Learning
2020,SQL
2020,Tableau
2021,Power BI
2021,Tableau
2021,AWS
2021,Pandas
2021,ETL
2022,Statistics
2022,Machine Learning
2022,Power BI
2022,AWS
2022,ETL
2023,ETL
2023,Excel
2023,Pandas
2023,Data Visualization
2023,Python
2024,ETL
2024,Excel
2024,SQL
2024,Machine Learning
2024,Python
2024,Statistics
2024,MySQL
2025,Power BI
2025,AWS
2025,MySQL
2025,Excel
2025,ETL
2025,Data Visualization
2026,ETL
2026,Excel
2026,AWS
2026,SQL
2027,Pandas
2027,Statistics
2027,Tableau
2027,MySQL
2027,Data Visualization
2028,Tableau
2028,Pandas
2028,SQL
2028,Data Visualization
2028,Python
2029,SQL
2029,Python
2029,Tableau
2029,Machine Learning
2029,Excel
2029,Statistics
2029,AWS
2030,Data Visualization
2030,SQL
2030,AWS
2030,Tableau
2030,Pandas
2030,ETL
2030,MySQL
2031,Statistics
2031,Pandas
2031,SQL
2031,Python
2031,MySQL
2031,AWS
2031,Data Visualization
2032,Excel
2032,SQL
2032,Power BI
2032,Pandas
2033,MySQL
2033,Data Visualization
2033,Tableau
2033,Python
2033,Power BI
2033,AWS
2034,MySQL
2034,Statistics
2034,AWS
2034,Pandas
2035,Tableau
2035,Power BI
2035,Excel
2035,Python
2035,ETL
2035,Machine Learning
2036,Machine Learning
2036,Data Visualization
2036,Statistics
2036,Excel
2036,SQL
2036,AWS
2036,MySQL
2037,Pandas
2037,Machine Learning
2037,Tableau
2037,Statistics
2037,AWS
2038,Excel
2038,Machine Learning
2038,ETL
2038,SQL
2038,Python
2039,Data Visualization
2039,AWS
2039,Tableau
2039,Machine Learning
2039,Pandas
2040,ETL
2040,Excel
2040,Data Visualization
2040,Statistics
2041,Python
2041,Pandas
2041,Statistics
2041,Data Visualization
2041,Machine Learning
2041,Excel
2042,AWS
2042,ETL
2042,Machine Learning
2042,Python
2043,AWS
2043,Tableau
2043,ETL
2043,Data Visualization
2043,Excel
2044,Pandas
2044,Tableau
2044,SQL
2044,Python
2045,Data Visualization
2045,MySQL
2045,Python
2045,Pandas
2045,AWS
2045,Machine Learning
2046,Power BI
2046,Python
2046,ETL
2046,Tableau
2047,Machine Learning
2047,Excel
2047,Data Visualization
2047,Python
2047,ETL
2048,ETL
2048,Pandas
2048,Statistics
2048,SQL
2048,Power BI
2048,Tableau
2048,AWS
2049,Power BI
2049,Python
2049,SQL
2049,Statistics
2049,Machine Learning
2050,SQL
2050,Statistics
2050,MySQL
2050,Power BI
2050,Machine Learning
2050,Excel
2050,AWS
2051,AWS
2051,Power BI
2051,Data Visualization
2051,MySQL
2051,Excel
2051,Tableau
2052,ETL
2052,Pandas
2052,Tableau
2052,Statistics
2052,Power BI
2052,Excel
2052,SQL
2053,Tableau
2053,SQL
2053,MySQL
2053,Power BI
2053,Excel
2053,AWS
2053,Data Visualization
2054,Statistics
2054,Data Visualization
2054,Python
2054,Pandas
2054,AWS
2055,AWS
2055,Machine Learning
2055,SQL
2055,Tableau
2055,ETL
2055,Pandas
2055,Python
2056,Power BI
2056,Excel
2056,Tableau
2056,Statistics
2056,Pandas
2056,Machine Learning
2056,Python
2057,AWS
2057,Tableau
2057,SQL
2057,ETL
2057,Data Visualization
2058,SQL
2058,Python
2058,ETL
2058,Machine Learning
2058,Pandas
2059,ETL
2059,Power BI
2059,Data Visualization
2059,MySQL
2059,Excel
2060,Python
2060,Pandas
2060,AWS
2060,Tableau
2060,Statistics
2060,ETL
2061,AWS
2061,Data Visualization
2061,MySQL
2061,Pandas
2061,Excel
2061,Python
2061,ETL
2062,Excel
2062,Tableau
2062,ETL
2062,AWS
2062,Statistics
2063,Tableau
2063,Excel
2063,AWS
2063,Pandas
2064,Statistics
2064,Excel
2064,SQL
2064,Data Visualization
2065,Tableau
2065,MySQL
2065,AWS
2065,Power BI
2065,Excel
2066,Python
2066,ETL
2066,Machine Learning
2066,Statistics
2067,SQL
2067,Pandas
2067,Statistics
2067,Power BI
2067,Data Visualization
2067,MySQL
2067,Excel
2068,AWS
2068,Tableau
2068,Statistics
2068,Python
2069,Tableau
2069,AWS
2069,SQL
2069,Python
2069,ETL
2070,Excel
2070,SQL
2070,Pandas
2070,Machine Learning
2070,Python
2070,Tableau
2070,ETL
2071,Tableau
2071,Pandas
2071,Excel
2071,Machine Learning
2071,Power BI
2071,AWS
2072,ETL
2072,Machine Learning
2072,Excel
2072,Data Visualization
2073,MySQL
2073,Power BI
2073,Tableau
2073,Statistics
2073,AWS
2074,Data Visualization
2074,Machine Learning
2074,Tableau
2074,Power BI
2075,Excel
2075,AWS
2075,MySQL
2075,Data Visualization
2076,Python
2076,Excel
2076,ETL
2076,Power BI
2077,Excel
2077,MySQL
2077,ETL
2077,Machine Learning
2077,Power BI
2077,Data Visualization
2077,Pandas
2078,Data Visualization
2078,Pandas
2078,Power BI
2078,Machine Learning
2079,Tableau
2079,Data Visualization
2079,Machine Learning
2079,Excel
2079,Python
2079,MySQL
2079,ETL
2080,ETL
2080,Pandas
2080,Machine Learning
2080,Data Visualization
2080,Python
2080,Excel
2081,Pandas
2081,Excel
2081,AWS
2081,Power BI
2081,ETL
2081,MySQL
2082,ETL
2082,Statistics
2082,Pandas
2082,AWS
2082,Machine Learning
2082,MySQL
2083,Excel
2083,MySQL
2083,Machine Learning
2083,Tableau
2084,Statistics
2084,AWS
2084,Power BI
2084,Data Visualization
2084,MySQL
2084,Tableau
2085,MySQL
2085,Excel
2085,Machine Learning
2085,AWS
2085,ETL
2085,SQL
2086,MySQL
2086,SQL
2086,AWS
2086,Machine Learning
2086,Python
2086,Excel
2086,Statistics
2087,Statistics
2087,SQL
2087,Tableau
2087,Machine Learning
2087,Data Visualization
2087,AWS
2087,MySQL
2088,Pandas
2088,Statistics
2088,AWS
2088,Machine Learning
2088,Python
2088,Power BI
2088,Data Visualization
2089,Data Visualization
2089,Excel
2089,SQL
2089,Pandas
2089,MySQL
2089,Python
2089,Statistics
2090,Tableau
2090,Data Visualization
2090,Pandas
2090,MySQL
2090,Machine Learning
2091,ETL
2091,Tableau
2091,Pandas
2091,AWS
2091,Data Visualization
2092,AWS
2092,Pandas
2092,Statistics
2092,Machine Learning
2092,Tableau
2093,MySQL
2093,AWS
2093,Power BI
2093,Machine Learning
2093,ETL
2093,Tableau
2093,Pandas
2094,Tableau
2094,Pandas
2094,AWS
2094,Data Visualization
2094,Excel
2095,MySQL
2095,Data Visualization
2095,Power BI
2095,Tableau
2095,ETL
2095,Python
2095,Excel
2096,Power BI
2096,Data Visualization
2096,MySQL
2096,Tableau
2096,ETL
2096,Machine Learning
2097,Power BI
2097,AWS
2097,Statistics
2097,SQL
2097,Data Visualization
2097,Python
2098,Machine Learning
2098,Power BI
2098,Tableau
2098,MySQL
2098,Pandas
2098,AWS
2099,SQL
2099,Statistics
2099,Pandas
2099,ETL
2099,Excel
2099,Machine Learning
2100,Tableau
2100,Machine Learning
2100,Python
2100,AWS
2100,SQL
2101,Data Visualization
2101,AWS
2101,Excel
2101,Python
2102,Python
2102,MySQL
2102,Power BI
2102,Machine Learning
2102,Excel
2103,Tableau
2103,Data Visualization
2103,SQL
2103,Pandas
2103,ETL
2103,Power BI
2104,MySQL
2104,Data Visualization
2104,Power BI
2104,ETL
2104,SQL
2105,MySQL
2105,Python
2105,ETL
2105,Machine Learning
2105,Excel
2105,AWS
2105,Power BI
2106,SQL
2106,ETL
2106,Excel
2106,Machine Learning
2106,Data Visualization
2106,Statistics
2107,ETL
2107,Data Visualization
2107,Excel
2107,Tableau
2108,SQL
2108,Python
2108,AWS
2108,Pandas
2108,MySQL
2109,Data Visualization
2109,Excel
2109,ETL
2109,Pandas
2109,Machine Learning
2109,MySQL
2109,Tableau
2110,SQL
2110,Power BI
2110,ETL
2110,MySQL
2111,SQL
2111,ETL
2111,Power BI
2111,Data Visualization
2111,Tableau
2111,Python
2111,Pandas
2112,Power BI
2112,Excel
2112,ETL
2112,SQL
2112,Machine Learning
2113,Tableau
2113,Statistics
2113,Machine Learning
2113,ETL
2113,Data Visualization
2114,Excel
2114,Machine Learning
2114,Pandas
2114,ETL
2114,Statistics
2114,SQL
2114,MySQL
2115,SQL
2115,Machine Learning
2115,Statistics
2115,Python
2115,ETL
2116,AWS
2116,Statistics
2116,Tableau
2116,MySQL
2117,Pandas
2117,ETL
2117,Power BI
2117,AWS
2118,Pandas
2118,MySQL
2118,Tableau
2118,Machine Learning
2118,Excel
2118,Data Visualization
2119,Machine Learning
2119,Power BI
2119,MySQL
2119,Pandas
2119,AWS
2120,SQL
2120,Power BI
2120,Python
2120,Data Visualization
2120,Machine Learning
2120,AWS
2120,Pandas
2121,Pandas
2121,Power BI
2121,AWS
2121,Data Visualization
2122,Statistics
2122,Pandas
2122,Tableau
2122,SQL
2122,Data Visualization
2122,ETL
2122,MySQL
2123,Tableau
2123,Excel
2123,Machine Learning
2123,Data Visualization
2123,SQL
2123,AWS
2123,ETL
2124,Python
2124,Power BI
2124,SQL
2124,AWS
2124,Excel
2124,ETL
2124,MySQL
2125,Python
2125,Data Visualization
2125,Excel
2125,MySQL
2125,Statistics
2126,Excel
2126,Pandas
2126,AWS
2126,Data Visualization
2126,SQL
2126,Power BI
2127,AWS
2127,Machine Learning
2127,Power BI
2127,Excel
2127,ETL
2127,Data Visualization
2128,Pandas
2128,ETL
2128,Power BI
2128,Data Visualization
2128,AWS
2129,Machine Learning
2129,ETL
2129,Python
2129,Pandas
2129,Power BI
2129,Statistics
2130,Data Visualization
2130,Power BI
2130,MySQL
2130,Tableau
2130,Python
2130,Excel
2130,Pandas
2131,MySQL
2131,Pandas
2131,ETL
2131,Python
2132,ETL
2132,MySQL
2132,Pandas
2132,Data Visualization
2133,Pandas
2133,Statistics
2133,SQL
2133,AWS
2134,Machine Learning
2134,Excel
2134,Data Visualization
2134,Pandas
2134,Python
2135,Data Visualization
2135,Tableau
2135,AWS
2135,Power BI
2135,Excel
2136,Pandas
2136,Tableau
2136,SQL
2136,MySQL
2136,Python
2136,Machine Learning
2137,Excel
2137,SQL
2137,MySQL
2137,ETL
2138,Tableau
2138,MySQL
2138,SQL
2138,Data Visualization
2138,AWS
2138,Machine Learning
2138,Pandas
2139,Machine Learning
2139,MySQL
2139,AWS
2139,SQL
2140,SQL
2140,Power BI
2140,Pandas
2140,ETL
2140,Statistics
2141,Pandas
2141,Statistics
2141,MySQL
2141,ETL
2141,Power BI
2142,Python
2142,Statistics
2142,Machine Learning
2142,Pandas
2142,SQL
2142,ETL
2142,Excel
2143,SQL
2143,Pandas
2143,Statistics
2143,ETL
2143,Data Visualization
2143,Machine Learning
2143,AWS
2144,MySQL
2144,Pandas
2144,Python
2144,Statistics
2144,Excel
2144,Machine Learning
2145,Power BI
2145,SQL
2145,Pandas
2145,AWS
2145,Data Visualization
2145,Python
2145,ETL
2146,AWS
2146,MySQL
2146,Tableau
2146,Python
2146,Statistics
2146,ETL
2146,Power BI
2147,Data Visualization
2147,SQL
2147,Tableau
2147,ETL
2147,Excel
2148,ETL
2148,Pandas
2148,Statistics
2148,Excel
2148,Data Visualization
2148,Python
2149,AWS
2149,Power BI
2149,Tableau
2149,ETL
2149,Excel
2149,Python
2149,SQL
2150,Data Visualization
2150,MySQL
2150,Statistics
2150,Python
2150,ETL
2150,AWS
2150,Power BI
2151,Data Visualization
2151,Excel
2151,Power BI
2151,MySQL
2151,AWS
2151,Python
2152,Excel
2152,Tableau
2152,Data Visualization
2152,SQL
2153,Excel
2153,ETL
2153,Python
2153,SQL
2153,Power BI
2154,AWS
2154,Excel
2154,ETL
2154,Data Visualization
2154,SQL
2154,Pandas
2155,ETL
2155,Power BI
2155,SQL
2155,Machine Learning
2155,Excel
2155,Pandas
2156,Pandas
2156,Data Visualization
2156,Tableau
2156,ETL
2156,Power BI
2156,SQL
2157,MySQL
2157,ETL
2157,SQL
2157,Power BI
2157,Machine Learning
2157,Pandas
2158,Data Visualization
2158,Python
2158,Power BI
2158,Tableau
2158,MySQL
2159,ETL
2159,Power BI
2159,SQL
2159,MySQL
2159,Python
2159,Statistics
2159,Data Visualization
2160,ETL
2160,Data Visualization
2160,Python
2160,Power BI
2161,SQL
2161,Statistics
2161,Data Visualization
2161,Python
2162,Data Visualization
2162,Excel
2162,SQL
2162,AWS
2162,Tableau
2162,Pandas
2163,ETL
2163,Tableau
2163,Excel
2163,Machine Learning
2164,Statistics
2164,Machine Learning
2164,ETL
2164,SQL
2164,Python
2165,MySQL
2165,Excel
2165,Statistics
2165,Python
2165,Data Visualization
2165,ETL
2166,Power BI
2166,SQL
2166,Python
2166,Machine Learning
2166,MySQL
2166,ETL
2166,Statistics
2167,Data Visualization
2167,Statistics
2167,Power BI
2167,MySQL
2167,SQL
2167,Python
2167,Machine Learning
2168,MySQL
2168,Power BI
2168,AWS
2168,Machine Learning
2169,Tableau
2169,Statistics
2169,Power BI
2169,Python
2169,Data Visualization
2169,SQL
2170,Excel
2170,Machine Learning
2170,SQL
2170,Tableau
2170,Statistics
2170,Data Visualization
2170,AWS
2171,AWS
2171,Statistics
2171,Data Visualization
2171,SQL
2171,ETL
2172,Statistics
2172,Machine Learning
2172,ETL
2172,SQL
2172,AWS
2172,Tableau
2173,Excel
2173,SQL
2173,Tableau
2173,Data Visualization
2173,ETL
2173,Python
2174,Machine Learning
2174,ETL
2174,Python
2174,Data Visualization
2174,SQL
2175,Power BI
2175,Data Visualization
2175,Machine Learning
2175,ETL
2175,Pandas
2176,Statistics
2176,Tableau
2176,Machine Learning
2176,Pandas
2176,Excel
2176,Python
2176,SQL
2177,SQL
2177,Tableau
2177,MySQL
2177,Power BI
2178,Pandas
2178,Tableau
2178,Excel
2178,Data Visualization
2179,ETL
2179,Data Visualization
2179,Tableau
2179,Statistics
2179,Machine Learning
2179,MySQL
2179,SQL
2180,Tableau
2180,MySQL
2180,ETL
2180,Pandas
2181,Data Visualization
2181,AWS
2181,Pandas
2181,MySQL
2181,ETL
2182,Tableau
2182,SQL
2182,Machine Learning
2182,AWS
2182,Python
2182,Power BI
2183,Tableau
2183,ETL
2183,Python
2183,Statistics
2184,Excel
2184,Python
2184,AWS
2184,Tableau
2184,SQL
2184,Machine Learning
2184,ETL
2185,Machine Learning
2185,Excel
2185,Tableau
2185,Pandas
2185,Data Visualization
2185,SQL
2186,AWS
2186,Pandas
2186,ETL
2186,Python
2186,Tableau
2186,Power BI
2187,Python
2187,MySQL
2187,Data Visualization
2187,SQL
2187,ETL
2188,Power BI
2188,Excel
2188,Statistics
2188,ETL
2188,Tableau
2188,Pandas
2189,Statistics
2189,ETL
2189,Data Visualization
2189,Tableau
2189,Python
2190,SQL
2190,Excel
2190,Pandas
2190,ETL
2190,MySQL
2191,Tableau
2191,Pandas
2191,Excel
2191,ETL
2191,Data Visualization
2192,Statistics
2192,Python
2192,SQL
2192,Machine Learning
2192,Power BI
2193,SQL
2193,MySQL
2193,Machine Learning
2193,Data Visualization
2193,Tableau
2194,Excel
2194,AWS
2194,Data Visualization
2194,MySQL
2194,Power BI
2194,SQL
2194,ETL
2195,Python
2195,Excel
2195,SQL
2195,MySQL
2195,ETL
2195,Data Visualization
2195,Machine Learning
2196,Statistics
2196,Machine Learning
2196,MySQL
2196,Pandas
2196,ETL
2196,Data Visualization
2197,ETL
2197,Statistics
2197,AWS
2197,Pandas
2198,Statistics
2198,SQL
2198,Machine Learning
2198,Excel
2198,Pandas
2198,MySQL
2199,SQL
2199,Pandas
2199,Python
2199,Power BI
2199,Statistics
2200,Pandas
2200,Power BI
2200,Python
2200,MySQL
2201,ETL
2201,Statistics
2201,AWS
2201,Pandas
2201,Power BI
2202,ETL
2202,Excel
2202,Power BI
2202,Machine Learning
2202,Tableau
2202,Pandas
2202,Data Visualization
2203,AWS
2203,Power BI
2203,Excel
2203,Machine Learning
2204,Python
2204,ETL
2204,Statistics
2204,Data Visualization
2204,Pandas
2204,Power BI
2204,MySQL
2205,Python
2205,Excel
2205,AWS
2205,Pandas
2206,Power BI
2206,Python
2206,MySQL
2206,Tableau
2206,Data Visualization
2207,Excel
2207,Statistics
2207,Data Visualization
2207,Python
2207,ETL
2207,Pandas
2207,AWS
2208,Machine Learning
2208,Data Visualization
2208,ETL
2208,SQL
2209,Machine Learning
2209,Statistics
2209,Power BI
2209,Pandas
2209,AWS
2210,Data Visualization
2210,Statistics
2210,Machine Learning
2210,AWS
2210,Python
2211,AWS
2211,Tableau
2211,Pandas
2211,SQL
2211,Machine Learning
2211,Data Visualization
2212,Power BI
2212,Machine Learning
2212,AWS
2212,Tableau
2212,Python
2212,Data Visualization
2213,AWS
2213,Power BI
2213,Pandas
2213,Python
2213,Excel
2213,Machine Learning
2214,Pandas
2214,Machine Learning
2214,ETL
2214,Python
2214,Statistics
2214,MySQL
2214,SQL
2215,ETL
2215,MySQL
2215,Data Visualization
2215,Python
2215,AWS
2215,SQL
2216,SQL
2216,Excel
2216,Pandas
2216,ETL
2216,Statistics
2217,Excel
2217,Tableau
2217,Python
2217,SQL
2217,ETL
2217,Pandas
2217,Power BI
2218,Tableau
2218,Machine Learning
2218,Power BI
2218,Python
2218,ETL
2218,Excel
2218,Data Visualization
2219,Machine Learning
2219,Data Visualization
2219,Statistics
2219,SQL
2219,Tableau
2219,Power BI
2219,AWS
2220,SQL
2220,Pandas
2220,ETL
2220,Machine Learning
2220,Python
2220,Data Visualization
2221,Python
2221,Power BI
2221,AWS
2221,Pandas
2221,Data Visualization
2221,SQL
2222,Pandas
2222,Power BI
2222,Python
2222,SQL
2223,Pandas
2223,AWS
2223,Tableau
2223,SQL
2223,Excel
2223,MySQL
2224,SQL
2224,ETL
2224,Statistics
2224,Data Visualization
2225,Pandas
2225,SQL
2225,Python
2225,Machine Learning
2225,AWS
2225,Excel
2225,Tableau
2226,Power BI
2226,Data Visualization
2226,MySQL
2226,Python
2226,Tableau
2226,Pandas
2226,ETL
2227,Machine Learning
2227,Statistics
2227,SQL
2227,Tableau
2228,Power BI
2228,Pandas
2228,Excel
2228,Python
2228,Data Visualization
2228,ETL
2229,Data Visualization
2229,AWS
2229,Excel
2229,SQL
2230,Python
2230,Tableau
2230,SQL
2230,MySQL
2231,Tableau
2231,Machine Learning
2231,ETL
2231,Pandas
2231,Python
2231,Power BI
2232,AWS
2232,Excel
2232,Data Visualization
2232,Python
2232,Power BI
2232,Pandas
2233,Power BI
2233,Pandas
2233,Statistics
2233,SQL
2233,AWS
2233,Python
2233,MySQL
2234,Data Visualization
2234,Pandas
2234,Machine Learning
2234,MySQL
2235,ETL
2235,Data Visualization
2235,Power BI
2235,AWS
2236,Pandas
2236,MySQL
2236,Data Visualization
2236,Excel
2236,Tableau
2236,AWS
2236,ETL
2237,SQL
2237,MySQL
2237,Data Visualization
2237,Excel
2238,MySQL
2238,Tableau
2238,Python
2238,Statistics
2238,AWS
2238,Data Visualization
2238,ETL
2239,Power BI
2239,Pandas
2239,Excel
2239,Machine Learning
2239,Tableau
2239,Statistics
2240,Power BI
2240,Pandas
2240,Python
2240,SQL
2240,MySQL
2240,Tableau
2240,Excel
2241,Excel
2241,MySQL
2241,SQL
2241,Statistics
2241,Tableau
2241,Data Visualization
2242,Power BI
2242,Machine Learning
2242,Data Visualization
2242,SQL
2242,MySQL
2242,Excel
2242,Tableau
2243,Data Visualization
2243,MySQL
2243,Power BI
2243,Machine Learning
2243,AWS
2243,SQL
2243,Python
2244,Machine Learning
2244,MySQL
2244,Pandas
2244,Python
2245,ETL
2245,SQL
2245,Python
2245,MySQL
2245,AWS
2245,Tableau
2245,Power BI
2246,Machine Learning
2246,Tableau
2246,SQL
2246,Statistics
2247,MySQL
2247,Pandas
2247,SQL
2247,Power BI
2247,Statistics
2248,Data Visualization
2248,Python
2248,Statistics
2248,ETL
2248,Excel
2248,MySQL
2249,MySQL
2249,Statistics
2249,Excel
2249,Python
2249,Pandas
2249,Data Visualization
2249,Tableau
2250,Machine Learning
2250,SQL
2250,Power BI
2250,Pandas
2250,Tableau
2250,AWS
2250,MySQL
2251,Pandas
2251,ETL
2251,Statistics
2251,SQL
2251,MySQL
2251,Excel
2252,Tableau
2252,Power BI
2252,AWS
2252,Statistics
2252,Pandas
2252,MySQL
2252,Python
2253,Data Visualization
2253,Tableau
2253,SQL
2253,Statistics
2253,Pandas
2253,MySQL
2254,AWS
2254,Power BI
2254,Data Visualization
2254,Python
2254,Pandas
2254,MySQL
2255,AWS
2255,MySQL
2255,Machine Learning
2255,Tableau
2255,Statistics
2255,Pandas
2256,Python
2256,Pandas
2256,Power BI
2256,Machine Learning
2256,Statistics
2256,AWS
2257,Pandas
2257,Machine Learning
2257,SQL
2257,Data Visualization
2258,MySQL
2258,Tableau
2258,Python
2258,SQL
2258,ETL
2259,Pandas
2259,Excel
2259,MySQL
2259,Power BI
2259,Machine Learning
2260,Statistics
2260,Tableau
2260,AWS
2260,SQL
2260,Python
2260,Data Visualization
2260,MySQL
2261,Python
2261,MySQL
2261,Machine Learning
2261,SQL
2261,ETL
2261,Excel
2261,Data Visualization
2262,MySQL
2262,Python
2262,ETL
2262,SQL
2263,MySQL
2263,Statistics
2263,Pandas
2263,SQL
2264,Excel
2264,SQL
2264,Statistics
2264,Machine Learning
2264,Tableau
2264,Pandas
2265,Pandas
2265,Python
2265,ETL
2265,Excel
2265,SQL
2266,ETL
2266,Statistics
2266,Data Visualization
2266,AWS
2266,Power BI
2267,MySQL
2267,Excel
2267,Power BI
2267,SQL
2267,Python
2267,Tableau
2267,Machine Learning
2268,Machine Learning
2268,MySQL
2268,Statistics
2268,Power BI
2268,Data Visualization
2268,SQL
2269,Machine Learning
2269,ETL
2269,Statistics
2269,Python
2269,Pandas
2269,AWS
2269,MySQL
2270,Statistics
2270,Machine Learning
2270,Python
2270,Tableau
2271,ETL
2271,AWS
2271,Excel
2271,MySQL
2271,SQL
2271,Python
2271,Machine Learning
2272,ETL
2272,Tableau
2272,SQL
2272,MySQL
2273,SQL
2273,Machine Learning
2273,AWS
2273,Data Visualization
2274,Python
2274,Pandas
2274,Statistics
2274,MySQL
2274,AWS
2274,Tableau
2275,Pandas
2275,Tableau
2275,AWS
2275,Data Visualization
2276,ETL
2276,Statistics
2276,MySQL
2276,Tableau
2276,SQL
2276,Excel
2276,Power BI
2277,Pandas
2277,Machine Learning
2277,MySQL
2277,Tableau
2278,ETL
2278,Data Visualization
2278,Power BI
2278,Python
2278,Machine Learning
2279,MySQL
2279,ETL
2279,Data Visualization
2279,Power BI
2280,Power BI
2280,SQL
2280,ETL
2280,Tableau
2281,Power BI
2281,Tableau
2281,MySQL
2281,AWS
2281,Machine Learning
2281,Data Visualization
2282,Statistics
2282,MySQL
2282,AWS
2282,Machine Learning
2282,Python
2282,Tableau
2283,ETL
2283,Excel
2283,AWS
2283,Machine Learning
2283,Python
2283,Data Visualization
2283,Power BI
2284,Statistics
2284,AWS
2284,SQL
2284,ETL
2284,Data Visualization
2284,Tableau
2285,Machine Learning
2285,Data Visualization
2285,Statistics
2285,ETL
2285,AWS
2285,Python
2285,SQL
2286,Power BI
2286,ETL
2286,Tableau
2286,Pandas
2286,Machine Learning
2286,Python
2287,Tableau
2287,ETL
2287,Excel
2287,Python
2287,Statistics
2288,Excel
2288,Machine Learning
2288,MySQL
2288,Statistics
2288,AWS
2288,SQL
2288,Data Visualization
2289,Excel
2289,AWS
2289,Python
2289,Machine Learning
2289,SQL
2289,Data Visualization
2290,AWS
2290,Machine Learning
2290,Excel
2290,Power BI
2291,Pandas
2291,Python
2291,SQL
2291,Tableau
2292,ETL
2292,Power BI
2292,AWS
2292,Statistics
2292,Machine Learning
2292,Python
2292,Excel
2293,Power BI
2293,MySQL
2293,SQL
2293,Statistics
2293,Tableau
2294,Pandas
2294,ETL
2294,Data Visualization
2294,Statistics
2294,MySQL
2295,Pandas
2295,Data Visualization
2295,Machine Learning
2295,Python
2295,Statistics
2295,AWS
2296,Power BI
2296,Excel
2296,Machine Learning
2296,Tableau
2296,SQL
2296,ETL
2297,SQL
2297,Machine Learning
2297,Python
2297,AWS
2297,Data Visualization
2297,Power BI
2298,Power BI
2298,Machine Learning
2298,AWS
2298,Statistics
2299,Machine Learning
2299,Statistics
2299,ETL
2299,Pandas
2299,AWS
2300,Statistics
2300,Data Visualization
2300,MySQL
2300,Tableau
2300,SQL
2300,Excel
2301,Data Visualization
2301,SQL
2301,AWS
2301,Power BI
2301,Excel
2302,ETL
2302,SQL
2302,Data Visualization
2302,Tableau
2303,Machine Learning
2303,ETL
2303,AWS
2303,Pandas
2303,Excel
2303,MySQL
2303,Python
2304,MySQL
2304,Machine Learning
2304,Excel
2304,Python
2304,AWS
2305,MySQL
2305,Machine Learning
2305,ETL
2305,Excel
2305,Data Visualization
2305,Statistics
2305,Python
2306,ETL
2306,Data Visualization
2306,MySQL
2306,SQL
2306,Excel
2307,MySQL
2307,Power BI
2307,AWS
2307,Pandas
2307,ETL
2308,Python
2308,ETL
2308,AWS
2308,Data Visualization
2309,Tableau
2309,ETL
2309,SQL
2309,Excel
2310,Pandas
2310,AWS
2310,ETL
2310,Data Visualization
2310,Statistics
2311,SQL
2311,MySQL
2311,Machine Learning
2311,Pandas
2312,AWS
2312,Tableau
2312,Excel
2312,SQL
2312,Power BI
2312,MySQL
2312,Python
2313,SQL
2313,Power BI
2313,Tableau
2313,Pandas
2314,Pandas
2314,Excel
2314,SQL
2314,Tableau
2314,MySQL
2315,MySQL
2315,Power BI
2315,Tableau
2315,Pandas
2315,Excel
2316,Statistics
2316,Machine Learning
2316,ETL
2316,Power BI
2316,SQL
2316,Tableau
2317,Pandas
2317,Power BI
2317,Data Visualization
2317,Statistics
2317,Excel
2317,Tableau
2318,Python
2318,ETL
2318,Tableau
2318,Excel
2318,AWS
2318,Data Visualization
2318,SQL
2319,Pandas
2319,Power BI
2319,MySQL
2319,Excel
2319,Data Visualization
2320,Pandas
2320,Tableau
2320,MySQL
2320,Statistics
2320,Data Visualization
2320,AWS
2321,Tableau
2321,Pandas
2321,SQL
2321,Excel
2321,Machine Learning
2321,Power BI
2322,SQL
2322,Excel
2322,Data Visualization
2322,Tableau
2323,ETL
2323,AWS
2323,MySQL
2323,Tableau
2323,Pandas
2324,AWS
2324,Tableau
2324,SQL
2324,Power BI
2324,Excel
2324,Data Visualization
2324,Pandas
2325,Python
2325,AWS
2325,SQL
2325,Power BI
2326,Power BI
2326,SQL
2326,MySQL
2326,Tableau
2327,Excel
2327,SQL
2327,Tableau
2327,Machine Learning
2327,Statistics
2327,ETL
2328,SQL
2328,Machine Learning
2328,Python
2328,MySQL
2328,Power BI
2328,AWS
2328,Data Visualization
2329,Power BI
2329,AWS
2329,Tableau
2329,Statistics
2329,SQL
2329,ETL
2330,AWS
2330,Excel
2330,Data Visualization
2330,SQL
2330,ETL
2330,Power BI
2330,Python
2331,AWS
2331,Pandas
2331,Excel
2331,SQL
2332,Tableau
2332,SQL
2332,Statistics
2332,Python
2332,AWS
2333,Pandas
2333,ETL
2333,Tableau
2333,SQL
2333,MySQL
2333,Statistics
2334,Power BI
2334,Data Visualization
2334,Tableau
2334,Statistics
2334,MySQL
2335,Statistics
2335,ETL
2335,Pandas
2335,Machine Learning
2335,Power BI
2335,MySQL
2335,AWS
2336,ETL
2336,Machine Learning
2336,SQL
2336,AWS
2336,Tableau
2337,ETL
2337,Tableau
2337,MySQL
2337,AWS
2337,Machine Learning
2338,Statistics
2338,AWS
2338,ETL
2338,Machine Learning
2338,Tableau
2339,Pandas
2339,Power BI
2339,Statistics
2339,MySQL
2340,SQL
2340,ETL
2340,Pandas
2340,Data Visualization
2340,Excel
2340,Statistics
2340,AWS
2341,ETL
2341,Excel
2341,Python
2341,AWS
2342,Statistics
2342,Tableau
2342,Python
2342,Machine Learning
2343,Excel
2343,Data Visualization
2343,ETL
2343,Pandas
2343,Statistics
2343,AWS
2344,MySQL
2344,Tableau
2344,Power BI
2344,Data Visualization
2344,Pandas
2345,Excel
2345,Statistics
2345,ETL
2345,SQL
2345,Power BI
2345,Machine Learning
2346,Statistics
2346,Python
2346,SQL
2346,AWS
2346,Tableau
2346,Excel
2346,MySQL
2347,Pandas
2347,MySQL
2347,SQL
2347,Power BI
2348,Tableau
2348,ETL
2348,SQL
2348,Statistics
2348,MySQL
2348,Machine Learning
2348,Pandas
2349,Power BI
2349,AWS
2349,Data Visualization
2349,Statistics
2350,MySQL
2350,Machine Learning
2350,ETL
2350,Statistics
2350,Data Visualization
2351,Python
2351,Tableau
2351,Excel
2351,Power BI
2351,AWS
2352,Data Visualization
2352,MySQL
2352,Statistics
2352,AWS
2352,Tableau
2352,ETL
2353,Machine Learning
2353,Python
2353,Excel
2353,Tableau
2353,ETL
2353,Power BI
2353,Pandas
2354,Tableau
2354,Python
2354,Excel
2354,ETL
2354,Data Visualization
2355,Pandas
2355,Power BI
2355,Data Visualization
2355,Python
2356,ETL
2356,MySQL
2356,Machine Learning
2356,AWS
2356,Pandas
2356,Tableau
2357,AWS
2357,Python
2357,SQL
2357,ETL
2357,Data Visualization
2357,Pandas
2357,Statistics
2358,MySQL
2358,AWS
2358,SQL
2358,Tableau
2358,Python
2358,Machine Learning
2358,Power BI
2359,Data Visualization
2359,SQL
2359,MySQL
2359,Power BI
2360,Python
2360,Power BI
2360,MySQL
2360,ETL
2360,Pandas
2360,Data Visualization
2360,SQL
2361,Data Visualization
2361,SQL
2361,MySQL
2361,Pandas
2361,Excel
2361,Python
2362,AWS
2362,Pandas
2362,Statistics
2362,ETL
2363,Tableau
2363,Python
2363,Power BI
2363,MySQL
2364,Statistics
2364,Machine Learning
2364,Pandas
2364,SQL
2364,Tableau
2364,MySQL
2364,ETL
2365,Machine Learning
2365,Statistics
2365,ETL
2365,Python
2365,Data Visualization
2365,Tableau
2366,SQL
2366,Machine Learning
2366,AWS
2366,Power BI
2366,Pandas
2366,Tableau
2367,ETL
2367,Machine Learning
2367,Excel
2367,Python
2367,Tableau
2367,Data Visualization
2368,ETL
2368,Python
2368,Tableau
2368,SQL
2368,Power BI
2369,Tableau
2369,SQL
2369,Excel
2369,Statistics
2369,Data Visualization
2369,Python
2369,Pandas
2370,Excel
2370,MySQL
2370,Machine Learning
2370,Power BI
2371,MySQL
2371,Statistics
2371,Machine Learning
2371,Excel
2371,AWS
2371,Data Visualization
2372,MySQL
2372,Machine Learning
2372,SQL
2372,Pandas
2372,AWS
2372,Data Visualization
2372,Statistics
2373,Data Visualization
2373,MySQL
2373,Power BI
2373,Excel
2373,AWS
2373,SQL
2373,Pandas
2374,Python
2374,Statistics
2374,MySQL
2374,Power BI
2374,Data Visualization
2374,Tableau
2375,ETL
2375,Tableau
2375,MySQL
2375,Python
2375,Statistics
2375,Pandas
2376,Power BI
2376,Data Visualization
2376,Statistics
2376,Python
2376,ETL
2377,Power BI
2377,Statistics
2377,Excel
2377,SQL
2377,Machine Learning
2378,Python
2378,SQL
2378,Statistics
2378,Excel
2378,Machine Learning
2378,Tableau
2379,Machine Learning
2379,Excel
2379,Pandas
2379,MySQL
2379,Data Visualization
2380,SQL
2380,AWS
2380,Machine Learning
2380,MySQL
2381,Statistics
2381,Data Visualization
2381,Tableau
2381,Power BI
2381,Excel
2381,Python
2382,Data Visualization
2382,SQL
2382,Tableau
2382,MySQL
2382,Pandas
2382,Power BI
2383,AWS
2383,Excel
2383,Statistics
2383,Pandas
2383,ETL
2384,Power BI
2384,Statistics
2384,ETL
2384,Excel
2384,Data Visualization
2384,Python
2385,AWS
2385,MySQL
2385,ETL
2385,Tableau
2385,Power BI
2385,Machine Learning
2385,Statistics
2386,Pandas
2386,Machine Learning
2386,Python
2386,Statistics
2387,ETL
2387,SQL
2387,AWS
2387,Python
2387,Tableau
2388,Pandas
2388,Excel
2388,MySQL
2388,SQL
2388,AWS
2388,Statistics
2388,ETL
2389,Data Visualization
2389,Pandas
2389,Machine Learning
2389,Excel
2389,AWS
2390,SQL
2390,Machine Learning
2390,Tableau
2390,Statistics
2390,Power BI
2391,Python
2391,Pandas
2391,SQL
2391,AWS
2391,MySQL
2391,Power BI
2391,Data Visualization
2392,Python
2392,AWS
2392,MySQL
2392,SQL
2392,Tableau
2393,Machine Learning
2393,Python
2393,AWS
2393,ETL
2393,SQL
2393,Data Visualization
2394,Tableau
2394,Excel
2394,Power BI
2394,Pandas
2394,Data Visualization
2395,Data Visualization
2395,Python
2395,Machine Learning
2395,Excel
2395,Power BI
2395,ETL
2395,Pandas
2396,Power BI
2396,Data Visualization
2396,SQL
2396,ETL
2396,Tableau
2397,Power BI
2397,Machine Learning
2397,MySQL
2397,SQL
2398,Excel
2398,ETL
2398,Python
2398,Power BI
2398,AWS
2398,Machine Learning
2398,Statistics
2399,ETL
2399,Machine Learning
2399,Statistics
2399,SQL
2400,MySQL
2400,SQL
2400,Tableau
2400,ETL
2400,Machine Learning
2400,Data Visualization
2400,Python
2401,ETL
2401,Power BI
2401,Pandas
2401,SQL
2401,Python
2401,Statistics
2402,Data Visualization
2402,Power BI
2402,SQL
2402,Pandas
2402,Statistics
2402,Tableau
2403,Python
2403,Machine Learning
2403,Tableau
2403,Excel
2404,Python
2404,ETL
2404,Power BI
2404,Excel
2404,Data Visualization
2404,AWS
2405,Python
2405,ETL
2405,Machine Learning
2405,Tableau
2405,MySQL
2405,Excel
2406,Excel
2406,MySQL
2406,SQL
2406,Statistics
2406,Power BI
2406,ETL
2406,Tableau
2407,AWS
2407,ETL
2407,Statistics
2407,Excel
2407,Pandas
2407,Data Visualization
2407,MySQL
2408,Excel
2408,Python
2408,Statistics
2408,ETL
2408,Tableau
2408,Machine Learning
2408,Power BI
2409,Power BI
2409,Tableau
2409,Python
2409,Statistics
2409,AWS
2410,SQL
2410,Pandas
2410,Tableau
2410,Excel
2411,Pandas
2411,Statistics
2411,Data Visualization
2411,MySQL
2411,Excel
2411,Power BI
2412,Power BI
2412,Statistics
2412,Python
2412,Pandas
2412,Tableau
2412,Data Visualization
2413,Tableau
2413,MySQL
2413,AWS
2413,Python
2413,Machine Learning
2414,Pandas
2414,SQL
2414,Statistics
2414,MySQL
2415,Pandas
2415,Machine Learning
2415,MySQL
2415,Tableau
2415,Statistics
2415,AWS
2415,SQL
2416,Statistics
2416,AWS
2416,MySQL
2416,Tableau
2417,Python
2417,Machine Learning
2417,Tableau
2417,AWS
2417,MySQL
2417,SQL
2417,Excel
2418,Machine Learning
2418,Power BI
2418,SQL
2418,ETL
2418,Python
2418,MySQL
2419,AWS
2419,Python
2419,Excel
2419,Tableau
2419,SQL
2419,Pandas
2419,MySQL
2420,AWS
2420,Statistics
2420,Pandas
2420,Data Visualization
2420,ETL
2420,Power BI
2420,Python
2421,Tableau
2421,MySQL
2421,ETL
2421,AWS
2421,SQL
2421,Python
2422,Tableau
2422,AWS
2422,ETL
2422,SQL
2422,Excel
2422,Statistics
2422,MySQL
2423,ETL
2423,Statistics
2423,Python
2423,Excel
2423,Tableau
2423,Data Visualization
2424,Statistics
2424,MySQL
2424,Data Visualization
2424,AWS
2424,SQL
2424,ETL
2425,SQL
2425,Power BI
2425,MySQL
2425,Tableau
2425,Data Visualization
2425,ETL
2426,Machine Learning
2426,Python
2426,AWS
2426,MySQL
2426,ETL
2426,Excel
2426,Power BI
2427,Power BI
2427,ETL
2427,Machine Learning
2427,Excel
2428,Power BI
2428,Pandas
2428,Python
2428,Machine Learning
2428,MySQL
2428,Data Visualization
2429,Pandas
2429,Data Visualization
2429,Tableau
2429,Excel
2429,Statistics
2429,AWS
2430,SQL
2430,Power BI
2430,AWS
2430,Pandas
2430,MySQL
2431,Machine Learning
2431,Data Visualization
2431,AWS
2431,Tableau
2431,Pandas
2431,Statistics
2431,SQL
2432,Excel
2432,Machine Learning
2432,AWS
2432,Data Visualization
2433,Power BI
2433,AWS
2433,Machine Learning
2433,Statistics
2433,Excel
2434,AWS
2434,Pandas
2434,Power BI
2434,Python
2434,ETL
2434,Data Visualization
2434,Machine Learning
2435,ETL
2435,Power BI
2435,Machine Learning
2435,SQL
2435,AWS
2435,Pandas
2436,Power BI
2436,ETL
2436,Pandas
2436,MySQL
2436,Data Visualization
2436,Excel
2436,SQL
2437,MySQL
2437,SQL
2437,Machine Learning
2437,Pandas
2437,Data Visualization
2438,Machine Learning
2438,MySQL
2438,AWS
2438,Excel
2439,SQL
2439,Python
2439,Excel
2439,Machine Learning
2439,Statistics
2439,Data Visualization
2439,ETL
2440,Machine Learning
2440,Power BI
2440,SQL
2440,Pandas
2440,Excel
2440,Statistics
2440,Tableau
2441,Statistics
2441,Tableau
2441,ETL
2441,Data Visualization
2442,AWS
2442,Statistics
2442,Excel
2442,Power BI
2443,Machine Learning
2443,SQL
2443,Statistics
2443,Python
2444,SQL
2444,Machine Learning
2444,Power BI
2444,AWS
2445,Data Visualization
2445,ETL
2445,SQL
2445,Statistics
2446,Python
2446,Machine Learning
2446,Excel
2446,Statistics
2446,Tableau
2446,Pandas
2446,ETL
2447,Tableau
2447,Data Visualization
2447,Excel
2447,Python
2447,Machine Learning
2447,Pandas
2448,AWS
2448,SQL
2448,Machine Learning
2448,Pandas
2449,Statistics
2449,Pandas
2449,Machine Learning
2449,Python
2449,SQL
2449,ETL
2449,MySQL
2450,Statistics
2450,SQL
2450,Data Visualization
2450,ETL
2450,Tableau
2450,Excel
2451,MySQL
2451,SQL
2451,Data Visualization
2451,Python
2451,AWS
2451,Machine Learning
2451,Statistics
2452,Python
2452,Tableau
2452,Pandas
2452,SQL
2453,AWS
2453,Tableau
2453,ETL
2453,Machine Learning
2453,MySQL
2454,Data Visualization
2454,Tableau
2454,SQL
2454,Excel
2454,Pandas
2454,Python
2454,MySQL
2455,Pandas
2455,Excel
2455,Tableau
2455,MySQL
2455,ETL
2456,Statistics
2456,Tableau
2456,AWS
2456,MySQL
2456,Python
2456,SQL
2457,Power BI
2457,Pandas
2457,Python
2457,MySQL
2457,ETL
2457,AWS
2457,Machine Learning
2458,SQL
2458,AWS
2458,Python
2458,Excel
2458,MySQL
2458,Data Visualization
2458,Pandas
2459,Tableau
2459,AWS
2459,Power BI
2459,MySQL
2459,Statistics
2459,Machine Learning
2459,Data Visualization
2460,MySQL
2460,ETL
2460,Power BI
2460,SQL
2460,AWS
2460,Python
2461,Data Visualization
2461,Excel
2461,Statistics
2461,MySQL
2461,Power BI
2462,Tableau
2462,Python
2462,Statistics
2462,Excel
2463,Python
2463,Data Visualization
2463,Tableau
2463,Statistics
2464,Pandas
2464,AWS
2464,Machine Learning
2464,ETL
2464,Excel
2465,Tableau
2465,AWS
2465,Power BI
2465,MySQL
2465,Data Visualization
2466,MySQL
2466,Pandas
2466,Power BI
2466,Machine Learning
2466,ETL
2466,Tableau
2466,Data Visualization
2467,Statistics
2467,ETL
2467,MySQL
2467,Excel
2468,Power BI
2468,Excel
2468,AWS
2468,Statistics
2468,Tableau
2468,Data Visualization
2469,Excel
2469,Pandas
2469,Tableau
2469,Python
2469,ETL
2469,Power BI
2470,SQL
2470,Python
2470,Excel
2470,Pandas
2471,ETL
2471,Data Visualization
2471,Tableau
2471,Machine Learning
2471,Python
2471,SQL
2471,Excel
2472,Pandas
2472,MySQL
2472,Python
2472,AWS
2472,ETL
2472,Power BI
2472,Excel
2473,Machine Learning
2473,SQL
2473,AWS
2473,Pandas
2473,MySQL
2473,Tableau
2474,Python
2474,Pandas
2474,Data Visualization
2474,Statistics
2474,Excel
2474,AWS
2474,Tableau
2475,Python
2475,Pandas
2475,MySQL
2475,Machine Learning
2475,AWS
2476,Python
2476,Power BI
2476,Pandas
2476,Statistics
2476,SQL
2476,Data Visualization
2476,MySQL
2477,SQL
2477,AWS
2477,Tableau
2477,Power BI
2477,Python
2478,Excel
2478,Power BI
2478,SQL
2478,Tableau
2478,Pandas
2478,Python
2478,ETL
2479,Power BI
2479,Data Visualization
2479,Tableau
2479,Pandas
2479,MySQL
2480,Machine Learning
2480,SQL
2480,Statistics
2480,AWS
2480,Tableau
2481,Excel
2481,Machine Learning
2481,Data Visualization
2481,Pandas
2482,Statistics
2482,ETL
2482,Excel
2482,Tableau
2482,Machine Learning
2483,Statistics
2483,Pandas
2483,Machine Learning
2483,Excel
2484,Python
2484,ETL
2484,Machine Learning
2484,Data Visualization
2484,SQL
2484,Pandas
2485,AWS
2485,Python
2485,Power BI
2485,Pandas
2485,Machine Learning
2485,Statistics
2485,MySQL
2486,Excel
2486,MySQL
2486,SQL
2486,Power BI
2486,Python
2486,AWS
2487,Excel
2487,Data Visualization
2487,MySQL
2487,Pandas
2487,Power BI
2487,Tableau
2488,Statistics
2488,Power BI
2488,Machine Learning
2488,Tableau
2489,Statistics
2489,Machine Learning
2489,MySQL
2489,Pandas
2489,Python
2489,AWS
2490,Excel
2490,Pandas
2490,ETL
2490,SQL
2491,Python
2491,Tableau
2491,Data Visualization
2491,Power BI
2491,Statistics
2491,Pandas
2491,MySQL
2492,Tableau
2492,Machine Learning
2492,ETL
2492,Python
2492,Data Visualization
2492,SQL
2492,Excel
2493,Excel
2493,SQL
2493,Tableau
2493,MySQL
2494,AWS
2494,MySQL
2494,Machine Learning
2494,Pandas
2494,Statistics
2494,Power BI
2494,ETL
2495,Data Visualization
2495,Tableau
2495,Pandas
2495,Excel
2495,Statistics
2495,Python
2495,AWS
2496,Python
2496,MySQL
2496,Excel
2496,AWS
2496,Power BI
2497,SQL
2497,Machine Learning
2497,Excel
2497,AWS
2498,Pandas
2498,Machine Learning
2498,ETL
2498,Python
2498,Tableau
2499,Statistics
2499,SQL
2499,Python
2499,Excel
2499,Power BI
2500,Tableau
2500,MySQL
2500,Pandas
2500,Power BI
2500,SQL
2500,Python
2501,Statistics
2501,MySQL
2501,AWS
2501,Machine Learning
2501,Excel
2501,ETL
2502,Machine Learning
2502,Statistics
2502,SQL
2502,Pandas
2502,Power BI
2502,ETL
2503,AWS
2503,Python
2503,Power BI
2503,Data Visualization
2503,Machine Learning
2503,Pandas
2503,Excel
2504,SQL
2504,Power BI
2504,Excel
2504,Data Visualization
2504,Tableau
2505,Tableau
2505,MySQL
2505,Statistics
2505,Excel
2505,Pandas
2505,SQL
2505,Power BI
2506,AWS
2506,Power BI
2506,Pandas
2506,MySQL
2506,Data Visualization
2506,ETL
2507,Statistics
2507,Pandas
2507,MySQL
2507,ETL
2507,Machine Learning
2507,Data Visualization
2508,Data Visualization
2508,Excel
2508,Pandas
2508,Statistics
2508,Machine Learning
2509,Machine Learning
2509,SQL
2509,Tableau
2509,Data Visualization
2509,MySQL
2509,Python
2510,Statistics
2510,MySQL
2510,Power BI
2510,Python
2510,Machine Learning
2510,SQL
2511,ETL
2511,SQL
2511,Data Visualization
2511,Power BI
2511,Pandas
2511,AWS
2512,Pandas
2512,Excel
2512,Tableau
2512,MySQL
2512,Python
2512,ETL
2513,Power BI
2513,Tableau
2513,SQL
2513,Python
2514,AWS
2514,Power BI
2514,Excel
2514,ETL
2515,SQL
2515,ETL
2515,Python
2515,AWS
2515,Machine Learning
2515,MySQL
2516,Excel
2516,Python
2516,SQL
2516,MySQL
2516,Data Visualization
2516,Machine Learning
2516,Pandas
2517,Tableau
2517,MySQL
2517,Python
2517,ETL
2517,Pandas
2518,SQL
2518,Python
2518,Statistics
2518,Data Visualization
2519,MySQL
2519,SQL
2519,Power BI
2519,Data Visualization
2520,Python
2520,Pandas
2520,AWS
2520,Power BI
2520,Data Visualization
2520,Machine Learning
2521,Machine Learning
2521,Power BI
2521,Excel
2521,Python
2521,MySQL
2522,AWS
2522,Pandas
2522,Tableau
2522,Statistics
2522,MySQL
2522,ETL
2523,Machine Learning
2523,Pandas
2523,SQL
2523,Python
2523,Tableau
2524,SQL
2524,Pandas
2524,ETL
2524,AWS
2524,Power BI
2524,Tableau
2525,Python
2525,Tableau
2525,AWS
2525,SQL
2526,SQL
2526,ETL
2526,Tableau
2526,Excel
2526,MySQL
2527,Python
2527,AWS
2527,Tableau
2527,Statistics
2527,Power BI
2528,AWS
2528,Tableau
2528,SQL
2528,Machine Learning
2529,Pandas
2529,ETL
2529,MySQL
2529,Statistics
2529,Data Visualization
2530,MySQL
2530,ETL
2530,Statistics
2530,Excel
2530,Data Visualization
2530,Tableau
2531,Tableau
2531,Python
2531,ETL
2531,SQL
2531,MySQL
2532,AWS
2532,SQL
2532,MySQL
2532,Data Visualization
2532,Pandas
2533,SQL
2533,ETL
2533,Power BI
2533,Excel
2533,AWS
2534,ETL
2534,SQL
2534,MySQL
2534,Data Visualization
2534,Machine Learning
2534,Excel
2534,Pandas
2535,Tableau
2535,Machine Learning
2535,Python
2535,Data Visualization
2535,Power BI
2535,Statistics
2536,ETL
2536,Excel
2536,Statistics
2536,Machine Learning
2536,Power BI
2536,Pandas
2537,MySQL
2537,Tableau
2537,ETL
2537,Machine Learning
2537,Excel
2538,Pandas
2538,Tableau
2538,Data Visualization
2538,AWS
2538,SQL
2538,Python
2539,Power BI
2539,Machine Learning
2539,Pandas
2539,Data Visualization
2539,MySQL
2540,Data Visualization
2540,Power BI
2540,Tableau
2540,AWS
2540,ETL
2541,Python
2541,Excel
2541,AWS
2541,Machine Learning
2541,ETL
2541,Data Visualization
2541,Statistics
2542,Python
2542,MySQL
2542,SQL
2542,AWS
2542,Data Visualization
2543,ETL
2543,Machine Learning
2543,Statistics
2543,SQL
2544,Python
2544,Pandas
2544,SQL
2544,MySQL
2544,Power BI
2545,ETL
2545,Python
2545,SQL
2545,Pandas
2545,Data Visualization
2545,MySQL
2546,ETL
2546,Excel
2546,Machine Learning
2546,Pandas
2546,SQL
2547,Tableau
2547,Machine Learning
2547,Pandas
2547,Statistics
2547,Python
2547,SQL
2547,Power BI
2548,SQL
2548,MySQL
2548,Data Visualization
2548,Excel
2548,ETL
2548,Python
2548,Statistics
2549,Statistics
2549,Pandas
2549,ETL
2549,Tableau
2549,Excel
2550,Power BI
2550,MySQL
2550,Tableau
2550,Python
2550,ETL
2550,AWS
2550,Data Visualization
2551,Tableau
2551,Python
2551,Machine Learning
2551,Statistics
2552,Statistics
2552,Data Visualization
2552,Tableau
2552,SQL
2553,Statistics
2553,Machine Learning
2553,Excel
2553,Pandas
2553,Power BI
2553,Tableau
2553,AWS
2554,SQL
2554,MySQL
2554,Power BI
2554,Machine Learning
2554,AWS
2555,Tableau
2555,SQL
2555,Machine Learning
2555,MySQL
2555,Excel
2555,Python
2556,SQL
2556,ETL
2556,Tableau
2556,Excel
2556,Power BI
2557,AWS
2557,SQL
2557,Data Visualization
2557,Excel
2558,Tableau
2558,Statistics
2558,Excel
2558,SQL
2558,Data Visualization
2558,Power BI
2558,Python
2559,Pandas
2559,Machine Learning
2559,Statistics
2559,SQL
2559,Tableau
2560,Machine Learning
2560,Statistics
2560,SQL
2560,Python
2560,Tableau
2561,Power BI
2561,Machine Learning
2561,MySQL
2561,Statistics
2561,AWS
2561,SQL
2561,ETL
2562,Python
2562,Power BI
2562,MySQL
2562,Tableau
2562,Pandas
2563,Tableau
2563,Statistics
2563,Pandas
2563,Data Visualization
2563,MySQL
2563,ETL
2563,Excel
2564,Statistics
2564,Power BI
2564,ETL
2564,MySQL
2565,Statistics
2565,Machine Learning
2565,Power BI
2565,Pandas
2565,Tableau
2565,MySQL
2565,ETL
2566,Machine Learning
2566,Excel
2566,Tableau
2566,SQL
2566,ETL
2567,MySQL
2567,Excel
2567,Power BI
2567,Tableau
2567,ETL
2567,Data Visualization
2567,Python
2568,Pandas
2568,Tableau
2568,Python
2568,Power BI
2569,Excel
2569,MySQL
2569,Machine Learning
2569,Pandas
2569,AWS
2569,Python
2570,Power BI
2570,SQL
2570,ETL
2570,Pandas
2570,Statistics
2570,Machine Learning
2570,Python
2571,Python
2571,Data Visualization
2571,Machine Learning
2571,SQL
2571,ETL
2571,Tableau
2572,Power BI
2572,SQL
2572,Statistics
2572,Python
2572,Pandas
2572,AWS
2572,MySQL
2573,Statistics
2573,Data Visualization
2573,SQL
2573,Power BI
2573,ETL
2574,Statistics
2574,ETL
2574,SQL
2574,Excel
2574,Machine Learning
2574,Data Visualization
2574,MySQL
2575,Machine Learning
2575,AWS
2575,MySQL
2575,Statistics
2576,MySQL
2576,SQL
2576,ETL
2576,Python
2576,Data Visualization
2577,Statistics
2577,Python
2577,Machine Learning
2577,Pandas
2577,AWS
2578,Data Visualization
2578,Pandas
2578,Tableau
2578,Excel
2578,Power BI
2579,Excel
2579,Python
2579,MySQL
2579,Pandas
2579,Power BI
2580,Excel
2580,SQL
2580,ETL
2580,Statistics
2580,AWS
2580,MySQL
2580,Pandas
2581,AWS
2581,Tableau
2581,Machine Learning
2581,Pandas
2582,Tableau
2582,Power BI
2582,Statistics
2582,Python
2582,ETL
2582,Excel
2582,MySQL
2583,Python
2583,MySQL
2583,ETL
2583,Statistics
2583,Power BI
2583,SQL
2584,SQL
2584,Tableau
2584,Pandas
2584,Statistics
2584,ETL
2585,Excel
2585,MySQL
2585,Statistics
2585,ETL
2586,Excel
2586,Machine Learning
2586,MySQL
2586,Statistics
2586,Python
2586,Power BI
2586,ETL
2587,ETL
2587,Pandas
2587,SQL
2587,Machine Learning
2587,AWS
2587,Power BI
2587,Excel
2588,Statistics
2588,ETL
2588,AWS
2588,Tableau
2588,SQL
2588,MySQL
2588,Data Visualization
2589,SQL
2589,ETL
2589,Power BI
2589,Statistics
2589,MySQL
2589,Machine Learning
2589,Excel
2590,SQL
2590,ETL
2590,Tableau
2590,Pandas
2591,Power BI
2591,Data Visualization
2591,SQL
2591,ETL
2592,Python
2592,Machine Learning
2592,Pandas
2592,Statistics
2592,Data Visualization
2592,Excel
2593,Excel
2593,ETL
2593,Pandas
2593,SQL
2593,AWS
2593,Machine Learning
2593,Python
2594,ETL
2594,Excel
2594,Pandas
2594,MySQL
2595,ETL
2595,Data Visualization
2595,Pandas
2595,Statistics
2595,Python
2595,Machine Learning
2595,Power BI
2596,ETL
2596,Pandas
2596,Tableau
2596,Power BI
2596,MySQL
2596,Excel
2597,Data Visualization
2597,ETL
2597,Excel
2597,Python
2597,MySQL
2597,Tableau
2597,Pandas
2598,Statistics
2598,AWS
2598,Python
2598,Pandas
2599,Excel
2599,AWS
2599,Tableau
2599,Power BI
2599,Machine Learning
2599,ETL
2599,MySQL
2600,Tableau
2600,MySQL
2600,SQL
2600,Pandas
2601,MySQL
2601,ETL
2601,AWS
2601,SQL
2601,Tableau
2601,Machine Learning
2602,Machine Learning
2602,Excel
2602,Python
2602,Tableau
2603,Statistics
2603,Machine Learning
2603,Python
2603,AWS
2604,ETL
2604,Python
2604,Excel
2604,Statistics
2605,Power BI
2605,ETL
2605,Tableau
2605,Pandas
2606,Excel
2606,Tableau
2606,Pandas
2606,SQL
2607,Power BI
2607,Machine Learning
2607,SQL
2607,Statistics
2607,Pandas
2608,Machine Learning
2608,Data Visualization
2608,SQL
2608,Tableau
2608,Statistics
2608,Pandas
2608,AWS
2609,Tableau
2609,SQL
2609,Excel
2609,ETL
2609,Statistics
2610,SQL
2610,MySQL
2610,Excel
2610,Pandas
2610,ETL
2610,Tableau
2611,Pandas
2611,Excel
2611,ETL
2611,AWS
2611,Statistics
2611,Data Visualization
2611,Power BI
2612,Machine Learning
2612,SQL
2612,AWS
2612,Python
2612,Power BI
2613,Pandas
2613,Statistics
2613,Data Visualization
2613,Excel
2613,Python
2613,Tableau
2614,Machine Learning
2614,Pandas
2614,Power BI
2614,Tableau
2614,Data Visualization
2615,AWS
2615,Excel
2615,ETL
2615,Statistics
2615,Python
2615,Machine Learning
2615,Pandas
2616,Data Visualization
2616,AWS
2616,SQL
2616,ETL
2616,Python
2616,Excel
2617,SQL
2617,Tableau
2617,Data Visualization
2617,Power BI
2617,Python
2618,ETL
2618,Machine Learning
2618,Power BI
2618,Tableau
2618,Data Visualization
2619,Tableau
2619,SQL
2619,Pandas
2619,Data Visualization
2620,Data Visualization
2620,Excel
2620,Power BI
2620,MySQL
2620,Statistics
2620,AWS
2620,Pandas
2621,SQL
2621,AWS
2621,MySQL
2621,Data Visualization
2621,Statistics
2622,MySQL
2622,Machine Learning
2622,SQL
2622,Statistics
2622,Python
2622,Tableau
2622,ETL
2623,ETL
2623,Python
2623,SQL
2623,Excel
2624,Power BI
2624,Statistics
2624,AWS
2624,Pandas
2624,ETL
2624,MySQL
2624,SQL
2625,Statistics
2625,Python
2625,Power BI
2625,Machine Learning
2625,AWS
2625,Pandas
2625,Excel
2626,MySQL
2626,Statistics
2626,Python
2626,Power BI
2627,Data Visualization
2627,Tableau
2627,Python
2627,Power BI
2628,SQL
2628,Machine Learning
2628,AWS
2628,Statistics
2629,SQL
2629,Data Visualization
2629,Power BI
2629,AWS
2629,Machine Learning
2630,MySQL
2630,Tableau
2630,Pandas
2630,Data Visualization
2631,Python
2631,Excel
2631,ETL
2631,AWS
2632,Data Visualization
2632,Statistics
2632,AWS
2632,Tableau
2632,SQL
2632,Power BI
2633,SQL
2633,Excel
2633,Data Visualization
2633,Machine Learning
2633,Pandas
2634,Python
2634,Excel
2634,Power BI
2634,SQL
2634,Data Visualization
2634,ETL
2634,Pandas
2635,Power BI
2635,SQL
2635,MySQL
2635,Statistics
2635,AWS
2635,Tableau
2635,Data Visualization
2636,Power BI
2636,Statistics
2636,Machine Learning
2636,ETL
2636,Data Visualization
2636,Python
2636,AWS
2637,Power BI
2637,Pandas
2637,Statistics
2637,ETL
2637,Machine Learning
2637,Excel
2637,Tableau
2638,MySQL
2638,ETL
2638,Python
2638,AWS
2639,SQL
2639,Machine Learning
2639,Statistics
2639,Excel
2639,ETL
2640,ETL
2640,Machine Learning
2640,Pandas
2640,Data Visualization
2640,Power BI
2640,MySQL
2641,Excel
2641,Data Visualization
2641,Pandas
2641,Tableau
2641,Statistics
2642,AWS
2642,Statistics
2642,Tableau
2642,Power BI
2642,Data Visualization
2643,SQL
2643,Python
2643,Pandas
2643,Excel
2643,Data Visualization
2643,ETL
2644,Pandas
2644,Machine Learning
2644,Power BI
2644,ETL
2645,Tableau
2645,Data Visualization
2645,ETL
2645,Excel
2645,Power BI
2645,Python
2646,AWS
2646,Power BI
2646,Data Visualization
2646,MySQL
2646,SQL
2646,Python
2646,Excel
2647,Machine Learning
2647,Data Visualization
2647,Pandas
2647,Python
2647,SQL
2647,Excel
2647,ETL
2648,ETL
2648,MySQL
2648,Machine Learning
2648,Tableau
2649,Machine Learning
2649,Statistics
2649,AWS
2649,Power BI
2649,Excel
2649,Data Visualization
2649,ETL
2650,Data Visualization
2650,Pandas
2650,Python
2650,AWS
2650,Power BI
2651,MySQL
2651,Tableau
2651,Python
2651,Machine Learning
2651,Statistics
2652,SQL
2652,Data Visualization
2652,AWS
2652,Power BI
2653,Tableau
2653,Data Visualization
2653,Excel
2653,ETL
2653,Pandas
2653,Statistics
2653,MySQL
2654,ETL
2654,Python
2654,Machine Learning
2654,Data Visualization
2654,Power BI
2654,MySQL
2655,Machine Learning
2655,Python
2655,AWS
2655,Pandas
2655,Power BI
2656,Data Visualization
2656,Pandas
2656,Power BI
2656,Machine Learning
2656,Statistics
2656,Tableau
2656,SQL
2657,MySQL
2657,AWS
2657,Machine Learning
2657,Excel
2657,Pandas
2657,Python
2658,AWS
2658,Tableau
2658,Excel
2658,MySQL
2658,Power BI
2659,Excel
2659,ETL
2659,Power BI
2659,Python
2659,AWS
2659,SQL
2659,Statistics
2660,Statistics
2660,ETL
2660,Power BI
2660,MySQL
2661,Python
2661,AWS
2661,Machine Learning
2661,ETL
2662,ETL
2662,MySQL
2662,Machine Learning
2662,SQL
2663,ETL
2663,Statistics
2663,Tableau
2663,Pandas
2664,Data Visualization
2664,AWS
2664,Python
2664,SQL
2664,ETL
2665,Data Visualization
2665,Excel
2665,SQL
2665,Power BI
2665,MySQL
2665,Machine Learning
2665,AWS
2666,AWS
2666,Excel
2666,Power BI
2666,MySQL
2666,Tableau
2667,ETL
2667,AWS
2667,SQL
2667,Tableau
2668,Power BI
2668,AWS
2668,MySQL
2668,Tableau
2669,ETL
2669,Pandas
2669,Tableau
2669,Power BI
2669,AWS
2669,MySQL
2669,Python
2670,AWS
2670,Data Visualization
2670,Machine Learning
2670,Statistics
2670,ETL
2670,Power BI
2670,Excel
2671,Power BI
2671,Python
2671,Tableau
2671,AWS
2671,SQL
2671,ETL
2672,AWS
2672,Statistics
2672,Data Visualization
2672,Python
2672,Tableau
2673,Data Visualization
2673,Statistics
2673,Python
2673,Power BI
2674,Pandas
2674,Statistics
2674,Machine Learning
2674,Tableau
2674,SQL
2674,Python
2674,AWS
2675,Power BI
2675,Statistics
2675,AWS
2675,MySQL
2675,Data Visualization
2676,ETL
2676,Pandas
2676,Machine Learning
2676,Power BI
2676,Tableau
2677,Power BI
2677,ETL
2677,Python
2677,Excel
2677,SQL
2677,Machine Learning
2677,Pandas
2678,AWS
2678,Machine Learning
2678,Tableau
2678,Python
2679,ETL
2679,Pandas
2679,Data Visualization
2679,Excel
2680,Tableau
2680,Data Visualization
2680,ETL
2680,Python
2680,SQL
2680,AWS
2681,Excel
2681,ETL
2681,AWS
2681,SQL
2681,Tableau
2682,Machine Learning
2682,SQL
2682,Power BI
2682,Data Visualization
2682,Python
2682,Pandas
2683,Tableau
2683,MySQL
2683,AWS
2683,Excel
2683,Data Visualization
2683,SQL
2683,Pandas
2684,Tableau
2684,Python
2684,Data Visualization
2684,SQL
2684,Pandas
2684,Statistics
2684,AWS
2685,Statistics
2685,MySQL
2685,Data Visualization
2685,Power BI
2685,SQL
2686,Pandas
2686,Data Visualization
2686,Power BI
2686,ETL
2687,Python
2687,AWS
2687,Pandas
2687,MySQL
2688,ETL
2688,SQL
2688,Data Visualization
2688,Python
2689,Statistics
2689,SQL
2689,AWS
2689,Machine Learning
2689,Power BI
2689,ETL
2690,MySQL
2690,Excel
2690,Machine Learning
2690,Statistics
2691,ETL
2691,AWS
2691,Machine Learning
2691,Excel
2692,ETL
2692,Machine Learning
2692,Data Visualization
2692,AWS
2693,Pandas
2693,SQL
2693,ETL
2693,Excel
2693,Power BI
2693,Statistics
2694,Excel
2694,Python
2694,AWS
2694,SQL
2694,Statistics
2694,MySQL
2694,Tableau
2695,Machine Learning
2695,Pandas
2695,Tableau
2695,SQL
2695,Statistics
2695,ETL
2695,Python
2696,Machine Learning
2696,MySQL
2696,Data Visualization
2696,Tableau
2696,Python
2696,ETL
2696,Statistics
2697,Statistics
2697,AWS
2697,Pandas
2697,Machine Learning
2697,Data Visualization
2697,ETL
2697,Tableau
2698,Machine Learning
2698,SQL
2698,Data Visualization
2698,Python
2699,Python
2699,ETL
2699,Power BI
2699,Machine Learning
2699,Pandas
2699,AWS
2699,Tableau
2700,Data Visualization
2700,Python
2700,Pandas
2700,SQL
2700,Statistics
2700,Excel
2700,Machine Learning
2701,Pandas
2701,ETL
2701,Machine Learning
2701,SQL
2701,MySQL
2701,Excel
2702,Machine Learning
2702,Excel
2702,ETL
2702,Pandas
2702,Power BI
2703,SQL
2703,Machine Learning
2703,Python
2703,Power BI
2703,Tableau
2703,ETL
2703,Excel
2704,Excel
2704,MySQL
2704,Pandas
2704,Statistics
2704,Power BI
2705,Excel
2705,AWS
2705,Pandas
2705,Machine Learning
2705,SQL
2705,MySQL
2706,ETL
2706,Python
2706,Statistics
2706,AWS
2706,Excel
2707,Excel
2707,SQL
2707,Data Visualization
2707,Statistics
2707,Power BI
2708,Power BI
2708,Machine Learning
2708,Data Visualization
2708,Statistics
2708,AWS
2708,Excel
2709,Tableau
2709,AWS
2709,Excel
2709,SQL
2709,Pandas
2709,Statistics
2710,ETL
2710,Pandas
2710,SQL
2710,Tableau
2710,MySQL
2710,Python
2710,AWS
2711,Machine Learning
2711,MySQL
2711,Power BI
2711,Tableau
2711,SQL
2711,Statistics
2712,Data Visualization
2712,AWS
2712,Pandas
2712,Python
2712,Machine Learning
2713,Data Visualization
2713,AWS
2713,ETL
2713,Pandas
2713,Excel
2714,Data Visualization
2714,ETL
2714,Tableau
2714,MySQL
2714,Power BI
2714,Pandas
2715,Excel
2715,Data Visualization
2715,MySQL
2715,Tableau
2715,SQL
2716,Python
2716,MySQL
2716,Data Visualization
2716,Power BI
2716,Machine Learning
2717,Pandas
2717,MySQL
2717,Statistics
2717,Excel
2717,ETL
2717,Python
2718,Data Visualization
2718,Statistics
2718,Power BI
2718,MySQL
2718,Excel
2718,Pandas
2719,SQL
2719,Data Visualization
2719,MySQL
2719,Excel
2719,Python
2719,Tableau
2720,Python
2720,Pandas
2720,Excel
2720,Machine Learning
2721,Python
2721,Data Visualization
2721,Power BI
2721,Excel
2721,Tableau
2721,SQL
2722,AWS
2722,Tableau
2722,Power BI
2722,Pandas
2722,ETL
2722,Python
2722,Machine Learning
2723,Pandas
2723,Excel
2723,Tableau
2723,MySQL
2723,Python
2723,SQL
2723,ETL
2724,Tableau
2724,ETL
2724,Power BI
2724,Pandas
2725,Statistics
2725,Python
2725,Power BI
2725,Data Visualization
2726,AWS
2726,ETL
2726,Excel
2726,Machine Learning
2727,AWS
2727,Pandas
2727,Python
2727,Power BI
2728,Power BI
2728,Excel
2728,Pandas
2728,Machine Learning
2729,SQL
2729,Power BI
2729,Data Visualization
2729,MySQL
2729,Tableau
2729,Statistics
2729,Machine Learning
2730,Excel
2730,SQL
2730,Data Visualization
2730,Power BI
2730,MySQL
2731,AWS
2731,Data Visualization
2731,SQL
2731,Statistics
2731,ETL
2731,MySQL
2731,Excel
2732,ETL
2732,MySQL
2732,Excel
2732,AWS
2732,Pandas
2733,Python
2733,MySQL
2733,Pandas
2733,SQL
2733,Tableau
2733,Excel
2734,Excel
2734,MySQL
2734,AWS
2734,ETL
2734,Machine Learning
2734,Statistics
2735,Excel
2735,Data Visualization
2735,Tableau
2735,Statistics
2735,MySQL
2735,Python
2736,Tableau
2736,SQL
2736,Data Visualization
2736,Excel
2736,ETL
2736,Pandas
2736,Statistics
2737,MySQL
2737,AWS
2737,ETL
2737,Power BI
2737,Pandas
2737,SQL
2738,Pandas
2738,MySQL
2738,AWS
2738,Power BI
2738,Excel
2739,Data Visualization
2739,AWS
2739,Tableau
2739,Machine Learning
2739,MySQL
2739,Power BI
2740,Python
2740,Power BI
2740,AWS
2740,ETL
2741,Machine Learning
2741,SQL
2741,Pandas
2741,Statistics
2741,AWS
2741,MySQL
2741,Power BI
2742,Pandas
2742,Excel
2742,Tableau
2742,MySQL
2742,AWS
2742,SQL
2743,MySQL
2743,Tableau
2743,Data Visualization
2743,Python
2743,SQL
2743,ETL
2743,Machine Learning
2744,Statistics
2744,Python
2744,Machine Learning
2744,Data Visualization
2744,SQL
2744,MySQL
2745,SQL
2745,Power BI
2745,Tableau
2745,Statistics
2745,ETL
2746,Machine Learning
2746,Power BI
2746,Data Visualization
2746,Python
2746,SQL
2747,Python
2747,AWS
2747,Tableau
2747,Data Visualization
2748,MySQL
2748,ETL
2748,Data Visualization
2748,Python
2748,Machine Learning
2748,SQL
2749,Statistics
2749,Python
2749,Pandas
2749,AWS
2749,Data Visualization
2749,Excel
2750,Pandas
2750,SQL
2750,Statistics
2750,MySQL
2750,Excel
2750,AWS
2751,Power BI
2751,ETL
2751,Machine Learning
2751,AWS
2751,Statistics
2752,Tableau
2752,Excel
2752,AWS
2752,ETL
2752,Statistics
2752,Python
2752,SQL
2753,Tableau
2753,MySQL
2753,Pandas
2753,Power BI
2754,Pandas
2754,MySQL
2754,SQL
2754,Power BI
2755,SQL
2755,Power BI
2755,Machine Learning
2755,Statistics
2755,Python
2755,Data Visualization
2756,Tableau
2756,Python
2756,AWS
2756,ETL
2756,MySQL
2756,SQL
2757,Pandas
2757,Python
2757,Data Visualization
2757,Power BI
2757,Machine Learning
2757,Tableau
2758,Python
2758,SQL
2758,Power BI
2758,AWS
2758,Machine Learning
2758,ETL
2759,Excel
2759,Statistics
2759,Data Visualization
2759,Pandas
2760,MySQL
2760,SQL
2760,Excel
2760,AWS
2761,Data Visualization
2761,Pandas
2761,Excel
2761,ETL
2762,Excel
2762,Statistics
2762,Python
2762,Machine Learning
2762,Data Visualization
2762,Power BI
2763,MySQL
2763,ETL
2763,Machine Learning
2763,AWS
2763,Power BI
2763,Data Visualization
2763,Statistics
2764,AWS
2764,Power BI
2764,MySQL
2764,Python
2765,Python
2765,AWS
2765,MySQL
2765,ETL
2766,Data Visualization
2766,SQL
2766,Tableau
2766,Statistics
2766,AWS
2766,MySQL
2766,Excel
2767,Python
2767,SQL
2767,MySQL
2767,Machine Learning
2767,Statistics
2767,Pandas
2767,AWS
2768,Statistics
2768,SQL
2768,AWS
2768,ETL
2769,Data Visualization
2769,AWS
2769,Pandas
2769,Statistics
2770,AWS
2770,Tableau
2770,Power BI
2770,Python
2770,Machine Learning
2771,Machine Learning
2771,ETL
2771,AWS
2771,Power BI
2772,AWS
2772,MySQL
2772,Machine Learning
2772,Data Visualization
2772,Pandas
2772,Excel
2772,Statistics
2773,Python
2773,Power BI
2773,Pandas
2773,Data Visualization
2774,Power BI
2774,Excel
2774,ETL
2774,Statistics
2774,MySQL
2774,Python
2775,Python
2775,Power BI
2775,ETL
2775,Machine Learning
2775,Tableau
2775,SQL
2775,Pandas
2776,Data Visualization
2776,Power BI
2776,ETL
2776,MySQL
2776,Excel
2776,AWS
2777,Data Visualization
2777,SQL
2777,MySQL
2777,Excel
2777,Machine Learning
2778,AWS
2778,Python
2778,Machine Learning
2778,SQL
2778,Pandas
2778,Data Visualization
2779,Excel
2779,SQL
2779,Pandas
2779,Data Visualization
2780,Statistics
2780,Excel
2780,Tableau
2780,Machine Learning
2781,Power BI
2781,Statistics
2781,Python
2781,Data Visualization
2781,AWS
2782,Excel
2782,ETL
2782,Statistics
2782,Data Visualization
2782,MySQL
2782,SQL
2783,AWS
2783,MySQL
2783,SQL
2783,Excel
2783,Power BI
2783,Machine Learning
2783,Python
2784,Data Visualization
2784,ETL
2784,Statistics
2784,Power BI
2784,AWS
2785,Machine Learning
2785,ETL
2785,Statistics
2785,MySQL
2785,Tableau
2786,ETL
2786,AWS
2786,Power BI
2786,SQL
2787,Excel
2787,ETL
2787,Pandas
2787,Tableau
2787,MySQL
2787,Data Visualization
2788,MySQL
2788,Pandas
2788,Excel
2788,Statistics
2788,Python
2789,AWS
2789,Tableau
2789,Power BI
2789,SQL
2789,Python
2789,ETL
2789,Excel
2790,ETL
2790,Machine Learning
2790,Power BI
2790,Statistics
2790,MySQL
2790,Data Visualization
2790,AWS
2791,ETL
2791,Statistics
2791,Tableau
2791,Machine Learning
2791,MySQL
2791,SQL
2792,Data Visualization
2792,Python
2792,Pandas
2792,Statistics
2792,Machine Learning
2792,Excel
2793,ETL
2793,Tableau
2793,Statistics
2793,Python
2793,Machine Learning
2793,SQL
2794,Power BI
2794,Data Visualization
2794,Excel
2794,Pandas
2794,Tableau
2795,MySQL
2795,SQL
2795,Excel
2795,AWS
2795,Python
2795,Pandas
2795,Machine Learning
2796,Python
2796,Data Visualization
2796,Pandas
2796,SQL
2796,Machine Learning
2796,AWS
2797,MySQL
2797,ETL
2797,Tableau
2797,Python
2798,ETL
2798,Python
2798,Machine Learning
2798,MySQL
2799,Machine Learning
2799,SQL
2799,Tableau
2799,Python
2799,Data Visualization
2799,MySQL
2800,Power BI
2800,Pandas
2800,Excel
2800,AWS
2800,Python
2800,ETL
2800,Tableau
2801,Data Visualization
2801,AWS
2801,Pandas
2801,Statistics
2801,ETL
2801,Tableau
2802,Python
2802,AWS
2802,Excel
2802,Machine Learning
2802,MySQL
2802,Statistics
2803,Tableau
2803,Excel
2803,Machine Learning
2803,SQL
2803,Python
2804,AWS
2804,Data Visualization
2804,SQL
2804,ETL
2804,Pandas
2804,Python
2804,Excel
2805,Tableau
2805,Data Visualization
2805,Statistics
2805,AWS
2806,Data Visualization
2806,Pandas
2806,ETL
2806,Tableau
2806,Machine Learning
2807,Pandas
2807,Tableau
2807,Power BI
2807,MySQL
2808,Excel
2808,Data Visualization
2808,Power BI
2808,MySQL
2808,ETL
2808,Statistics
2809,Pandas
2809,Power BI
2809,AWS
2809,Excel
2809,Machine Learning
2809,Tableau
2809,Data Visualization
2810,Machine Learning
2810,SQL
2810,Power BI
2810,MySQL
2810,Statistics
2810,Data Visualization
2810,Excel
2811,SQL
2811,Tableau
2811,Python
2811,Pandas
2811,Excel
2811,Power BI
2812,ETL
2812,Power BI
2812,Machine Learning
2812,AWS
2812,Pandas
2812,Python
2813,MySQL
2813,Python
2813,SQL
2813,Data Visualization
2813,Excel
2813,Machine Learning
2814,Machine Learning
2814,MySQL
2814,Python
2814,ETL
2814,Power BI
2814,Data Visualization
2814,Pandas
2815,Python
2815,SQL
2815,ETL
2815,MySQL
2815,Tableau
2815,Power BI
2815,Machine Learning
2816,Python
2816,Machine Learning
2816,Data Visualization
2816,ETL
2816,Power BI
2816,Tableau
2816,Statistics
2817,Machine Learning
2817,MySQL
2817,Power BI
2817,SQL
2818,Tableau
2818,Power BI
2818,AWS
2818,Statistics
2819,Statistics
2819,MySQL
2819,Data Visualization
2819,AWS
2819,SQL
2820,AWS
2820,Statistics
2820,Power BI
2820,Data Visualization
2820,Python
2820,ETL
2820,Pandas
2821,ETL
2821,Power BI
2821,Machine Learning
2821,Statistics
2822,Python
2822,Excel
2822,Power BI
2822,Data Visualization
2822,Pandas
2822,Tableau
2822,Statistics
2823,Statistics
2823,MySQL
2823,SQL
2823,ETL
2823,Python
2823,Pandas
2823,Power BI
2824,MySQL
2824,SQL
2824,Machine Learning
2824,Power BI
2824,Data Visualization
2824,Statistics
2825,AWS
2825,MySQL
2825,Power BI
2825,Tableau
2826,Power BI
2826,Statistics
2826,Excel
2826,SQL
2826,Data Visualization
2827,SQL
2827,Pandas
2827,Power BI
2827,ETL
2827,Data Visualization
2827,Tableau
2828,Pandas
2828,Python
2828,SQL
2828,AWS
2828,MySQL
2829,Statistics
2829,ETL
2829,Python
2829,Machine Learning
2829,Data Visualization
2829,Excel
2829,AWS
2830,AWS
2830,Data Visualization
2830,Tableau
2830,Power BI
2830,ETL
2830,Machine Learning
2830,Excel
2831,Data Visualization
2831,Python
2831,MySQL
2831,AWS
2831,Statistics
2831,Tableau
2832,Machine Learning
2832,Pandas
2832,SQL
2832,Statistics
2832,Python
2832,Power BI
2832,Data Visualization
2833,Excel
2833,Python
2833,AWS
2833,ETL
2833,Tableau
2833,Machine Learning
2834,Machine Learning
2834,Python
2834,SQL
2834,Power BI
2834,Pandas
2835,SQL
2835,Pandas
2835,Machine Learning
2835,Power BI
2836,Excel
2836,Pandas
2836,Python
2836,Tableau
2836,Machine Learning
2837,Tableau
2837,Data Visualization
2837,Statistics
2837,SQL
2837,Machine Learning
2837,AWS
2838,SQL
2838,AWS
2838,Pandas
2838,Excel
2838,Machine Learning
2838,Data Visualization
2838,Statistics
2839,SQL
2839,Excel
2839,MySQL
2839,Pandas
2840,AWS
2840,Tableau
2840,Data Visualization
2840,Machine Learning
2840,Python
2840,MySQL
2841,Python
2841,Pandas
2841,ETL
2841,Tableau
2841,SQL
2842,Statistics
2842,ETL
2842,SQL
2842,MySQL
2842,Python
2842,Tableau
2842,Pandas
2843,Statistics
2843,ETL
2843,Machine Learning
2843,Data Visualization
2843,Tableau
2843,Pandas
2844,AWS
2844,Pandas
2844,Statistics
2844,Machine Learning
2844,Python
2844,Excel
2845,Excel
2845,Pandas
2845,AWS
2845,ETL
2845,Python
2845,Tableau
2845,MySQL
2846,MySQL
2846,Excel
2846,Power BI
2846,Tableau
2846,Data Visualization
2847,SQL
2847,Power BI
2847,ETL
2847,AWS
2847,Machine Learning
2848,Machine Learning
2848,Statistics
2848,AWS
2848,Pandas
2848,Excel
2849,Statistics
2849,Machine Learning
2849,SQL
2849,Excel
2849,Data Visualization
2849,Pandas
2850,MySQL
2850,Statistics
2850,Data Visualization
2850,AWS
2850,Pandas
2850,Python
2851,Machine Learning
2851,Excel
2851,Power BI
2851,Statistics
2851,Pandas
2851,MySQL
2852,Excel
2852,Pandas
2852,Tableau
2852,Machine Learning
2852,Python
2853,Machine Learning
2853,Statistics
2853,AWS
2853,ETL
2853,Pandas
2853,Power BI
2854,MySQL
2854,Data Visualization
2854,ETL
2854,SQL
2855,Data Visualization
2855,MySQL
2855,Pandas
2855,SQL
2855,Machine Learning
2855,Excel
2856,Power BI
2856,Pandas
2856,AWS
2856,MySQL
2856,ETL
2856,Python
2856,SQL
2857,Power BI
2857,Machine Learning
2857,Python
2857,ETL
2857,SQL
2858,ETL
2858,MySQL
2858,Excel
2858,Power BI
2858,AWS
2858,Pandas
2859,Machine Learning
2859,MySQL
2859,Power BI
2859,Data Visualization
2860,Python
2860,SQL
2860,Power BI
2860,MySQL
2860,Tableau
2860,Statistics
2861,MySQL
2861,Data Visualization
2861,Power BI
2861,AWS
2861,SQL
2862,Python
2862,ETL
2862,Statistics
2862,Power BI
2863,Pandas
2863,Tableau
2863,MySQL
2863,Excel
2863,SQL
2863,AWS
2863,Data Visualization
2864,Data Visualization
2864,Excel
2864,Pandas
2864,Machine Learning
2864,ETL
2865,Data Visualization
2865,Power BI
2865,Python
2865,Tableau
2865,Pandas
2865,Machine Learning
2865,Excel
2866,ETL
2866,AWS
2866,Tableau
2866,MySQL
2866,Statistics
2866,Data Visualization
2866,Machine Learning
2867,ETL
2867,AWS
2867,Statistics
2867,Data Visualization
2867,Power BI
2868,SQL
2868,Power BI
2868,Tableau
2868,ETL
2868,Statistics
2869,Data Visualization
2869,Tableau
2869,SQL
2869,Pandas
2869,MySQL
2869,ETL
2869,Python
2870,Tableau
2870,Python
2870,ETL
2870,Pandas
2871,SQL
2871,Pandas
2871,Power BI
2871,Tableau
2871,Statistics
2872,Pandas
2872,SQL
2872,Python
2872,AWS
2872,Power BI
2873,Excel
2873,Statistics
2873,Pandas
2873,ETL
2873,Data Visualization
2873,Power BI
2873,MySQL
2874,Statistics
2874,Power BI
2874,Pandas
2874,Data Visualization
2874,MySQL
2874,AWS
2874,Python
2875,MySQL
2875,Statistics
2875,AWS
2875,Machine Learning
2875,Data Visualization
2875,Tableau
2875,Excel
2876,Excel
2876,SQL
2876,Tableau
2876,Python
2876,Machine Learning
2876,MySQL
2877,AWS
2877,ETL
2877,Pandas
2877,Excel
2877,SQL
2877,Power BI
2877,Tableau
2878,Python
2878,Statistics
2878,SQL
2878,MySQL
2878,Data Visualization
2879,Statistics
2879,Data Visualization
2879,ETL
2879,Tableau
2879,Pandas
2879,SQL
2879,MySQL
2880,Excel
2880,Statistics
2880,Tableau
2880,ETL
2881,Machine Learning
2881,AWS
2881,Python
2881,Statistics
2882,ETL
2882,Excel
2882,MySQL
2882,Power BI
2883,Tableau
2883,Python
2883,Data Visualization
2883,ETL
2883,Power BI
2884,Data Visualization
2884,Machine Learning
2884,SQL
2884,Power BI
2884,Statistics
2884,MySQL
2884,Pandas
2885,Statistics
2885,Excel
2885,Data Visualization
2885,Python
2885,Pandas
2885,MySQL
2886,MySQL
2886,Pandas
2886,Statistics
2886,AWS
2886,Python
2886,SQL
2887,AWS
2887,ETL
2887,Machine Learning
2887,Data Visualization
2887,Power BI
2888,SQL
2888,Power BI
2888,Machine Learning
2888,Python
2888,AWS
2888,Excel
2888,ETL
2889,Machine Learning
2889,Excel
2889,MySQL
2889,ETL
2889,Python
2889,Tableau
2889,Data Visualization
2890,MySQL
2890,Excel
2890,Statistics
2890,Python
2890,Pandas
2890,Machine Learning
2891,Machine Learning
2891,Excel
2891,Tableau
2891,MySQL
2891,Python
2891,Pandas
2891,Power BI
2892,AWS
2892,SQL
2892,Machine Learning
2892,Python
2892,Excel
2892,ETL
2893,Machine Learning
2893,MySQL
2893,Excel
2893,Pandas
2894,Pandas
2894,SQL
2894,AWS
2894,Statistics
2894,Power BI
2894,ETL
2895,Data Visualization
2895,Python
2895,ETL
2895,SQL
2895,Pandas
2895,Power BI
2895,Excel
2896,ETL
2896,Tableau
2896,Data Visualization
2896,Excel
2896,MySQL
2896,Statistics
2896,AWS
2897,AWS
2897,Data Visualization
2897,Machine Learning
2897,SQL
2897,Python
2897,Excel
2898,Pandas
2898,MySQL
2898,Tableau
2898,Excel
2898,Machine Learning
2899,Excel
2899,SQL
2899,AWS
2899,MySQL
2900,Python
2900,Excel
2900,Machine Learning
2900,Pandas
2900,MySQL
2900,Data Visualization
2901,Machine Learning
2901,Power BI
2901,Tableau
2901,Data Visualization
2901,AWS
2901,ETL
2901,Pandas
2902,SQL
2902,Statistics
2902,AWS
2902,Tableau
2902,Data Visualization
2903,Python
2903,Pandas
2903,AWS
2903,Tableau
2903,SQL
2903,Power BI
2904,Pandas
2904,ETL
2904,SQL
2904,Tableau
2905,Data Visualization
2905,SQL
2905,Power BI
2905,Pandas
2905,Machine Learning
2905,MySQL
2906,Excel
2906,Python
2906,SQL
2906,Tableau
2907,SQL
2907,Power BI
2907,Machine Learning
2907,Tableau
2907,Excel
2907,AWS
2907,MySQL
2908,Tableau
2908,Pandas
2908,Excel
2908,Power BI
2908,MySQL
2909,Python
2909,MySQL
2909,Pandas
2909,Machine Learning
2909,Tableau
2910,Pandas
2910,Tableau
2910,Excel
2910,AWS
2911,MySQL
2911,SQL
2911,Python
2911,Pandas
2912,Tableau
2912,ETL
2912,Excel
2912,Machine Learning
2912,Data Visualization
2912,AWS
2913,Python
2913,AWS
2913,Statistics
2913,Data Visualization
2913,MySQL
2914,AWS
2914,Excel
2914,Tableau
2914,Pandas
2914,Python
2915,AWS
2915,SQL
2915,Pandas
2915,Statistics
2915,MySQL
2915,Machine Learning
2915,Excel
2916,Pandas
2916,SQL
2916,AWS
2916,MySQL
2916,Data Visualization
2916,ETL
2917,Python
2917,Machine Learning
2917,AWS
2917,Pandas
2918,Tableau
2918,ETL
2918,Pandas
2918,Python
2919,AWS
2919,SQL
2919,Excel
2919,Power BI
2919,Python
2920,Data Visualization
2920,Power BI
2920,Machine Learning
2920,SQL
2920,Excel
2921,AWS
2921,Python
2921,Power BI
2921,Data Visualization
2921,Statistics
2922,Machine Learning
2922,Python
2922,MySQL
2922,Data Visualization
2922,ETL
2922,SQL
2922,Pandas
2923,MySQL
2923,Excel
2923,Python
2923,Data Visualization
2923,Machine Learning
2924,Excel
2924,Pandas
2924,ETL
2924,AWS
2924,MySQL
2924,Python
2924,SQL
2925,ETL
2925,Tableau
2925,Python
2925,Excel
2925,SQL
2926,Tableau
2926,SQL
2926,Statistics
2926,Power BI
2926,Excel
2927,Power BI
2927,Tableau
2927,Statistics
2927,ETL
2927,SQL
2927,Data Visualization
2928,AWS
2928,Statistics
2928,Data Visualization
2928,Python
2928,Excel
2928,Machine Learning
2928,Tableau
2929,AWS
2929,Statistics
2929,Python
2929,Excel
2929,Pandas
2930,Tableau
2930,Statistics
2930,Excel
2930,SQL
2930,ETL
2931,Statistics
2931,Python
2931,MySQL
2931,ETL
2931,SQL
2932,ETL
2932,Machine Learning
2932,Python
2932,SQL
2932,MySQL
2932,Pandas
2933,Tableau
2933,Python
2933,Excel
2933,Data Visualization
2933,Machine Learning
2933,MySQL
2934,Tableau
2934,AWS
2934,Python
2934,Excel
2934,SQL
2934,Statistics
2934,MySQL
2935,SQL
2935,Excel
2935,Tableau
2935,Machine Learning
2936,Data Visualization
2936,Tableau
2936,Machine Learning
2936,MySQL
2936,Pandas
2936,Power BI
2936,SQL
2937,Machine Learning
2937,Python
2937,ETL
2937,SQL
2937,Data Visualization
2937,Pandas
2938,Power BI
2938,Statistics
2938,Machine Learning
2938,Tableau
2938,Pandas
2938,Data Visualization
2939,Statistics
2939,Pandas
2939,MySQL
2939,Tableau
2940,Statistics
2940,Python
2940,ETL
2940,Machine Learning
2940,Excel
2941,Tableau
2941,Data Visualization
2941,Power BI
2941,Excel
2941,Machine Learning
2941,Pandas
2942,Statistics
2942,Pandas
2942,SQL
2942,Machine Learning
2942,Tableau
2943,Tableau
2943,AWS
2943,MySQL
2943,SQL
2943,Python
2944,Pandas
2944,Excel
2944,SQL
2944,MySQL
2944,Data Visualization
2944,Machine Learning
2945,Pandas
2945,MySQL
2945,Excel
2945,Machine Learning
2945,Data Visualization
2946,Python
2946,Power BI
2946,Data Visualization
2946,AWS
2946,ETL
2947,Power BI
2947,MySQL
2947,SQL
2947,Machine Learning
2947,Tableau
2948,SQL
2948,Machine Learning
2948,Python
2948,MySQL
2948,AWS
2949,Pandas
2949,Machine Learning
2949,Tableau
2949,Python
2950,Excel
2950,Pandas
2950,ETL
2950,Tableau
2950,AWS
2950,Python
2951,SQL
2951,Machine Learning
2951,Statistics
2951,Tableau
2951,ETL
2952,Machine Learning
2952,Tableau
2952,Excel
2952,Statistics
2952,MySQL
2952,Data Visualization
2953,ETL
2953,Machine Learning
2953,Excel
2953,MySQL
2953,Statistics
2953,Tableau
2954,Excel
2954,Tableau
2954,MySQL
2954,Pandas
2954,ETL
2954,Machine Learning
2954,Statistics
2955,Power BI
2955,Statistics
2955,MySQL
2955,Pandas
2955,ETL
2955,Python
2955,Tableau
2956,Pandas
2956,Data Visualization
2956,Power BI
2956,Statistics
2956,Python
2956,SQL
2957,ETL
2957,Machine Learning
2957,Tableau
2957,Excel
2957,Python
2957,SQL
2957,Data Visualization
2958,ETL
2958,Machine Learning
2958,Statistics
2958,Tableau
2959,Pandas
2959,Python
2959,Machine Learning
2959,ETL
2960,MySQL
2960,Tableau
2960,Machine Learning
2960,SQL
2960,Python
2960,Data Visualization
2961,ETL
2961,SQL
2961,Tableau
2961,Statistics
2961,Python
2962,ETL
2962,Excel
2962,SQL
2962,Machine Learning
2963,Tableau
2963,AWS
2963,Statistics
2963,Power BI
2963,Python
2963,Excel
2964,Statistics
2964,Tableau
2964,Python
2964,Machine Learning
2964,Pandas
2964,AWS
2965,ETL
2965,Python
2965,Pandas
2965,AWS
2965,MySQL
2965,Machine Learning
2966,Tableau
2966,Pandas
2966,Power BI
2966,Statistics
2966,MySQL
2967,AWS
2967,SQL
2967,Python
2967,Pandas
2968,Python
2968,Machine Learning
2968,Excel
2968,Power BI
2968,SQL
2968,Tableau
2968,Statistics
2969,Data Visualization
2969,AWS
2969,Statistics
2969,Python
2969,SQL
2969,Tableau
2970,AWS
2970,SQL
2970,Pandas
2970,Tableau
2970,MySQL
2970,Statistics
2970,Machine Learning
2971,Excel
2971,Data Visualization
2971,Statistics
2971,Power BI
2971,MySQL
2971,Pandas
2971,Machine Learning
2972,Machine Learning
2972,Tableau
2972,ETL
2972,Excel
2973,Python
2973,Statistics
2973,Data Visualization
2973,MySQL
2973,AWS
2974,Machine Learning
2974,Tableau
2974,Data Visualization
2974,Python
2974,Power BI
2974,Statistics
2974,MySQL
2975,SQL
2975,Statistics
2975,Power BI
2975,AWS
2975,ETL
2976,Excel
2976,Power BI
2976,AWS
2976,Statistics
2976,SQL
2976,ETL
2977,Tableau
2977,ETL
2977,Statistics
2977,Excel
2978,AWS
2978,Tableau
2978,Statistics
2978,Power BI
2978,ETL
2978,SQL
2979,Statistics
2979,Tableau
2979,MySQL
2979,Pandas
2979,Excel
2979,ETL
2979,Machine Learning
2980,Machine Learning
2980,Excel
2980,Python
2980,Power BI
2980,ETL
2980,SQL
2980,AWS
2981,MySQL
2981,Statistics
2981,Data Visualization
2981,ETL
2981,Python
2981,Excel
2981,Machine Learning
2982,Pandas
2982,Tableau
2982,Machine Learning
2982,ETL
2982,AWS
2983,Tableau
2983,MySQL
2983,SQL
2983,AWS
2983,ETL
2984,Tableau
2984,Machine Learning
2984,Pandas
2984,ETL
2984,Statistics
2984,Power BI
2984,Python
2985,Pandas
2985,AWS
2985,Data Visualization
2985,Python
2985,Tableau
2985,Excel
2986,Power BI
2986,AWS
2986,Machine Learning
2986,Pandas
2986,Statistics
2987,Excel
2987,MySQL
2987,ETL
2987,Tableau
2988,Pandas
2988,Statistics
2988,MySQL
2988,Machine Learning
2989,ETL
2989,Data Visualization
2989,Machine Learning
2989,MySQL
2989,Python
2990,Excel
2990,ETL
2990,Power BI
2990,Python
2990,Tableau
2990,SQL
2991,Python
2991,Tableau
2991,Pandas
2991,Machine Learning
2992,Statistics
2992,Tableau
2992,Pandas
2992,ETL
2992,Machine Learning
2993,Data Visualization
2993,Python
2993,Statistics
2993,SQL
2993,Excel
2993,Power BI
2994,Tableau
2994,ETL
2994,Data Visualization
2994,AWS
2995,Machine Learning
2995,MySQL
2995,Tableau
2995,AWS
2995,SQL
2996,Python
2996,Machine Learning
2996,Tableau
2996,Data Visualization
2996,Excel
2996,ETL
2996,Power BI
2997,Excel
2997,AWS
2997,Data Visualization
2997,Power BI
2997,Machine Learning
2998,Statistics
2998,Python
2998,Pandas
2998,ETL
2999,Tableau
2999,Data Visualization
2999,Statistics
2999,Machine Learning
2999,AWS
2999,MySQL
3000,AWS
3000,Power BI
3000,Statistics
3000,Pandas
3000,MySQL
3001,ETL
3001,Python
3001,Statistics
3001,MySQL
3001,Data Visualization
3002,Statistics
3002,MySQL
3002,Power BI
3002,Machine Learning
3002,Python
3002,Data Visualization
3002,AWS
3003,MySQL
3003,Data Visualization
3003,ETL
3003,AWS
3003,Power BI
3004,Machine Learning
3004,Power BI
3004,Statistics
3004,Tableau
3004,Data Visualization
3004,Excel
3004,MySQL
3005,Machine Learning
3005,Tableau
3005,Power BI
3005,Pandas
3005,Python
3006,AWS
3006,ETL
3006,Machine Learning
3006,Statistics
3006,Data Visualization
3006,Python
3006,MySQL
3007,ETL
3007,Statistics
3007,MySQL
3007,Tableau
3007,Pandas
3007,Machine Learning
3008,Tableau
3008,Pandas
3008,Excel
3008,Statistics
3008,Python
3009,Python
3009,Tableau
3009,ETL
3009,Statistics
3009,MySQL
3010,SQL
3010,AWS
3010,ETL
3010,Machine Learning
3010,Power BI
3011,AWS
3011,Statistics
3011,Machine Learning
3011,ETL
3011,MySQL
3011,SQL
3011,Pandas
3012,Power BI
3012,ETL
3012,Tableau
3012,Data Visualization
3012,Pandas
3012,Machine Learning
3013,ETL
3013,Excel
3013,Power BI
3013,MySQL
3013,AWS
3013,Python
3013,Statistics
3014,Power BI
3014,Pandas
3014,AWS
3014,Python
3014,Data Visualization
3014,Statistics
3014,ETL
3015,Python
3015,AWS
3015,Tableau
3015,Machine Learning
3015,ETL
3015,Pandas
3015,Power BI
3016,Python
3016,Data Visualization
3016,ETL
3016,Tableau
3016,SQL
3016,Excel
3016,MySQL
3017,Power BI
3017,Python
3017,SQL
3017,Data Visualization
3017,Pandas
3017,Excel
3017,Machine Learning
3018,Excel
3018,ETL
3018,Power BI
3018,Tableau
3018,Data Visualization
3018,Pandas
3019,Excel
3019,Machine Learning
3019,MySQL
3019,Pandas
3020,Data Visualization
3020,AWS
3020,Python
3020,MySQL
3020,Power BI
3020,Tableau
3020,Excel
3021,Tableau
3021,Power BI
3021,Machine Learning
3021,Pandas
3021,Statistics
3022,Power BI
3022,MySQL
3022,Tableau
3022,Pandas
3022,Excel
3022,Data Visualization
3022,AWS
3023,SQL
3023,Excel
3023,Tableau
3023,Machine Learning
3023,MySQL
3023,Data Visualization
3023,Power BI
3024,SQL
3024,ETL
3024,Pandas
3024,Python
3024,MySQL
3025,AWS
3025,Statistics
3025,Pandas
3025,Tableau
3025,MySQL
3025,SQL
3025,Power BI
3026,Excel
3026,ETL
3026,Data Visualization
3026,Power BI
3026,AWS
3026,Tableau
3027,Excel
3027,SQL
3027,Statistics
3027,AWS
3028,AWS
3028,Data Visualization
3028,MySQL
3028,Power BI
3028,Tableau
3029,Power BI
3029,Python
3029,Pandas
3029,SQL
3030,Data Visualization
3030,Machine Learning
3030,ETL
3030,Excel
3030,Python
3030,MySQL
3030,AWS
3031,MySQL
3031,Pandas
3031,Machine Learning
3031,Data Visualization
3031,Statistics
3032,Power BI
3032,Excel
3032,Statistics
3032,MySQL
3032,Data Visualization
3032,ETL
3033,Statistics
3033,MySQL
3033,Data Visualization
3033,Python
3033,AWS
3033,Pandas
3034,SQL
3034,ETL
3034,Pandas
3034,Power BI
3035,SQL
3035,Excel
3035,MySQL
3035,Pandas
3035,Tableau
3035,Python
3035,Power BI
3036,Excel
3036,Tableau
3036,Pandas
3036,MySQL
3037,MySQL
3037,AWS
3037,ETL
3037,Python
3037,Power BI
3038,Python
3038,Excel
3038,AWS
3038,SQL
3039,Pandas
3039,AWS
3039,MySQL
3039,Tableau
3039,Data Visualization
3039,Power BI
3039,Python
3040,ETL
3040,Python
3040,Machine Learning
3040,Statistics
3041,ETL
3041,Data Visualization
3041,Pandas
3041,MySQL
3042,Data Visualization
3042,Machine Learning
3042,Power BI
3042,Python
3042,Statistics
3042,Tableau
3043,Data Visualization
3043,Machine Learning
3043,SQL
3043,Tableau
3043,AWS
3044,Pandas
3044,SQL
3044,MySQL
3044,Machine Learning
3045,Power BI
3045,Statistics
3045,Excel
3045,Tableau
3045,Python
3046,Tableau
3046,SQL
3046,Statistics
3046,Excel
3046,Power BI
3046,MySQL
3046,Pandas
3047,Tableau
3047,Machine Learning
3047,ETL
3047,Data Visualization
3047,Excel
3048,MySQL
3048,Statistics
3048,Power BI
3048,Tableau
3048,Pandas
3048,Python
3049,Data Visualization
3049,Tableau
3049,Python
3049,Power BI
3049,ETL
3049,SQL
3049,AWS
3050,SQL
3050,Excel
3050,Python
3050,Tableau
3050,Data Visualization
3050,Machine Learning
3050,Statistics
3051,Power BI
3051,Statistics
3051,Machine Learning
3051,AWS
3051,SQL
3051,Data Visualization
3052,MySQL
3052,Data Visualization
3052,Power BI
3052,Pandas
3052,AWS
3052,Statistics
3052,Tableau
3053,Machine Learning
3053,MySQL
3053,AWS
3053,Excel
3053,Statistics
3053,Power BI
3053,ETL
3054,Data Visualization
3054,Machine Learning
3054,Excel
3054,MySQL
3054,ETL
3055,Python
3055,Data Visualization
3055,AWS
3055,MySQL
3055,Machine Learning
3056,Excel
3056,Tableau
3056,Python
3056,Pandas
3056,Power BI
3056,ETL
3056,Statistics
3057,Tableau
3057,Statistics
3057,Excel
3057,ETL
3057,Power BI
3057,AWS
3058,Machine Learning
3058,Tableau
3058,MySQL
3058,Data Visualization
3058,Power BI
3058,Python
3058,ETL
3059,Tableau
3059,Statistics
3059,Power BI
3059,Machine Learning
3059,MySQL
3060,Power BI
3060,SQL
3060,ETL
3060,Statistics
3060,Machine Learning
3061,MySQL
3061,Tableau
3061,Power BI
3061,Pandas
3061,Python
3061,SQL
3062,ETL
3062,Excel
3062,AWS
3062,Python
3062,Data Visualization
3063,SQL
3063,Data Visualization
3063,Machine Learning
3063,Statistics
3063,Tableau
3063,Pandas
3064,Machine Learning
3064,AWS
3064,Python
3064,ETL
3064,SQL
3064,Statistics
3064,Tableau
3065,ETL
3065,MySQL
3065,SQL
3065,Excel
3065,Machine Learning
3065,Power BI
3066,Tableau
3066,Statistics
3066,Excel
3066,Pandas
3066,ETL
3067,Data Visualization
3067,Excel
3067,SQL
3067,MySQL
3067,Pandas
3068,AWS
3068,MySQL
3068,Python
3068,SQL
3069,Data Visualization
3069,MySQL
3069,Pandas
3069,Excel
3069,Statistics
3069,AWS
3070,Tableau
3070,Machine Learning
3070,Excel
3070,Power BI
3070,Data Visualization
3070,MySQL
3070,ETL
3071,Machine Learning
3071,Excel
3071,Tableau
3071,MySQL
3071,Pandas
3071,SQL
3071,ETL
3072,SQL
3072,ETL
3072,Machine Learning
3072,Tableau
3072,Excel
3073,Data Visualization
3073,Power BI
3073,Tableau
3073,AWS
3073,MySQL
3073,Machine Learning
3074,SQL
3074,Tableau
3074,Data Visualization
3074,Machine Learning
3074,Excel
3074,Pandas
3075,Excel
3075,AWS
3075,Tableau
3075,Statistics
3075,Power BI
3076,SQL
3076,Data Visualization
3076,AWS
3076,ETL
3076,Statistics
3076,Excel
3077,MySQL
3077,Machine Learning
3077,Data Visualization
3077,Pandas
3077,Python
3078,Data Visualization
3078,Power BI
3078,Statistics
3078,SQL
3078,Pandas
3078,Python
3079,MySQL
3079,Statistics
3079,Python
3079,AWS
3079,Data Visualization
3080,Pandas
3080,Excel
3080,ETL
3080,SQL
3080,Machine Learning
3080,MySQL
3081,Python
3081,Pandas
3081,ETL
3081,AWS
3081,Machine Learning
3081,Power BI
3082,Excel
3082,Power BI
3082,Machine Learning
3082,Statistics
3082,Pandas
3082,ETL
3082,MySQL
3083,ETL
3083,Data Visualization
3083,AWS
3083,Pandas
3083,Python
3083,Excel
3083,Power BI
3084,Machine Learning
3084,Statistics
3084,Excel
3084,Data Visualization
3085,SQL
3085,AWS
3085,Tableau
3085,Pandas
3085,Data Visualization
3086,ETL
3086,SQL
3086,Excel
3086,Tableau
3086,MySQL
3086,Data Visualization
3087,MySQL
3087,Power BI
3087,Tableau
3087,SQL
3087,Machine Learning
3087,Statistics
3088,SQL
3088,ETL
3088,Power BI
3088,MySQL
3088,Tableau
3088,AWS
3088,Python
3089,AWS
3089,Excel
3089,Python
3089,Statistics
3089,Data Visualization
3089,Power BI
3090,Statistics
3090,Excel
3090,AWS
3090,Machine Learning
3090,Pandas
3090,Tableau
3090,MySQL
3091,SQL
3091,Excel
3091,ETL
3091,Power BI
3091,MySQL
3091,Data Visualization
3091,Machine Learning
3092,Tableau
3092,Power BI
3092,AWS
3092,Data Visualization
3092,SQL
3093,MySQL
3093,AWS
3093,ETL
3093,Pandas
3093,Excel
3093,Data Visualization
3094,Excel
3094,MySQL
3094,Pandas
3094,AWS
3095,Data Visualization
3095,Power BI
3095,ETL
3095,Pandas
3096,Tableau
3096,MySQL
3096,SQL
3096,Pandas
3097,Pandas
3097,Tableau
3097,ETL
3097,Statistics
3098,AWS
3098,Power BI
3098,Pandas
3098,Statistics
3098,Tableau
3099,Python
3099,Pandas
3099,Excel
3099,ETL
3099,SQL
3100,Excel
3100,Data Visualization
3100,Machine Learning
3100,MySQL
3100,Power BI
3100,ETL
3100,Pandas
3101,Machine Learning
3101,Power BI
3101,AWS
3101,MySQL
3102,Tableau
3102,Python
3102,MySQL
3102,AWS
3102,Power BI
3102,SQL
3102,Statistics
3103,Power BI
3103,Data Visualization
3103,ETL
3103,SQL
3104,SQL
3104,AWS
3104,ETL
3104,Data Visualization
3104,Tableau
3104,Excel
3104,Power BI
3105,SQL
3105,Data Visualization
3105,AWS
3105,Python
3105,Statistics
3105,ETL
3106,Excel
3106,Python
3106,SQL
3106,ETL
3106,Machine Learning
3107,Statistics
3107,ETL
3107,Power BI
3107,Pandas
3108,Statistics
3108,SQL
3108,Python
3108,ETL
3108,Tableau
3108,Pandas
3109,Machine Learning
3109,Statistics
3109,SQL
3109,Python
3109,Tableau
3109,Excel
3109,Data Visualization
3110,Python
3110,MySQL
3110,SQL
3110,Statistics
3110,Data Visualization
3110,ETL
3111,Data Visualization
3111,Excel
3111,Statistics
3111,ETL
3111,SQL
3111,Python
3112,Excel
3112,SQL
3112,MySQL
3112,Power BI
3112,Pandas
3112,Tableau
3112,Data Visualization
3113,MySQL
3113,Machine Learning
3113,AWS
3113,Statistics
3114,AWS
3114,ETL
3114,Data Visualization
3114,Power BI
3114,MySQL
3114,SQL
3114,Pandas
3115,SQL
3115,ETL
3115,Power BI
3115,Excel
3115,Python
3116,AWS
3116,Data Visualization
3116,Power BI
3116,Pandas
3117,MySQL
3117,Excel
3117,ETL
3117,Tableau
3117,Pandas
3117,SQL
3118,Tableau
3118,SQL
3118,Statistics
3118,Excel
3119,Tableau
3119,ETL
3119,Pandas
3119,AWS
3119,Machine Learning
3119,Power BI
3120,Statistics
3120,AWS
3120,ETL
3120,SQL
3120,Pandas
3120,Tableau
3120,Data Visualization
3121,AWS
3121,Data Visualization
3121,Excel
3121,ETL
3121,Machine Learning
3122,SQL
3122,Power BI
3122,MySQL
3122,AWS
3122,ETL
3122,Tableau
3123,Machine Learning
3123,Statistics
3123,Tableau
3123,Python
3123,Excel
3124,SQL
3124,AWS
3124,Tableau
3124,Data Visualization
3124,Pandas
3124,Python
3125,Excel
3125,Tableau
3125,Pandas
3125,Statistics
3125,Power BI
3125,Data Visualization
3126,MySQL
3126,Excel
3126,Data Visualization
3126,Power BI
3127,Tableau
3127,AWS
3127,Excel
3127,Power BI
3127,MySQL
3128,Excel
3128,Statistics
3128,Data Visualization
3128,Python
3128,Power BI
3128,AWS
3128,Tableau
3129,Statistics
3129,Excel
3129,SQL
3129,Python
3129,Tableau
3129,AWS
3130,Machine Learning
3130,Tableau
3130,AWS
3130,Pandas
3130,SQL
3131,ETL
3131,Pandas
3131,Python
3131,Statistics
3131,Data Visualization
3131,SQL
3132,Tableau
3132,AWS
3132,Statistics
3132,Data Visualization
3132,SQL
3132,Pandas
3132,Excel
3133,AWS
3133,Excel
3133,Machine Learning
3133,MySQL
3133,Tableau
3133,Data Visualization
3133,SQL
3134,Pandas
3134,Data Visualization
3134,AWS
3134,Power BI
3134,Python
3134,Machine Learning
3134,SQL
3135,Python
3135,Power BI
3135,ETL
3135,Machine Learning
3135,Data Visualization
3135,AWS
3136,Tableau
3136,Statistics
3136,Machine Learning
3136,Python
3136,AWS
3136,Power BI
3136,SQL
3137,Python
3137,AWS
3137,SQL
3137,Data Visualization
3138,Data Visualization
3138,Machine Learning
3138,Tableau
3138,ETL
3138,Python
3138,Statistics
3138,Pandas
3139,Power BI
3139,Python
3139,MySQL
3139,Tableau
3139,SQL
3139,Pandas
3140,AWS
3140,Pandas
3140,Statistics
3140,ETL
3140,Python
3140,Excel
3140,Power BI
3141,Statistics
3141,SQL
3141,Data Visualization
3141,AWS
3141,Python
3141,ETL
3142,MySQL
3142,Statistics
3142,Python
3142,ETL
3142,Data Visualization
3143,Excel
3143,Data Visualization
3143,Machine Learning
3143,AWS
3143,Python
3143,MySQL
3144,Pandas
3144,Excel
3144,Python
3144,AWS
3145,Machine Learning
3145,Data Visualization
3145,MySQL
3145,SQL
3145,Python
3145,ETL
3146,MySQL
3146,Python
3146,Data Visualization
3146,Pandas
3147,Python
3147,SQL
3147,Excel
3147,Pandas
3147,Power BI
3148,Tableau
3148,Pandas
3148,Machine Learning
3148,MySQL
3148,Excel
3148,Statistics
3148,Data Visualization
3149,SQL
3149,Pandas
3149,AWS
3149,Power BI
3149,Excel
3149,Machine Learning
3149,Data Visualization
3150,Data Visualization
3150,SQL
3150,AWS
3150,Power BI
3151,SQL
3151,Excel
3151,Machine Learning
3151,Power BI
3152,Power BI
3152,MySQL
3152,Data Visualization
3152,AWS
3152,SQL
3153,AWS
3153,Power BI
3153,Tableau
3153,Machine Learning
3153,Excel
3153,Data Visualization
3154,Python
3154,Pandas
3154,Excel
3154,Tableau
3154,AWS
3155,Statistics
3155,Pandas
3155,ETL
3155,Data Visualization
3155,Tableau
3156,SQL
3156,ETL
3156,Machine Learning
3156,Statistics
3157,Tableau
3157,Python
3157,Excel
3157,Data Visualization
3157,AWS
3157,MySQL
3158,Power BI
3158,Statistics
3158,ETL
3158,Tableau
3158,MySQL
3159,Machine Learning
3159,SQL
3159,Excel
3159,Pandas
3160,SQL
3160,Python
3160,Tableau
3160,Excel
3160,Machine Learning
3161,Data Visualization
3161,Power BI
3161,Pandas
3161,MySQL
3161,Statistics
3161,Machine Learning
3161,ETL
3162,Power BI
3162,Python
3162,Tableau
3162,AWS
3163,Tableau
3163,ETL
3163,Power BI
3163,AWS
3163,MySQL
3163,Data Visualization
3164,Pandas
3164,Statistics
3164,ETL
3164,Data Visualization
3164,Power BI
3164,Excel
3164,MySQL
3165,SQL
3165,Pandas
3165,Power BI
3165,AWS
3165,Data Visualization
3165,Machine Learning
3166,Tableau
3166,SQL
3166,Excel
3166,Pandas
3167,Power BI
3167,Data Visualization
3167,Machine Learning
3167,ETL
3168,ETL
3168,Pandas
3168,SQL
3168,Python
3168,AWS
3168,Statistics
3168,Machine Learning
3169,Statistics
3169,Python
3169,Excel
3169,SQL
3169,AWS
3169,Machine Learning
3169,Data Visualization
3170,Pandas
3170,ETL
3170,MySQL
3170,Power BI
3170,Tableau
3171,ETL
3171,Tableau
3171,MySQL
3171,SQL
3171,Machine Learning
3172,Statistics
3172,Python
3172,Data Visualization
3172,MySQL
3173,MySQL
3173,Pandas
3173,Python
3173,Tableau
3174,Machine Learning
3174,SQL
3174,Statistics
3174,MySQL
3174,Excel
3174,AWS
3175,Tableau
3175,Power BI
3175,Excel
3175,AWS
3176,Data Visualization
3176,Tableau
3176,MySQL
3176,Machine Learning
3176,AWS
3176,Python
3177,Pandas
3177,Power BI
3177,MySQL
3177,Statistics
3178,Data Visualization
3178,MySQL
3178,Python
3178,Machine Learning
3178,Tableau
3179,Statistics
3179,Machine Learning
3179,Power BI
3179,Pandas
3179,Tableau
3180,MySQL
3180,AWS
3180,SQL
3180,ETL
3180,Data Visualization
3180,Statistics
3181,ETL
3181,SQL
3181,Pandas
3181,Power BI
3181,Data Visualization
3182,Excel
3182,Python
3182,Tableau
3182,Pandas
3183,Data Visualization
3183,ETL
3183,MySQL
3183,Pandas
3184,Data Visualization
3184,AWS
3184,ETL
3184,Excel
3184,Machine Learning
3184,MySQL
3185,AWS
3185,Tableau
3185,MySQL
3185,Pandas
3185,ETL
3186,Statistics
3186,MySQL
3186,Tableau
3186,Power BI
3187,Statistics
3187,Power BI
3187,Excel
3187,AWS
3187,Python
3187,Data Visualization
3188,SQL
3188,Python
3188,Machine Learning
3188,AWS
3188,Data Visualization
3188,ETL
3188,Pandas
3189,Pandas
3189,MySQL
3189,AWS
3189,Data Visualization
3189,Statistics
3189,Excel
3190,AWS
3190,Power BI
3190,Pandas
3190,Machine Learning
3190,MySQL
3190,Tableau
3191,Machine Learning
3191,Tableau
3191,Statistics
3191,ETL
3192,Data Visualization
3192,Excel
3192,Power BI
3192,ETL
3192,Pandas
3192,MySQL
3193,Python
3193,Machine Learning
3193,ETL
3193,Statistics
3193,Excel
3193,Power BI
3193,Tableau
3194,Tableau
3194,Pandas
3194,Statistics
3194,Data Visualization
3194,Machine Learning
3194,MySQL
3194,Power BI
3195,Data Visualization
3195,Machine Learning
3195,SQL
3195,Python
3196,Tableau
3196,Power BI
3196,Pandas
3196,ETL
3196,Excel
3196,Statistics
3197,Python
3197,Tableau
3197,Excel
3197,Power BI
3197,SQL
3198,Power BI
3198,Pandas
3198,Tableau
3198,Data Visualization
3199,Python
3199,SQL
3199,Pandas
3199,MySQL
3199,Excel
3199,ETL
3199,Machine Learning
3200,AWS
3200,Tableau
3200,Power BI
3200,SQL
3200,Statistics
3201,Data Visualization
3201,ETL
3201,Power BI
3201,AWS
3201,Statistics
3201,Pandas
3201,Python
3202,Python
3202,Power BI
3202,Data Visualization
3202,Excel
3202,SQL
3203,Data Visualization
3203,Excel
3203,Statistics
3203,AWS
3203,MySQL
3203,Machine Learning
3203,ETL
3204,AWS
3204,Excel
3204,Statistics
3204,ETL
3204,Machine Learning
3204,Data Visualization
3204,Power BI
3205,Machine Learning
3205,Tableau
3205,MySQL
3205,ETL
3205,Excel
3205,AWS
3206,Python
3206,MySQL
3206,SQL
3206,Power BI
3207,MySQL
3207,Tableau
3207,Machine Learning
3207,Statistics
3207,Python
3207,SQL
3208,Pandas
3208,AWS
3208,SQL
3208,ETL
3209,Power BI
3209,Statistics
3209,AWS
3209,Excel
3209,Tableau
3209,Pandas
3210,ETL
3210,Machine Learning
3210,MySQL
3210,AWS
3210,Python
3210,Pandas
3211,SQL
3211,Excel
3211,ETL
3211,AWS
3211,Machine Learning
3211,Statistics
3211,Data Visualization
3212,MySQL
3212,Power BI
3212,Tableau
3212,SQL
3212,Python
3212,Machine Learning
3212,Data Visualization
3213,Machine Learning
3213,MySQL
3213,Pandas
3213,Data Visualization
3213,Excel
3214,ETL
3214,Pandas
3214,SQL
3214,Python
3214,Statistics
3214,AWS
3214,Data Visualization
3215,SQL
3215,AWS
3215,Statistics
3215,Machine Learning
3215,Data Visualization
3216,Power BI
3216,Statistics
3216,Python
3216,Excel
3216,Tableau
3216,Data Visualization
3216,Machine Learning
3217,Pandas
3217,Excel
3217,Machine Learning
3217,Power BI
3217,ETL
3217,SQL
3217,Tableau
3218,Python
3218,Machine Learning
3218,Statistics
3218,AWS
3219,Tableau
3219,Machine Learning
3219,Pandas
3219,MySQL
3219,AWS
3220,Statistics
3220,Tableau
3220,Data Visualization
3220,Excel
3221,MySQL
3221,SQL
3221,Power BI
3221,Python
3222,Tableau
3222,SQL
3222,Statistics
3222,Data Visualization
3222,Python
3223,Statistics
3223,ETL
3223,Python
3223,SQL
3223,Data Visualization
3223,MySQL
3224,Tableau
3224,ETL
3224,Data Visualization
3224,AWS
3224,SQL
3224,MySQL
3225,ETL
3225,Pandas
3225,Statistics
3225,Machine Learning
3225,Python
3225,MySQL
3225,Data Visualization
3226,Excel
3226,AWS
3226,ETL
3226,Statistics
3227,Python
3227,MySQL
3227,Pandas
3227,AWS
3227,Power BI
3227,ETL
3227,Tableau
3228,Tableau
3228,MySQL
3228,ETL
3228,Pandas
3228,Statistics
3228,Data Visualization
3229,Tableau
3229,Python
3229,Pandas
3229,SQL
3230,Pandas
3230,AWS
3230,Machine Learning
3230,Power BI
3230,Python
3230,Excel
3230,ETL
3231,ETL
3231,Statistics
3231,Tableau
3231,Python
3231,Pandas
3231,Machine Learning
3232,Power BI
3232,SQL
3232,Tableau
3232,ETL
3233,AWS
3233,SQL
3233,Power BI
3233,Data Visualization
3234,Pandas
3234,AWS
3234,Tableau
3234,Excel
3234,Power BI
3234,ETL
3235,Pandas
3235,MySQL
3235,Tableau
3235,Python
3235,ETL
3235,SQL
3235,Excel
3236,AWS
3236,Pandas
3236,Excel
3236,Data Visualization
3236,SQL
3236,Tableau
3237,Statistics
3237,Pandas
3237,ETL
3237,MySQL
3237,Tableau
3237,AWS
3237,Machine Learning
3238,AWS
3238,Python
3238,ETL
3238,Excel
3238,Statistics
3238,SQL
3239,Tableau
3239,Pandas
3239,MySQL
3239,Machine Learning
3239,ETL
3240,SQL
3240,ETL
3240,Python
3240,Excel
3240,Data Visualization
3240,Tableau
3241,Tableau
3241,Statistics
3241,Power BI
3241,Excel
3242,MySQL
3242,Excel
3242,Power BI
3242,AWS
3242,Statistics
3242,Machine Learning
3242,Pandas
3243,Power BI
3243,SQL
3243,Tableau
3243,Excel
3243,Machine Learning
3243,ETL
3243,Python
3244,Statistics
3244,Tableau
3244,Pandas
3244,AWS
3245,MySQL
3245,Statistics
3245,Tableau
3245,Data Visualization
3245,Machine Learning
3246,Data Visualization
3246,Machine Learning
3246,Python
3246,Excel
3246,ETL
3246,MySQL
3247,Statistics
3247,Tableau
3247,ETL
3247,AWS
3248,Machine Learning
3248,Excel
3248,Tableau
3248,Python
3248,AWS
3249,Statistics
3249,ETL
3249,SQL
3249,AWS
3249,Power BI
3250,Statistics
3250,Python
3250,Data Visualization
3250,SQL
3250,Excel
3250,ETL
3251,AWS
3251,Python
3251,Machine Learning
3251,Excel
3251,Statistics
3251,Pandas
3252,Python
3252,Data Visualization
3252,Pandas
3252,AWS
3252,Machine Learning
3253,Machine Learning
3253,AWS
3253,MySQL
3253,SQL
3253,Python
3254,SQL
3254,AWS
3254,Statistics
3254,Tableau
3255,Machine Learning
3255,Pandas
3255,Excel
3255,SQL
3255,Python
3256,Machine Learning
3256,Pandas
3256,Excel
3256,Statistics
3256,AWS
3256,MySQL
3257,Data Visualization
3257,Statistics
3257,Tableau
3257,Power BI
3257,Machine Learning
3258,Machine Learning
3258,Power BI
3258,AWS
3258,Excel
3258,SQL
3258,ETL
3259,Excel
3259,SQL
3259,Machine Learning
3259,MySQL
3259,Statistics
3259,Python
3259,Data Visualization
3260,Statistics
3260,Pandas
3260,Data Visualization
3260,ETL
3260,MySQL
3261,Data Visualization
3261,Excel
3261,MySQL
3261,Python
3261,Tableau
3261,Machine Learning
3261,SQL
3262,Data Visualization
3262,Python
3262,MySQL
3262,Machine Learning
3262,Pandas
3262,Statistics
3262,AWS
3263,MySQL
3263,AWS
3263,Data Visualization
3263,Tableau
3264,Tableau
3264,ETL
3264,MySQL
3264,Statistics
3265,Tableau
3265,Power BI
3265,Machine Learning
3265,Statistics
3265,Pandas
3265,AWS
3265,Data Visualization
3266,Machine Learning
3266,Data Visualization
3266,Power BI
3266,MySQL
3266,Tableau
3266,SQL
3267,Statistics
3267,AWS
3267,Power BI
3267,Python
3268,Pandas
3268,Machine Learning
3268,ETL
3268,Python
3268,Power BI
3268,AWS
3269,Machine Learning
3269,ETL
3269,AWS
3269,MySQL
3269,Data Visualization
3269,Tableau
3270,Excel
3270,Power BI
3270,Tableau
3270,Statistics
3271,Power BI
3271,Tableau
3271,Machine Learning
3271,SQL
3272,ETL
3272,Statistics
3272,Data Visualization
3272,SQL
3272,Machine Learning
3273,Data Visualization
3273,Statistics
3273,Power BI
3273,Python
3273,ETL
3273,Machine Learning
3274,MySQL
3274,Python
3274,Data Visualization
3274,SQL
3274,Tableau
3274,Pandas
3275,AWS
3275,Excel
3275,Statistics
3275,Machine Learning
3276,Power BI
3276,Data Visualization
3276,Python
3276,Machine Learning
3276,SQL
3277,Tableau
3277,SQL
3277,AWS
3277,MySQL
3277,Pandas
3277,ETL
3278,Tableau
3278,Power BI
3278,Excel
3278,MySQL
3278,Machine Learning
3278,Python
3278,Statistics
3279,Tableau
3279,Power BI
3279,SQL
3279,ETL
3279,Pandas
3279,Statistics
3279,AWS
3280,Data Visualization
3280,MySQL
3280,Statistics
3280,SQL
3280,Excel
3281,Data Visualization
3281,Pandas
3281,Statistics
3281,ETL
3281,Tableau
3281,MySQL
3282,Excel
3282,AWS
3282,MySQL
3282,Statistics
3282,Pandas
3283,ETL
3283,Data Visualization
3283,Pandas
3283,MySQL
3283,SQL
3284,Statistics
3284,Excel
3284,Data Visualization
3284,Machine Learning
3284,ETL
3285,Data Visualization
3285,Python
3285,AWS
3285,SQL
3285,Machine Learning
3285,ETL
3286,Statistics
3286,Tableau
3286,Pandas
3286,SQL
3287,Excel
3287,Pandas
3287,Statistics
3287,SQL
3287,Tableau
3287,Data Visualization
3288,Tableau
3288,Data Visualization
3288,SQL
3288,Statistics
3289,Python
3289,AWS
3289,Excel
3289,SQL
3289,Power BI
3289,Pandas
3290,MySQL
3290,Tableau
3290,AWS
3290,Pandas
3290,ETL
3290,Python
3290,Excel
3291,Power BI
3291,ETL
3291,Machine Learning
3291,Tableau
3292,Pandas
3292,Data Visualization
3292,Statistics
3292,Excel
3292,ETL
3292,Python
3293,Excel
3293,Tableau
3293,MySQL
3293,AWS
3293,Machine Learning
3294,Statistics
3294,Python
3294,Data Visualization
3294,SQL
3295,Machine Learning
3295,Statistics
3295,Excel
3295,Power BI
3295,AWS
3296,Pandas
3296,Tableau
3296,MySQL
3296,SQL
3296,AWS
3297,Power BI
3297,Pandas
3297,SQL
3297,Data Visualization
3297,Tableau
3297,ETL
3297,MySQL
3298,Excel
3298,Machine Learning
3298,Statistics
3298,Python
3299,Excel
3299,SQL
3299,Machine Learning
3299,Data Visualization
3300,Machine Learning
3300,Data Visualization
3300,MySQL
3300,ETL
3301,MySQL
3301,Python
3301,Machine Learning
3301,Power BI
3301,ETL
3302,MySQL
3302,SQL
3302,Machine Learning
3302,Statistics
3302,Tableau
3302,AWS
3302,Pandas
3303,Excel
3303,Machine Learning
3303,Pandas
3303,MySQL
3303,ETL
3304,Machine Learning
3304,ETL
3304,Python
3304,Power BI
3304,AWS
3305,AWS
3305,Pandas
3305,ETL
3305,Power BI
3305,Python
3305,Excel
3306,MySQL
3306,Statistics
3306,Data Visualization
3306,SQL
3306,Python
3306,Pandas
3306,Excel
3307,MySQL
3307,Power BI
3307,Excel
3307,AWS
3307,SQL
3308,Python
3308,Machine Learning
3308,Power BI
3308,MySQL
3308,AWS
3308,Excel
3308,Tableau
3309,Python
3309,Statistics
3309,Tableau
3309,Data Visualization
3309,Power BI
3309,ETL
3310,AWS
3310,Tableau
3310,Data Visualization
3310,Python
3310,MySQL
3310,Excel
3310,SQL
3311,Statistics
3311,Excel
3311,SQL
3311,ETL
3312,Power BI
3312,SQL
3312,Tableau
3312,AWS
3312,Python
3312,Machine Learning
3313,Python
3313,Statistics
3313,SQL
3313,Tableau
3314,Power BI
3314,Machine Learning
3314,AWS
3314,Excel
3314,MySQL
3315,Statistics
3315,Tableau
3315,Data Visualization
3315,AWS
3315,Python
3315,Machine Learning
3315,Power BI
3316,Statistics
3316,MySQL
3316,Pandas
3316,Data Visualization
3317,SQL
3317,Tableau
3317,AWS
3317,Pandas
3317,ETL
3318,Statistics
3318,Data Visualization
3318,AWS
3318,Excel
3318,MySQL
3319,AWS
3319,Tableau
3319,ETL
3319,SQL
3319,Statistics
3319,Python
3319,MySQL
3320,AWS
3320,Machine Learning
3320,Pandas
3320,Tableau
3320,Statistics
3320,Excel
3321,Excel
3321,Tableau
3321,ETL
3321,Machine Learning
3321,Pandas
3321,MySQL
3322,Excel
3322,Power BI
3322,AWS
3322,Data Visualization
3323,Statistics
3323,Python
3323,Tableau
3323,AWS
3323,Pandas
3323,Excel
3324,Statistics
3324,Power BI
3324,SQL
3324,AWS
3324,Data Visualization
3325,Data Visualization
3325,Python
3325,Tableau
3325,Pandas
3325,Excel
3326,Machine Learning
3326,SQL
3326,Data Visualization
3326,AWS
3326,Python
3327,AWS
3327,SQL
3327,Machine Learning
3327,Excel
3327,MySQL
3327,Statistics
3328,Pandas
3328,Power BI
3328,Python
3328,Statistics
3328,AWS
3328,Tableau
3329,MySQL
3329,Data Visualization
3329,SQL
3329,Excel
3330,MySQL
3330,Statistics
3330,Power BI
3330,Tableau
3330,Pandas
3330,ETL
3330,Data Visualization
3331,Tableau
3331,Statistics
3331,Excel
3331,Pandas
3331,SQL
3331,ETL
3332,Python
3332,SQL
3332,Machine Learning
3332,MySQL
3332,Excel
3332,ETL
3332,Statistics
3333,Statistics
3333,ETL
3333,Excel
3333,Pandas
3333,Data Visualization
3333,AWS
3333,Power BI
3334,SQL
3334,Machine Learning
3334,Data Visualization
3334,Excel
3334,Tableau
3335,Machine Learning
3335,ETL
3335,Python
3335,AWS
3335,Pandas
3335,Tableau
3336,Data Visualization
3336,Power BI
3336,AWS
3336,MySQL
3336,Statistics
3337,Machine Learning
3337,ETL
3337,Power BI
3337,Pandas
3337,Statistics
3338,Tableau
3338,ETL
3338,Python
3338,Excel
3339,Power BI
3339,Excel
3339,AWS
3339,MySQL
3339,Pandas
3340,Statistics
3340,Excel
3340,ETL
3340,Data Visualization
3340,SQL
3340,Power BI
3341,Python
3341,Statistics
3341,Pandas
3341,Tableau
3342,ETL
3342,Pandas
3342,Python
3342,Excel
3342,Tableau
3343,SQL
3343,Machine Learning
3343,Excel
3343,Statistics
3344,Python
3344,AWS
3344,Power BI
3344,Data Visualization
3344,Tableau
3344,Statistics
3344,ETL
3345,Data Visualization
3345,Tableau
3345,Power BI
3345,AWS
3346,ETL
3346,Pandas
3346,Data Visualization
3346,AWS
3347,Excel
3347,SQL
3347,Python
3347,AWS
3347,ETL
3347,Statistics
3348,Power BI
3348,Python
3348,Excel
3348,Machine Learning
3348,Data Visualization
3348,ETL
3348,AWS
3349,Excel
3349,Power BI
3349,Data Visualization
3349,ETL
3349,Tableau
3349,Statistics
3349,SQL
3350,MySQL
3350,Tableau
3350,Machine Learning
3350,SQL
3351,Python
3351,ETL
3351,MySQL
3351,SQL
3351,Power BI
3351,Data Visualization
3351,Tableau
3352,Power BI
3352,Excel
3352,Data Visualization
3352,Tableau
3352,ETL
3352,SQL
3353,SQL
3353,AWS
3353,Statistics
3353,MySQL
3353,Data Visualization
3353,Pandas
3353,Machine Learning
3354,Python
3354,Excel
3354,Pandas
3354,Statistics
3354,Tableau
3354,ETL
3355,Python
3355,ETL
3355,Tableau
3355,Statistics
3355,Machine Learning
3355,AWS
3356,AWS
3356,Power BI
3356,Excel
3356,Tableau
3356,ETL
3356,Data Visualization
3356,MySQL
3357,Pandas
3357,Power BI
3357,Machine Learning
3357,Statistics
3357,Data Visualization
3357,Tableau
3358,Excel
3358,Python
3358,Pandas
3358,Machine Learning
3358,MySQL
3358,SQL
3358,Statistics
3359,Pandas
3359,Data Visualization
3359,Statistics
3359,ETL
3360,AWS
3360,Python
3360,Machine Learning
3360,Pandas
3360,SQL
3361,Power BI
3361,MySQL
3361,Excel
3361,SQL
3361,Machine Learning
3362,Data Visualization
3362,Excel
3362,Machine Learning
3362,AWS
3362,Power BI
3363,Python
3363,MySQL
3363,AWS
3363,Power BI
3364,Excel
3364,AWS
3364,MySQL
3364,Power BI
3364,ETL
3364,Tableau
3364,Machine Learning
3365,Excel
3365,AWS
3365,Statistics
3365,MySQL
3366,Data Visualization
3366,ETL
3366,SQL
3366,Pandas
3366,Power BI
3366,Machine Learning
3366,Python
3367,AWS
3367,Statistics
3367,Python
3367,MySQL
3368,Power BI
3368,Statistics
3368,Pandas
3368,Data Visualization
3368,Tableau
3368,SQL
3369,SQL
3369,Machine Learning
3369,AWS
3369,Data Visualization
3370,MySQL
3370,Tableau
3370,Machine Learning
3370,ETL
3371,Power BI
3371,Data Visualization
3371,MySQL
3371,Tableau
3372,Power BI
3372,ETL
3372,Python
3372,Pandas
3372,SQL
3372,Machine Learning
3372,Statistics
3373,Python
3373,Tableau
3373,Machine Learning
3373,Pandas
3373,Data Visualization
3373,MySQL
3373,SQL
3374,Tableau
3374,MySQL
3374,Power BI
3374,Excel
3375,Machine Learning
3375,Statistics
3375,Power BI
3375,ETL
3375,AWS
3376,SQL
3376,Excel
3376,Data Visualization
3376,Machine Learning
3376,Tableau
3377,Excel
3377,Power BI
3377,ETL
3377,AWS
3377,Tableau
3377,Machine Learning
3377,Statistics
3378,MySQL
3378,SQL
3378,Data Visualization
3378,Machine Learning
3378,Python
3379,Data Visualization
3379,Excel
3379,Tableau
3379,Pandas
3379,ETL
3380,ETL
3380,SQL
3380,Power BI
3380,Tableau
3380,Python
3381,Machine Learning
3381,ETL
3381,Excel
3381,Power BI
3381,Data Visualization
3381,Statistics
3381,MySQL
3382,Power BI
3382,Tableau
3382,Python
3382,Statistics
3382,Excel
3382,Pandas
3383,Machine Learning
3383,SQL
3383,Tableau
3383,Power BI
3383,ETL
3383,MySQL
3383,Excel
3384,Python
3384,Pandas
3384,Machine Learning
3384,Excel
3384,AWS
3384,Power BI
3384,ETL
3385,SQL
3385,Data Visualization
3385,Pandas
3385,Power BI
3385,Excel
3385,Machine Learning
3385,ETL
3386,SQL
3386,Tableau
3386,Python
3386,Machine Learning
3386,Excel
3386,Pandas
3386,Statistics
3387,Tableau
3387,ETL
3387,Machine Learning
3387,Pandas
3387,SQL
3388,Statistics
3388,AWS
3388,ETL
3388,Excel
3388,Pandas
3388,SQL
3389,MySQL
3389,Python
3389,Tableau
3389,Machine Learning
3389,SQL
3389,Data Visualization
3389,Statistics
3390,ETL
3390,Python
3390,AWS
3390,Power BI
3390,Data Visualization
3391,SQL
3391,Python
3391,Power BI
3391,Tableau
3391,ETL
3392,Excel
3392,Statistics
3392,Data Visualization
3392,ETL
3392,MySQL
3393,Data Visualization
3393,AWS
3393,Statistics
3393,Tableau
3393,Pandas
3393,Python
3393,Power BI
3394,Excel
3394,Python
3394,Pandas
3394,MySQL
3394,ETL
3395,Python
3395,Tableau
3395,SQL
3395,Excel
3395,Statistics
3396,Power BI
3396,AWS
3396,Data Visualization
3396,Statistics
3396,MySQL
3397,Data Visualization
3397,Power BI
3397,Pandas
3397,MySQL
3397,AWS
3398,Power BI
3398,Python
3398,ETL
3398,Excel
3398,Statistics
3398,Pandas
3398,SQL
3399,Tableau
3399,Statistics
3399,Power BI
3399,SQL
3399,Python
3400,MySQL
3400,ETL
3400,Python
3400,Statistics
3400,Data Visualization
3401,Data Visualization
3401,Machine Learning
3401,Python
3401,Statistics
3401,Excel
3401,Tableau
3401,AWS
3402,Power BI
3402,Python
3402,SQL
3402,Statistics
3402,Tableau
3402,Data Visualization
3402,Excel
3403,MySQL
3403,Excel
3403,AWS
3403,Power BI
3404,ETL
3404,AWS
3404,Machine Learning
3404,Pandas
3404,Power BI
3404,Statistics
3404,Tableau
3405,Excel
3405,AWS
3405,Statistics
3405,Tableau
3405,Python
3405,Power BI
3406,Power BI
3406,MySQL
3406,Python
3406,Pandas
3406,Data Visualization
3406,Excel
3406,AWS
3407,Pandas
3407,ETL
3407,Power BI
3407,Statistics
3408,Machine Learning
3408,Excel
3408,Power BI
3408,SQL
3408,Tableau
3408,Data Visualization
3408,Pandas
3409,ETL
3409,Excel
3409,AWS
3409,Python
3409,MySQL
3410,AWS
3410,MySQL
3410,ETL
3410,Machine Learning
3411,AWS
3411,SQL
3411,Data Visualization
3411,Tableau
3411,Machine Learning
3412,SQL
3412,ETL
3412,Python
3412,Pandas
3412,Data Visualization
3412,Power BI
3412,Statistics
3413,MySQL
3413,Python
3413,Pandas
3413,Data Visualization
3413,Machine Learning
3413,Tableau
3413,ETL
3414,Excel
3414,Machine Learning
3414,Data Visualization
3414,Statistics
3414,Tableau
3415,ETL
3415,Excel
3415,Tableau
3415,AWS
3416,Tableau
3416,ETL
3416,Statistics
3416,AWS
3416,Power BI
3416,Pandas
3416,Excel
3417,Python
3417,Excel
3417,SQL
3417,Power BI
3417,Statistics
3417,Data Visualization
3418,Tableau
3418,Power BI
3418,Data Visualization
3418,Python
3418,SQL
3418,Statistics
3418,Pandas
3419,SQL
3419,AWS
3419,Machine Learning
3419,Python
3419,MySQL
3419,ETL
3420,Tableau
3420,Power BI
3420,Python
3420,ETL
3421,Power BI
3421,Excel
3421,Data Visualization
3421,ETL
3422,Data Visualization
3422,AWS
3422,Power BI
3422,SQL
3422,Machine Learning
3422,Tableau
3423,Tableau
3423,ETL
3423,Python
3423,Statistics
3423,SQL
3424,Pandas
3424,Data Visualization
3424,Machine Learning
3424,Power BI
3424,AWS
3425,Power BI
3425,ETL
3425,Python
3425,Excel
3425,SQL
3425,Machine Learning
3426,SQL
3426,Statistics
3426,AWS
3426,Excel
3426,Data Visualization
3426,ETL
3426,MySQL
3427,Pandas
3427,ETL
3427,Excel
3427,Machine Learning
3428,Machine Learning
3428,Power BI
3428,SQL
3428,Tableau
3428,Pandas
3429,Machine Learning
3429,Tableau
3429,ETL
3429,Power BI
3429,AWS
3430,Tableau
3430,Python
3430,Statistics
3430,Pandas
3430,AWS
3430,Power BI
3430,MySQL
3431,Data Visualization
3431,Machine Learning
3431,ETL
3431,Statistics
3432,Machine Learning
3432,Data Visualization
3432,SQL
3432,Excel
3432,MySQL
3433,Power BI
3433,AWS
3433,Excel
3433,ETL
3434,Excel
3434,ETL
3434,Python
3434,Power BI
3435,Pandas
3435,Tableau
3435,MySQL
3435,Excel
3435,Python
3436,Pandas
3436,Power BI
3436,AWS
3436,Data Visualization
3436,MySQL
3437,SQL
3437,ETL
3437,Power BI
3437,Machine Learning
3438,AWS
3438,Pandas
3438,ETL
3438,Tableau
3439,Machine Learning
3439,Statistics
3439,Data Visualization
3439,Power BI
3439,MySQL
3439,AWS
3439,SQL
3440,Machine Learning
3440,Excel
3440,Data Visualization
3440,Power BI
3440,Python
3440,Statistics
3441,Data Visualization
3441,Power BI
3441,Tableau
3441,Pandas
3441,SQL
3442,Pandas
3442,Machine Learning
3442,AWS
3442,SQL
3442,Excel
3442,Python
3443,ETL
3443,Pandas
3443,Statistics
3443,Power BI
3443,Tableau
3444,SQL
3444,Machine Learning
3444,Power BI
3444,Tableau
3444,Pandas
3445,Tableau
3445,ETL
3445,Machine Learning
3445,Power BI
3446,Tableau
3446,Pandas
3446,Excel
3446,MySQL
3446,Statistics
3446,ETL
3447,Machine Learning
3447,Python
3447,Data Visualization
3447,Pandas
3448,SQL
3448,ETL
3448,MySQL
3448,Data Visualization
3448,Power BI
3449,SQL
3449,Data Visualization
3449,Pandas
3449,Statistics
3449,MySQL
3450,MySQL
3450,Data Visualization
3450,Machine Learning
3450,Python
3450,Power BI
3451,ETL
3451,Data Visualization
3451,AWS
3451,Statistics
3451,SQL
3451,Power BI
3451,Excel
3452,AWS
3452,MySQL
3452,Power BI
3452,SQL
3452,ETL
3452,Pandas
3453,Pandas
3453,Tableau
3453,AWS
3453,Machine Learning
3453,MySQL
3453,ETL
3453,Excel
3454,Pandas
3454,AWS
3454,Excel
3454,Power BI
3454,Data Visualization
3455,Power BI
3455,Python
3455,MySQL
3455,AWS
3455,Pandas
3455,Excel
3455,Data Visualization
3456,Pandas
3456,Statistics
3456,SQL
3456,Excel
3456,AWS
3456,Python
3457,Tableau
3457,MySQL
3457,SQL
3457,Statistics
3457,Python
3457,Power BI
3458,Data Visualization
3458,Tableau
3458,Python
3458,Pandas
3458,Statistics
3458,Machine Learning
3458,AWS
3459,SQL
3459,AWS
3459,Tableau
3459,Machine Learning
3459,Power BI
3459,Pandas
3459,ETL
3460,SQL
3460,Pandas
3460,Python
3460,Statistics
3460,Data Visualization
3460,AWS
3461,Python
3461,Power BI
3461,Excel
3461,Pandas
3462,SQL
3462,Statistics
3462,Power BI
3462,AWS
3462,ETL
3462,Tableau
3463,Data Visualization
3463,Machine Learning
3463,AWS
3463,MySQL
3464,Tableau
3464,Power BI
3464,ETL
3464,Data Visualization
3464,MySQL
3465,Excel
3465,Statistics
3465,AWS
3465,Power BI
3465,SQL
3466,MySQL
3466,Excel
3466,Pandas
3466,Statistics
3467,Statistics
3467,Excel
3467,Data Visualization
3467,Tableau
3467,ETL
3468,SQL
3468,MySQL
3468,Machine Learning
3468,Tableau
3468,Power BI
3468,Pandas
3469,Tableau
3469,ETL
3469,Python
3469,Machine Learning
3470,Data Visualization
3470,Machine Learning
3470,SQL
3470,ETL
3470,Statistics
3470,AWS
3470,Power BI
3471,Pandas
3471,MySQL
3471,Machine Learning
3471,Power BI
3472,Pandas
3472,SQL
3472,MySQL
3472,Power BI
3473,Statistics
3473,Data Visualization
3473,SQL
3473,AWS
3474,Python
3474,MySQL
3474,Pandas
3474,Power BI
3474,Excel
3474,Tableau
3475,ETL
3475,Power BI
3475,SQL
3475,Pandas
3476,Tableau
3476,SQL
3476,MySQL
3476,Pandas
3476,Data Visualization
3477,AWS
3477,SQL
3477,Tableau
3477,ETL
3477,Machine Learning
3478,Pandas
3478,Data Visualization
3478,Tableau
3478,MySQL
3478,Python
3479,Power BI
3479,SQL
3479,Python
3479,Pandas
3479,Machine Learning
3479,MySQL
3479,Excel
3480,Machine Learning
3480,SQL
3480,Pandas
3480,AWS
3480,Statistics
3481,Machine Learning
3481,Tableau
3481,Statistics
3481,Power BI
3481,SQL
3481,Pandas
3481,Data Visualization
3482,Statistics
3482,Tableau
3482,MySQL
3482,Pandas
3483,Excel
3483,Data Visualization
3483,Python
3483,Statistics
3483,Power BI
3483,Tableau
3483,AWS
3484,Power BI
3484,Data Visualization
3484,Python
3484,Machine Learning
3484,ETL
3484,Statistics
3484,Tableau
3485,Data Visualization
3485,Tableau
3485,MySQL
3485,Machine Learning
3485,SQL
3485,Pandas
3485,ETL
3486,Statistics
3486,Tableau
3486,SQL
3486,MySQL
3486,Power BI
3486,Pandas
3486,AWS
3487,SQL
3487,Excel
3487,AWS
3487,MySQL
3487,Tableau
3488,Machine Learning
3488,SQL
3488,Python
3488,ETL
3488,Statistics
3489,ETL
3489,Statistics
3489,Power BI
3489,Python
3490,AWS
3490,Python
3490,SQL
3490,Statistics
3491,Data Visualization
3491,Python
3491,ETL
3491,Excel
3492,Tableau
3492,Power BI
3492,Excel
3492,Python
3492,AWS
3493,Python
3493,Tableau
3493,Pandas
3493,Power BI
3493,Statistics
3494,Data Visualization
3494,Excel
3494,Pandas
3494,Tableau
3494,Machine Learning
3494,ETL
3495,Statistics
3495,SQL
3495,Data Visualization
3495,Tableau
3495,Power BI
3495,AWS
3496,Machine Learning
3496,Statistics
3496,SQL
3496,AWS
3496,ETL
3496,Excel
3497,Pandas
3497,Excel
3497,Statistics
3497,Data Visualization
3498,SQL
3498,Pandas
3498,Data Visualization
3498,AWS
3498,Statistics
3499,Excel
3499,ETL
3499,Python
3499,Statistics
3499,AWS
3499,Machine Learning
3499,Tableau
3500,Statistics
3500,Data Visualization
3500,AWS
3500,MySQL
3500,ETL
3500,Power BI
3500,SQL
3501,Machine Learning
3501,Data Visualization
3501,MySQL
3501,ETL
3501,AWS
3502,Machine Learning
3502,Statistics
3502,Power BI
3502,Pandas
3502,ETL
3503,Power BI
3503,ETL
3503,SQL
3503,MySQL
3504,Excel
3504,AWS
3504,Statistics
3504,SQL
3504,Tableau
3504,Python
3504,MySQL
3505,Python
3505,ETL
3505,AWS
3505,Statistics
3505,Pandas
3505,Excel
3506,MySQL
3506,Tableau
3506,ETL
3506,Data Visualization
3507,Statistics
3507,Data Visualization
3507,MySQL
3507,Power BI
3508,Python
3508,SQL
3508,AWS
3508,Tableau
3509,Pandas
3509,Tableau
3509,Python
3509,Power BI
3509,Machine Learning
3509,Statistics
3510,SQL
3510,Machine Learning
3510,Python
3510,Statistics
3511,Python
3511,Machine Learning
3511,Power BI
3511,Data Visualization
3512,SQL
3512,Machine Learning
3512,ETL
3512,Tableau
3512,MySQL
3512,Pandas
3513,Machine Learning
3513,Excel
3513,Data Visualization
3513,Statistics
3513,Tableau
3513,SQL
3514,ETL
3514,MySQL
3514,Power BI
3514,AWS
3515,Data Visualization
3515,Tableau
3515,AWS
3515,Statistics
3516,Tableau
3516,Statistics
3516,MySQL
3516,Machine Learning
3516,Pandas
3516,Excel
3517,Pandas
3517,Python
3517,Machine Learning
3517,Data Visualization
3518,Power BI
3518,Statistics
3518,ETL
3518,Data Visualization
3519,MySQL
3519,ETL
3519,Power BI
3519,Statistics
3519,Pandas
3520,AWS
3520,Data Visualization
3520,Excel
3520,Python
3520,Statistics
3520,Machine Learning
3520,Pandas
3521,ETL
3521,SQL
3521,Tableau
3521,Pandas
3521,Power BI
3522,Data Visualization
3522,Power BI
3522,Excel
3522,AWS
3522,MySQL
3522,Statistics
3523,Excel
3523,Pandas
3523,Power BI
3523,ETL
3523,Data Visualization
3524,Data Visualization
3524,Power BI
3524,AWS
3524,Tableau
3524,ETL
3525,MySQL
3525,AWS
3525,Pandas
3525,Data Visualization
3525,Python
3526,ETL
3526,MySQL
3526,SQL
3526,Pandas
3526,Python
3526,AWS
3527,Machine Learning
3527,MySQL
3527,Tableau
3527,Data Visualization
3527,AWS
3527,SQL
3528,Python
3528,Statistics
3528,Machine Learning
3528,MySQL
3528,SQL
3528,ETL
3529,SQL
3529,Power BI
3529,Python
3529,Excel
3529,AWS
3529,Machine Learning
3529,MySQL
3530,Data Visualization
3530,Python
3530,Statistics
3530,Machine Learning
3530,SQL
3530,Tableau
3530,Power BI
3531,Power BI
3531,SQL
3531,Data Visualization
3531,Machine Learning
3531,MySQL
3531,Tableau
3531,Pandas
3532,AWS
3532,Data Visualization
3532,Pandas
3532,Statistics
3533,Machine Learning
3533,Tableau
3533,AWS
3533,Power BI
3533,SQL
3534,Power BI
3534,AWS
3534,MySQL
3534,Machine Learning
3535,Power BI
3535,Machine Learning
3535,Statistics
3535,Tableau
3536,AWS
3536,Data Visualization
3536,Tableau
3536,Machine Learning
3536,MySQL
3536,Pandas
3536,Excel
3537,Machine Learning
3537,Python
3537,ETL
3537,MySQL
3537,Data Visualization
3538,ETL
3538,Data Visualization
3538,Python
3538,Machine Learning
3538,SQL
3538,Excel
3538,Pandas
3539,Python
3539,Tableau
3539,Data Visualization
3539,SQL
3539,ETL
3539,Power BI
3539,MySQL
3540,Data Visualization
3540,ETL
3540,Python
3540,SQL
3540,AWS
3541,Python
3541,SQL
3541,Machine Learning
3541,Data Visualization
3542,Excel
3542,ETL
3542,MySQL
3542,Tableau
3542,Python
3542,Machine Learning
3542,SQL
3543,Tableau
3543,SQL
3543,Machine Learning
3543,Statistics
3544,Power BI
3544,Python
3544,Excel
3544,AWS
3545,Data Visualization
3545,MySQL
3545,Power BI
3545,Excel
3545,Pandas
3546,Tableau
3546,Power BI
3546,Machine Learning
3546,Excel
3546,ETL
3546,Pandas
3547,SQL
3547,ETL
3547,Tableau
3547,AWS
3547,MySQL
3547,Machine Learning
3547,Data Visualization
3548,Pandas
3548,ETL
3548,Python
3548,Excel
3548,SQL
3548,AWS
3549,Power BI
3549,Statistics
3549,ETL
3549,Data Visualization
3549,Python
3550,Pandas
3550,Excel
3550,Machine Learning
3550,Python
3551,Data Visualization
3551,SQL
3551,AWS
3551,MySQL
3552,Tableau
3552,Python
3552,Data Visualization
3552,Pandas
3553,ETL
3553,MySQL
3553,Python
3553,AWS
3553,Excel
3554,Excel
3554,Data Visualization
3554,Machine Learning
3554,Python
3554,Statistics
3555,ETL
3555,Machine Learning
3555,SQL
3555,Python
3555,Excel
3555,AWS
3555,Data Visualization
3556,Python
3556,Statistics
3556,Machine Learning
3556,SQL
3557,Power BI
3557,Excel
3557,Statistics
3557,Pandas
3557,Python
3558,Pandas
3558,Machine Learning
3558,ETL
3558,Excel
3558,Python
3558,SQL
3559,ETL
3559,Tableau
3559,Machine Learning
3559,Excel
3559,MySQL
3560,Machine Learning
3560,Statistics
3560,AWS
3560,Python
3560,Tableau
3560,Power BI
3561,Tableau
3561,SQL
3561,Excel
3561,Power BI
3561,MySQL
3561,Statistics
3562,Statistics
3562,Pandas
3562,Data Visualization
3562,Excel
3563,Tableau
3563,Pandas
3563,Machine Learning
3563,ETL
3563,Excel
3563,Power BI
3564,MySQL
3564,Machine Learning
3564,Tableau
3564,Statistics
3564,Pandas
3564,Excel
3564,Power BI
3565,Machine Learning
3565,MySQL
3565,SQL
3565,Excel
3565,AWS
3566,SQL
3566,Python
3566,Statistics
3566,Excel
3567,Python
3567,Power BI
3567,ETL
3567,Tableau
3567,MySQL
3567,Excel
3567,Pandas
3568,Data Visualization
3568,Tableau
3568,Statistics
3568,MySQL
3569,ETL
3569,Excel
3569,Power BI
3569,Data Visualization
3569,SQL
3570,Machine Learning
3570,MySQL
3570,SQL
3570,Excel
3570,Data Visualization
3570,Pandas
3571,Machine Learning
3571,AWS
3571,Excel
3571,Tableau
3572,Statistics
3572,Python
3572,SQL
3572,Tableau
3572,Data Visualization
3572,ETL
3573,MySQL
3573,Tableau
3573,ETL
3573,Machine Learning
3573,AWS
3573,Data Visualization
3573,Excel
3574,Power BI
3574,MySQL
3574,Data Visualization
3574,ETL
3574,Pandas
3574,Machine Learning
3575,AWS
3575,ETL
3575,Statistics
3575,Tableau
3575,Python
3575,Power BI
3576,AWS
3576,Power BI
3576,MySQL
3576,SQL
3576,Python
3576,Data Visualization
3577,Machine Learning
3577,Python
3577,Data Visualization
3577,Tableau
3577,Power BI
3578,Power BI
3578,AWS
3578,Data Visualization
3578,Pandas
3578,SQL
3578,Statistics
3578,Tableau
3579,Statistics
3579,MySQL
3579,Excel
3579,Machine Learning
3579,SQL
3579,Tableau
3579,ETL
3580,MySQL
3580,SQL
3580,Python
3580,ETL
3581,Pandas
3581,Statistics
3581,Excel
3581,AWS
3581,ETL
3581,Tableau
3582,Pandas
3582,Machine Learning
3582,ETL
3582,Power BI
3582,Python
3583,Power BI
3583,SQL
3583,ETL
3583,AWS
3583,Tableau
3583,Excel
3584,Pandas
3584,Statistics
3584,Excel
3584,Tableau
3584,AWS
3585,SQL
3585,Power BI
3585,MySQL
3585,Machine Learning
3585,Python
3585,AWS
3585,Data Visualization
3586,Tableau
3586,Power BI
3586,AWS
3586,MySQL
3586,Machine Learning
3587,Excel
3587,AWS
3587,Statistics
3587,Machine Learning
3587,MySQL
3588,Pandas
3588,Python
3588,AWS
3588,SQL
3589,Tableau
3589,AWS
3589,Machine Learning
3589,ETL
3589,SQL
3590,MySQL
3590,Python
3590,AWS
3590,Statistics
3590,Excel
3591,AWS
3591,ETL
3591,Excel
3591,MySQL
3592,Pandas
3592,Power BI
3592,Excel
3592,ETL
3592,SQL
3592,Machine Learning
3593,Excel
3593,Statistics
3593,Tableau
3593,MySQL
3593,SQL
3594,Statistics
3594,Tableau
3594,SQL
3594,Pandas
3594,Python
3595,AWS
3595,Pandas
3595,Python
3595,ETL
3595,Statistics
3596,Python
3596,Pandas
3596,Excel
3596,Tableau
3596,Power BI
3596,Machine Learning
3597,Machine Learning
3597,Statistics
3597,Python
3597,SQL
3598,AWS
3598,Python
3598,Power BI
3598,Pandas
3598,MySQL
3598,Data Visualization
3599,MySQL
3599,Data Visualization
3599,Power BI
3599,Excel
3599,Tableau
3599,ETL
3599,AWS
3600,MySQL
3600,Statistics
3600,ETL
3600,Data Visualization
3601,ETL
3601,Power BI
3601,Pandas
3601,Statistics
3602,Pandas
3602,MySQL
3602,Tableau
3602,AWS
3602,Python
3602,Power BI
3602,Machine Learning
3603,Excel
3603,Statistics
3603,Power BI
3603,AWS
3603,Tableau
3603,ETL
3603,Python
3604,Python
3604,Power BI
3604,Data Visualization
3604,Machine Learning
3604,AWS
3604,Tableau
3605,Machine Learning
3605,Data Visualization
3605,Tableau
3605,Statistics
3605,ETL
3605,Pandas
3606,Python
3606,Excel
3606,ETL
3606,SQL
3606,Machine Learning
3606,Tableau
3606,Statistics
3607,Pandas
3607,AWS
3607,Machine Learning
3607,Power BI
3607,Tableau
3607,Statistics
3607,ETL
3608,Statistics
3608,Python
3608,ETL
3608,Tableau
3608,Power BI
3608,MySQL
3609,Statistics
3609,SQL
3609,Pandas
3609,Tableau
3609,AWS
3609,Power BI
3610,Data Visualization
3610,Machine Learning
3610,ETL
3610,Power BI
3610,Pandas
3610,Tableau
3611,Excel
3611,Statistics
3611,Power BI
3611,Python
3611,AWS
3612,Python
3612,Pandas
3612,Machine Learning
3612,Statistics
3613,SQL
3613,ETL
3613,Python
3613,Statistics
3613,Data Visualization
3613,Excel
3614,Power BI
3614,ETL
3614,Data Visualization
3614,Statistics
3614,AWS
3614,Machine Learning
3615,Excel
3615,AWS
3615,MySQL
3615,ETL
3615,SQL
3615,Statistics
3615,Data Visualization
3616,Machine Learning
3616,AWS
3616,SQL
3616,MySQL
3616,Statistics
3616,Excel
3617,AWS
3617,Excel
3617,MySQL
3617,SQL
3617,Machine Learning
3618,Tableau
3618,AWS
3618,Data Visualization
3618,Machine Learning
3618,SQL
3618,Statistics
3619,Tableau
3619,Machine Learning
3619,Excel
3619,MySQL
3619,Python
3620,Statistics
3620,Pandas
3620,ETL
3620,SQL
3620,Python
3621,Statistics
3621,Python
3621,Tableau
3621,Machine Learning
3621,ETL
3621,AWS
3621,Pandas
3622,Data Visualization
3622,Machine Learning
3622,Python
3622,AWS
3623,Pandas
3623,Statistics
3623,AWS
3623,ETL
3623,Python
3623,Power BI
3623,Data Visualization
3624,AWS
3624,Pandas
3624,Python
3624,Excel
3624,MySQL
3624,Tableau
3624,Power BI
3625,MySQL
3625,Excel
3625,Python
3625,Data Visualization
3625,Statistics
3626,Machine Learning
3626,Excel
3626,AWS
3626,Statistics
3626,Power BI
3626,Tableau
3626,Data Visualization
3627,Machine Learning
3627,Excel
3627,ETL
3627,Data Visualization
3627,Tableau
3627,Python
3627,AWS
3628,SQL
3628,Excel
3628,AWS
3628,Machine Learning
3628,Python
3628,MySQL
3628,ETL
3629,Tableau
3629,Python
3629,Statistics
3629,Power BI
3629,ETL
3629,Machine Learning
3629,MySQL
3630,Machine Learning
3630,ETL
3630,Statistics
3630,Pandas
3630,Tableau
3630,SQL
3630,MySQL
3631,Tableau
3631,Power BI
3631,Statistics
3631,MySQL
3631,Data Visualization
3631,Python
3632,Machine Learning
3632,Data Visualization
3632,ETL
3632,Excel
3632,Power BI
3633,Machine Learning
3633,Power BI
3633,Excel
3633,Tableau
3634,Power BI
3634,Python
3634,AWS
3634,MySQL
3634,Data Visualization
3635,Excel
3635,MySQL
3635,Pandas
3635,ETL
3635,Statistics
3636,Data Visualization
3636,ETL
3636,Excel
3636,MySQL
3636,Python
3636,Machine Learning
3637,Machine Learning
3637,Pandas
3637,Data Visualization
3637,MySQL
3637,Excel
3637,Power BI
3638,ETL
3638,Tableau
3638,Python
3638,Machine Learning
3638,Excel
3638,Data Visualization
3638,Statistics
3639,MySQL
3639,Tableau
3639,Power BI
3639,Data Visualization
3639,Excel
3639,ETL
3640,SQL
3640,ETL
3640,MySQL
3640,Excel
3640,Data Visualization
3640,Machine Learning
3641,Excel
3641,MySQL
3641,Tableau
3641,Data Visualization
3641,SQL
3642,AWS
3642,ETL
3642,Python
3642,SQL
3642,Data Visualization
3642,Statistics
3643,MySQL
3643,Excel
3643,Tableau
3643,Statistics
3643,Power BI
3644,MySQL
3644,Tableau
3644,Statistics
3644,AWS
3645,SQL
3645,Pandas
3645,Excel
3645,Data Visualization
3645,Python
3646,AWS
3646,ETL
3646,Power BI
3646,MySQL
3646,SQL
3646,Pandas
3646,Statistics
3647,Data Visualization
3647,SQL
3647,Machine Learning
3647,AWS
3647,MySQL
3647,Python
3648,Statistics
3648,Machine Learning
3648,Tableau
3648,AWS
3649,Tableau
3649,AWS
3649,Python
3649,Data Visualization
3649,Machine Learning
3650,Statistics
3650,Machine Learning
3650,Pandas
3650,Python
3651,Machine Learning
3651,SQL
3651,Excel
3651,ETL
3651,Statistics
3652,Excel
3652,Statistics
3652,Python
3652,Power BI
3652,AWS
3653,AWS
3653,ETL
3653,Pandas
3653,Excel
3653,MySQL
3653,Data Visualization
3654,SQL
3654,MySQL
3654,Python
3654,Pandas
3654,AWS
3655,Data Visualization
3655,Statistics
3655,Pandas
3655,AWS
3655,Machine Learning
3656,Tableau
3656,Machine Learning
3656,MySQL
3656,Data Visualization
3656,SQL
3656,Pandas
3657,Power BI
3657,Python
3657,Excel
3657,SQL
3658,Machine Learning
3658,AWS
3658,SQL
3658,Statistics
3659,ETL
3659,Tableau
3659,Pandas
3659,Data Visualization
3660,Excel
3660,Python
3660,Statistics
3660,AWS
3660,Power BI
3660,MySQL
3661,SQL
3661,Tableau
3661,Data Visualization
3661,Excel
3661,Pandas
3661,Power BI
3662,Excel
3662,SQL
3662,Pandas
3662,AWS
3662,Machine Learning
3662,Power BI
3663,Pandas
3663,Excel
3663,Statistics
3663,SQL
3663,Power BI
3664,MySQL
3664,AWS
3664,Statistics
3664,Power BI
3665,Machine Learning
3665,Tableau
3665,Python
3665,Excel
3665,MySQL
3665,SQL
3666,Data Visualization
3666,Machine Learning
3666,Python
3666,Excel
3666,Power BI
3666,MySQL
3666,Statistics
3667,Python
3667,Excel
3667,Data Visualization
3667,Power BI
3667,Machine Learning
3667,Statistics
3667,MySQL
3668,MySQL
3668,SQL
3668,AWS
3668,Statistics
3669,AWS
3669,SQL
3669,Python
3669,ETL
3670,Power BI
3670,AWS
3670,Data Visualization
3670,Tableau
3670,Pandas
3671,ETL
3671,Excel
3671,Power BI
3671,Python
3671,Statistics
3671,Tableau
3672,ETL
3672,Tableau
3672,Python
3672,MySQL
3672,Data Visualization
3673,MySQL
3673,Tableau
3673,SQL
3673,ETL
3673,Machine Learning
3673,Python
3674,MySQL
3674,Data Visualization
3674,Power BI
3674,Tableau
3675,Machine Learning
3675,Pandas
3675,MySQL
3675,Statistics
3675,Excel
3675,ETL
3676,Tableau
3676,MySQL
3676,Data Visualization
3676,AWS
3677,Tableau
3677,MySQL
3677,Pandas
3677,Statistics
3678,Data Visualization
3678,Excel
3678,Python
3678,Power BI
3678,Tableau
3678,MySQL
3678,Statistics
3679,MySQL
3679,Statistics
3679,Data Visualization
3679,Power BI
3680,Pandas
3680,Power BI
3680,Excel
3680,Machine Learning
3681,SQL
3681,Data Visualization
3681,Tableau
3681,Power BI
3682,SQL
3682,Python
3682,Statistics
3682,MySQL
3682,Data Visualization
3682,Excel
3683,ETL
3683,Machine Learning
3683,Data Visualization
3683,Power BI
3683,Python
3683,MySQL
3684,Tableau
3684,SQL
3684,ETL
3684,MySQL
3684,AWS
3685,AWS
3685,Python
3685,Statistics
3685,SQL
3685,Pandas
3686,SQL
3686,Power BI
3686,Machine Learning
3686,MySQL
3686,Tableau
3687,Power BI
3687,AWS
3687,Pandas
3687,Machine Learning
3687,Excel
3687,Data Visualization
3688,Power BI
3688,Python
3688,Excel
3688,Tableau
3688,Data Visualization
3688,MySQL
3688,AWS
3689,Power BI
3689,Tableau
3689,MySQL
3689,SQL
3689,Python
3689,AWS
3690,AWS
3690,ETL
3690,Power BI
3690,MySQL
3690,Pandas
3690,Data Visualization
3691,Machine Learning
3691,Power BI
3691,SQL
3691,Excel
3692,Statistics
3692,MySQL
3692,Pandas
3692,Excel
3693,Power BI
3693,Pandas
3693,ETL
3693,Machine Learning
3693,AWS
3693,Excel
3694,ETL
3694,Power BI
3694,Machine Learning
3694,Python
3694,Pandas
3694,MySQL
3694,Tableau
3695,Machine Learning
3695,Tableau
3695,Statistics
3695,AWS
3695,Power BI
3695,Pandas
3696,AWS
3696,MySQL
3696,Statistics
3696,SQL
3696,Excel
3696,Machine Learning
3696,Power BI
3697,SQL
3697,AWS
3697,Statistics
3697,Python
3697,Tableau
3697,Data Visualization
3697,Machine Learning
3698,Excel
3698,ETL
3698,Pandas
3698,Python
3698,Tableau
3698,SQL
3699,Statistics
3699,Pandas
3699,Python
3699,Power BI
3699,SQL
3700,MySQL
3700,Power BI
3700,Tableau
3700,Data Visualization
3700,Pandas
3701,Excel
3701,AWS
3701,Python
3701,Pandas
3702,Power BI
3702,Statistics
3702,Data Visualization
3702,MySQL
3702,AWS
3702,Pandas
3702,ETL
3703,Data Visualization
3703,Excel
3703,Tableau
3703,ETL
3703,Pandas
3703,SQL
3703,MySQL
3704,Machine Learning
3704,Tableau
3704,Data Visualization
3704,Statistics
3704,Excel
3705,Tableau
3705,SQL
3705,Pandas
3705,Machine Learning
3705,MySQL
3706,Pandas
3706,Python
3706,Tableau
3706,Statistics
3707,AWS
3707,Excel
3707,ETL
3707,Statistics
3707,Power BI
3707,Tableau
3707,Pandas
3708,Tableau
3708,Power BI
3708,Python
3708,AWS
3708,Statistics
3708,Excel
3708,MySQL
3709,Statistics
3709,ETL
3709,Machine Learning
3709,MySQL
3709,Excel
3709,Tableau
3709,Pandas
3710,Data Visualization
3710,AWS
3710,Python
3710,SQL
3711,Tableau
3711,ETL
3711,Excel
3711,Pandas
3711,MySQL
3712,MySQL
3712,AWS
3712,Power BI
3712,Data Visualization
3712,Pandas
3713,Python
3713,AWS
3713,Power BI
3713,ETL
3713,Statistics
3714,MySQL
3714,Statistics
3714,Machine Learning
3714,SQL
3715,ETL
3715,Python
3715,AWS
3715,Pandas
3715,Statistics
3716,Excel
3716,Machine Learning
3716,Tableau
3716,MySQL
3716,Statistics
3716,AWS
3716,Data Visualization
3717,ETL
3717,Power BI
3717,Statistics
3717,Data Visualization
3718,SQL
3718,Data Visualization
3718,Power BI
3718,Excel
3718,Python
3718,AWS
3719,SQL
3719,Statistics
3719,Tableau
3719,ETL
3720,AWS
3720,MySQL
3720,Tableau
3720,Pandas
3720,SQL
3720,Machine Learning
3720,ETL
3721,Tableau
3721,Statistics
3721,SQL
3721,Excel
3721,ETL
3721,Pandas
3722,Data Visualization
3722,Tableau
3722,SQL
3722,AWS
3722,Python
3722,MySQL
3723,Statistics
3723,Excel
3723,AWS
3723,Tableau
3723,Power BI
3724,AWS
3724,Pandas
3724,SQL
3724,ETL
3725,Tableau
3725,MySQL
3725,AWS
3725,SQL
3726,Pandas
3726,Statistics
3726,MySQL
3726,Tableau
3726,Power BI
3727,Data Visualization
3727,Pandas
3727,Tableau
3727,Statistics
3727,Python
3727,SQL
3727,ETL
3728,Pandas
3728,Machine Learning
3728,Power BI
3728,Data Visualization
3728,ETL
3728,Python
3728,SQL
3729,SQL
3729,Machine Learning
3729,Pandas
3729,Excel
3729,MySQL
3730,AWS
3730,Tableau
3730,SQL
3730,Data Visualization
3730,Python
3731,Data Visualization
3731,Excel
3731,Python
3731,Pandas
3731,Machine Learning
3731,ETL
3732,Power BI
3732,Machine Learning
3732,Tableau
3732,Excel
3733,ETL
3733,Excel
3733,Machine Learning
3733,Pandas
3733,Power BI
3734,ETL
3734,Machine Learning
3734,Data Visualization
3734,Power BI
3734,AWS
3735,MySQL
3735,SQL
3735,ETL
3735,Power BI
3735,AWS
3736,MySQL
3736,SQL
3736,Statistics
3736,Data Visualization
3736,Power BI
3737,ETL
3737,Tableau
3737,Pandas
3737,Data Visualization
3737,MySQL
3737,Statistics
3738,MySQL
3738,Excel
3738,Power BI
3738,Data Visualization
3738,AWS
3739,Power BI
3739,MySQL
3739,ETL
3739,Excel
3739,Pandas
3740,MySQL
3740,Machine Learning
3740,Power BI
3740,Excel
3741,Machine Learning
3741,SQL
3741,Excel
3741,Statistics
3741,Python
3741,Pandas
3742,Excel
3742,ETL
3742,SQL
3742,Pandas
3743,Power BI
3743,ETL
3743,MySQL
3743,Pandas
3743,Python
3743,AWS
3744,Power BI
3744,Statistics
3744,AWS
3744,Data Visualization
3745,Excel
3745,Pandas
3745,Machine Learning
3745,Tableau
3745,Power BI
3745,ETL
3745,Python
3746,Excel
3746,MySQL
3746,Power BI
3746,Data Visualization
3746,Statistics
3746,Machine Learning
3746,Tableau
3747,AWS
3747,Machine Learning
3747,ETL
3747,Python
3748,Statistics
3748,ETL
3748,Data Visualization
3748,Excel
3749,AWS
3749,Power BI
3749,Statistics
3749,ETL
3749,SQL
3750,MySQL
3750,Tableau
3750,Statistics
3750,AWS
3750,SQL
3750,Power BI
3750,Excel
3751,Python
3751,AWS
3751,Data Visualization
3751,Statistics
3752,Statistics
3752,AWS
3752,Excel
3752,Pandas
3753,AWS
3753,Python
3753,Pandas
3753,Excel
3754,Tableau
3754,Statistics
3754,SQL
3754,Machine Learning
3754,Data Visualization
3755,Pandas
3755,MySQL
3755,Python
3755,Excel
3755,SQL
3755,Power BI
3756,Excel
3756,Power BI
3756,MySQL
3756,AWS
3756,Statistics
3756,Data Visualization
3757,ETL
3757,Pandas
3757,Power BI
3757,Machine Learning
3757,AWS
3758,Excel
3758,Python
3758,Tableau
3758,Statistics
3759,AWS
3759,SQL
3759,Excel
3759,Python
3759,Data Visualization
3760,SQL
3760,Data Visualization
3760,Excel
3760,AWS
3760,Machine Learning
3760,Power BI
3760,Statistics
3761,ETL
3761,AWS
3761,Excel
3761,Tableau
3761,Python
3761,SQL
3762,Data Visualization
3762,Power BI
3762,Pandas
3762,SQL
3762,ETL
3762,MySQL
3763,Power BI
3763,Excel
3763,Data Visualization
3763,Machine Learning
3763,Statistics
3764,AWS
3764,SQL
3764,Statistics
3764,Machine Learning
3765,Pandas
3765,Data Visualization
3765,Excel
3765,SQL
3765,Statistics
3765,MySQL
3766,Excel
3766,ETL
3766,Machine Learning
3766,MySQL
3766,Data Visualization
3766,SQL
3767,Tableau
3767,Power BI
3767,Python
3767,Excel
3767,Statistics
3767,Pandas
3768,ETL
3768,Tableau
3768,Statistics
3768,Power BI
3768,Excel
3768,AWS
3768,Machine Learning
3769,Statistics
3769,MySQL
3769,SQL
3769,Excel
3770,Excel
3770,Tableau
3770,Power BI
3770,ETL
3770,MySQL
3771,AWS
3771,MySQL
3771,Machine Learning
3771,Data Visualization
3771,Excel
3772,Pandas
3772,Excel
3772,Data Visualization
3772,Tableau
3773,ETL
3773,Pandas
3773,Power BI
3773,MySQL
3773,Tableau
3774,Python
3774,Data Visualization
3774,Statistics
3774,Pandas
3774,Tableau
3774,ETL
3775,Tableau
3775,AWS
3775,Power BI
3775,Statistics
3775,Machine Learning
3775,Python
3775,Pandas
3776,Excel
3776,Python
3776,MySQL
3776,Statistics
3776,Tableau
3776,Machine Learning
3776,ETL
3777,SQL
3777,AWS
3777,Pandas
3777,Power BI
3777,ETL
3777,Machine Learning
3777,MySQL
3778,SQL
3778,Machine Learning
3778,Power BI
3778,Data Visualization
3778,Python
3778,AWS
3779,AWS
3779,Power BI
3779,Python
3779,Excel
3779,ETL
3779,Machine Learning
3780,Pandas
3780,Tableau
3780,Statistics
3780,ETL
3780,Excel
3781,Python
3781,SQL
3781,Excel
3781,Data Visualization
3781,Machine Learning
3781,MySQL
3781,Power BI
3782,SQL
3782,Statistics
3782,Data Visualization
3782,Pandas
3782,Python
3782,AWS
3783,Tableau
3783,Power BI
3783,Pandas
3783,AWS
3784,SQL
3784,Statistics
3784,Data Visualization
3784,AWS
3785,Machine Learning
3785,SQL
3785,ETL
3785,Power BI
3785,AWS
3786,Tableau
3786,Python
3786,Excel
3786,SQL
3786,MySQL
3786,Statistics
3787,Machine Learning
3787,MySQL
3787,Power BI
3787,Python
3787,SQL
3787,Tableau
3788,Machine Learning
3788,MySQL
3788,Pandas
3788,SQL
3788,ETL
3789,ETL
3789,AWS
3789,Tableau
3789,Python
3789,Pandas
3789,Data Visualization
3790,ETL
3790,Data Visualization
3790,Power BI
3790,Tableau
3790,MySQL
3790,Pandas
3791,Power BI
3791,Excel
3791,Python
3791,Data Visualization
3791,ETL
3792,Tableau
3792,Python
3792,Power BI
3792,Data Visualization
3792,AWS
3792,ETL
3792,Excel
3793,Machine Learning
3793,Power BI
3793,ETL
3793,Statistics
3793,Tableau
3793,Data Visualization
3793,Python
3794,Data Visualization
3794,Tableau
3794,Machine Learning
3794,Pandas
3795,Tableau
3795,SQL
3795,Python
3795,AWS
3795,Power BI
3795,Excel
3795,Statistics
3796,Power BI
3796,Statistics
3796,Python
3796,Tableau
3797,Machine Learning
3797,Power BI
3797,MySQL
3797,Excel
3797,Tableau
3797,Statistics
3798,Pandas
3798,Data Visualization
3798,Machine Learning
3798,Excel
3798,Statistics
3798,Python
3799,Data Visualization
3799,Pandas
3799,Tableau
3799,Machine Learning
3799,SQL
3799,Python
3799,Power BI
3800,Statistics
3800,AWS
3800,SQL
3800,Machine Learning
3800,ETL
3800,Python
3801,Tableau
3801,Excel
3801,Power BI
3801,Python
3801,ETL
3802,Statistics
3802,Power BI
3802,SQL
3802,Excel
3803,Data Visualization
3803,Python
3803,Pandas
3803,SQL
3803,AWS
3804,ETL
3804,MySQL
3804,Tableau
3804,AWS
3804,Statistics
3805,Tableau
3805,Statistics
3805,Pandas
3805,SQL
3806,Excel
3806,Machine Learning
3806,SQL
3806,Tableau
3806,Power BI
3806,ETL
3807,Statistics
3807,AWS
3807,Pandas
3807,Python
3808,Tableau
3808,Machine Learning
3808,AWS
3808,Python
3808,Pandas
3808,Statistics
3808,ETL
3809,Data Visualization
3809,Pandas
3809,Excel
3809,MySQL
3810,SQL
3810,Excel
3810,Data Visualization
3810,Machine Learning
3811,ETL
3811,Data Visualization
3811,Machine Learning
3811,MySQL
3811,Python
3811,Excel
3812,Tableau
3812,Power BI
3812,Excel
3812,Pandas
3812,Data Visualization
3812,Python
3812,Statistics
3813,Data Visualization
3813,Statistics
3813,ETL
3813,Excel
3813,MySQL
3813,SQL
3814,Tableau
3814,Machine Learning
3814,Pandas
3814,SQL
3814,AWS
3814,Python
3814,Power BI
3815,Pandas
3815,Machine Learning
3815,SQL
3815,Tableau
3815,Python
3815,MySQL
3816,Statistics
3816,Python
3816,AWS
3816,Data Visualization
3816,Excel
3817,Pandas
3817,Excel
3817,Power BI
3817,Data Visualization
3817,ETL
3818,Excel
3818,Power BI
3818,Machine Learning
3818,Statistics
3818,Pandas
3819,SQL
3819,AWS
3819,MySQL
3819,Power BI
3819,Excel
3819,Statistics
3820,Power BI
3820,Pandas
3820,Data Visualization
3820,Excel
3821,Power BI
3821,SQL
3821,Machine Learning
3821,Excel
3821,AWS
3821,Tableau
3821,MySQL
3822,Python
3822,Statistics
3822,SQL
3822,Excel
3822,Pandas
3823,Excel
3823,Data Visualization
3823,Machine Learning
3823,SQL
3823,ETL
3824,SQL
3824,AWS
3824,Statistics
3824,Tableau
3825,Statistics
3825,Machine Learning
3825,Power BI
3825,ETL
3825,AWS
3825,Python
3825,MySQL
3826,Excel
3826,Machine Learning
3826,Statistics
3826,AWS
3826,Python
3827,Power BI
3827,Python
3827,SQL
3827,Statistics
3828,Machine Learning
3828,Tableau
3828,SQL
3828,Pandas
3829,SQL
3829,ETL
3829,Machine Learning
3829,AWS
3829,Statistics
3830,Tableau
3830,Data Visualization
3830,SQL
3830,Power BI
3830,MySQL
3831,Python
3831,AWS
3831,Data Visualization
3831,Machine Learning
3831,Pandas
3832,Statistics
3832,Pandas
3832,AWS
3832,Tableau
3832,Machine Learning
3832,ETL
3833,Data Visualization
3833,ETL
3833,Power BI
3833,SQL
3833,AWS
3833,Pandas
3833,Machine Learning
3834,Python
3834,Machine Learning
3834,Statistics
3834,ETL
3835,AWS
3835,Power BI
3835,ETL
3835,Excel
3835,Data Visualization
3835,MySQL
3835,Statistics
3836,MySQL
3836,Tableau
3836,SQL
3836,Power BI
3837,Excel
3837,Tableau
3837,Statistics
3837,Data Visualization
3838,MySQL
3838,ETL
3838,Excel
3838,Machine Learning
3839,Pandas
3839,Python
3839,Tableau
3839,Machine Learning
3839,ETL
3840,Statistics
3840,Power BI
3840,ETL
3840,Excel
3840,Data Visualization
3840,Pandas
3840,Tableau
3841,Data Visualization
3841,ETL
3841,MySQL
3841,Machine Learning
3841,Tableau
3841,Python
3842,Pandas
3842,Power BI
3842,Statistics
3842,Excel
3842,MySQL
3843,Python
3843,SQL
3843,Power BI
3843,AWS
3843,Machine Learning
3843,Tableau
3843,Data Visualization
3844,Pandas
3844,ETL
3844,Python
3844,Power BI
3845,AWS
3845,Statistics
3845,Power BI
3845,Excel
3845,Data Visualization
3845,Pandas
3846,SQL
3846,AWS
3846,Python
3846,Data Visualization
3847,MySQL
3847,Power BI
3847,Tableau
3847,Data Visualization
3847,SQL
3847,Excel
3848,ETL
3848,Python
3848,Data Visualization
3848,Pandas
3848,Tableau
3849,Statistics
3849,Machine Learning
3849,Excel
3849,Pandas
3850,Data Visualization
3850,MySQL
3850,AWS
3850,Excel
3850,ETL
3850,Tableau
3850,Pandas
3851,Statistics
3851,ETL
3851,Machine Learning
3851,Python
3852,SQL
3852,Pandas
3852,Python
3852,AWS
3853,Power BI
3853,MySQL
3853,Data Visualization
3853,ETL
3853,SQL
3853,Excel
3854,Power BI
3854,AWS
3854,Excel
3854,Machine Learning
3855,Power BI
3855,Data Visualization
3855,ETL
3855,Excel
3855,AWS
3855,SQL
3855,Python
3856,Power BI
3856,Excel
3856,MySQL
3856,ETL
3857,AWS
3857,Statistics
3857,Machine Learning
3857,Data Visualization
3857,Python
3858,Machine Learning
3858,Data Visualization
3858,SQL
3858,MySQL
3858,Statistics
3859,Pandas
3859,Tableau
3859,Data Visualization
3859,Python
3859,ETL
3859,Statistics
3860,MySQL
3860,Machine Learning
3860,ETL
3860,Excel
3860,Power BI
3860,SQL
3860,Tableau
3861,MySQL
3861,Pandas
3861,Data Visualization
3861,AWS
3861,SQL
3862,SQL
3862,Pandas
3862,Data Visualization
3862,Tableau
3862,MySQL
3862,Power BI
3863,Machine Learning
3863,MySQL
3863,ETL
3863,Tableau
3863,Statistics
3864,Tableau
3864,Excel
3864,Pandas
3864,Data Visualization
3864,MySQL
3864,Python
3864,Machine Learning
3865,ETL
3865,Data Visualization
3865,MySQL
3865,Python
3866,Pandas
3866,Tableau
3866,SQL
3866,AWS
3867,AWS
3867,SQL
3867,MySQL
3867,Statistics
3867,Machine Learning
3868,ETL
3868,Power BI
3868,Machine Learning
3868,Python
3869,Excel
3869,Statistics
3869,ETL
3869,MySQL
3869,Pandas
3869,AWS
3870,Data Visualization
3870,MySQL
3870,Statistics
3870,Python
3871,Pandas
3871,Machine Learning
3871,Power BI
3871,Statistics
3872,MySQL
3872,Data Visualization
3872,Power BI
3872,Tableau
3872,Python
3873,AWS
3873,ETL
3873,Machine Learning
3873,SQL
3874,Pandas
3874,ETL
3874,Statistics
3874,Tableau
3874,AWS
3874,Data Visualization
3875,Pandas
3875,Python
3875,SQL
3875,Machine Learning
3875,Statistics
3875,Tableau
3875,Power BI
3876,ETL
3876,Python
3876,Data Visualization
3876,Power BI
3876,Pandas
3876,Tableau
3876,MySQL
3877,Python
3877,MySQL
3877,Power BI
3877,Machine Learning
3877,Tableau
3878,MySQL
3878,Statistics
3878,Excel
3878,SQL
3878,Power BI
3879,Statistics
3879,Excel
3879,Power BI
3879,AWS
3880,Tableau
3880,ETL
3880,AWS
3880,Power BI
3880,Excel
3880,Statistics
3881,ETL
3881,Excel
3881,Tableau
3881,Pandas
3881,Python
3881,Statistics
3881,MySQL
3882,Statistics
3882,ETL
3882,Data Visualization
3882,Machine Learning
3883,MySQL
3883,Statistics
3883,Machine Learning
3883,Python
3883,Power BI
3883,AWS
3884,Tableau
3884,Pandas
3884,SQL
3884,ETL
3884,Power BI
3884,Machine Learning
3885,SQL
3885,Power BI
3885,MySQL
3885,Data Visualization
3885,AWS
3885,ETL
3886,SQL
3886,ETL
3886,Statistics
3886,Excel
3886,Power BI
3886,MySQL
3887,MySQL
3887,Power BI
3887,AWS
3887,Tableau
3888,Python
3888,Pandas
3888,ETL
3888,AWS
3888,Excel
3889,AWS
3889,MySQL
3889,Machine Learning
3889,Power BI
3889,Python
3889,SQL
3889,Statistics
3890,ETL
3890,Statistics
3890,Data Visualization
3890,Machine Learning
3890,AWS
3891,Data Visualization
3891,SQL
3891,Pandas
3891,AWS
3891,Statistics
3892,Tableau
3892,Excel
3892,Power BI
3892,Data Visualization
3892,Statistics
3893,Statistics
3893,Power BI
3893,MySQL
3893,ETL
3893,Pandas
3894,Statistics
3894,Excel
3894,Tableau
3894,Pandas
3895,Pandas
3895,ETL
3895,SQL
3895,Tableau
3895,MySQL
3896,Machine Learning
3896,MySQL
3896,Pandas
3896,Statistics
3896,AWS
3897,Statistics
3897,Power BI
3897,ETL
3897,Pandas
3897,Python
3898,MySQL
3898,ETL
3898,Pandas
3898,Python
3898,Power BI
3898,Statistics
3899,Tableau
3899,ETL
3899,MySQL
3899,AWS
3899,SQL
3899,Machine Learning
3899,Pandas
3900,Machine Learning
3900,AWS
3900,Statistics
3900,Excel
3900,Tableau
3900,MySQL
3900,ETL
3901,Tableau
3901,Excel
3901,Python
3901,Data Visualization
3901,Pandas
3901,Statistics
3901,MySQL
3902,AWS
3902,Pandas
3902,Python
3902,MySQL
3902,Statistics
3902,SQL
3903,Pandas
3903,Data Visualization
3903,Python
3903,Excel
3903,Machine Learning
3904,Data Visualization
3904,ETL
3904,Machine Learning
3904,SQL
3904,Python
3904,MySQL
3904,Power BI
3905,SQL
3905,AWS
3905,Machine Learning
3905,Excel
3905,Tableau
3905,ETL
3905,MySQL
3906,Tableau
3906,Power BI
3906,ETL
3906,Pandas
3906,MySQL
3906,Data Visualization
3907,Tableau
3907,MySQL
3907,Data Visualization
3907,ETL
3907,Excel
3907,Pandas
3907,Statistics
3908,Pandas
3908,ETL
3908,Data Visualization
3908,SQL
3908,Statistics
3908,Python
3909,MySQL
3909,Data Visualization
3909,Excel
3909,AWS
3909,Statistics
3909,Power BI
3909,Python
3910,Power BI
3910,Statistics
3910,Tableau
3910,Excel
3910,Python
3910,SQL
3911,Excel
3911,Data Visualization
3911,Pandas
3911,MySQL
3911,Tableau
3912,Data Visualization
3912,Pandas
3912,Power BI
3912,MySQL
3913,Machine Learning
3913,Power BI
3913,Excel
3913,Pandas
3914,Tableau
3914,ETL
3914,Data Visualization
3914,MySQL
3914,Pandas
3914,Excel
3915,Tableau
3915,MySQL
3915,Pandas
3915,Machine Learning
3915,Data Visualization
3916,AWS
3916,ETL
3916,Python
3916,Statistics
3916,Data Visualization
3916,Pandas
3916,Excel
3917,Excel
3917,AWS
3917,Data Visualization
3917,SQL
3917,Statistics
3918,ETL
3918,Python
3918,Pandas
3918,AWS
3918,SQL
3919,AWS
3919,Pandas
3919,Machine Learning
3919,SQL
3919,ETL
3920,SQL
3920,Tableau
3920,Machine Learning
3920,Statistics
3921,Data Visualization
3921,AWS
3921,Machine Learning
3921,Python
3921,Pandas
3921,MySQL
3921,ETL
3922,Pandas
3922,Machine Learning
3922,AWS
3922,SQL
3922,Power BI
3922,ETL
3923,Pandas
3923,Python
3923,Machine Learning
3923,ETL
3924,Statistics
3924,Excel
3924,MySQL
3924,SQL
3925,Python
3925,Statistics
3925,AWS
3925,Pandas
3925,Machine Learning
3926,Python
3926,Data Visualization
3926,Statistics
3926,SQL
3927,Power BI
3927,Tableau
3927,MySQL
3927,SQL
3928,Python
3928,Machine Learning
3928,Tableau
3928,Excel
3929,Power BI
3929,AWS
3929,Excel
3929,Data Visualization
3930,MySQL
3930,AWS
3930,Excel
3930,Pandas
3930,Statistics
3930,Data Visualization
3931,Statistics
3931,Tableau
3931,MySQL
3931,Machine Learning
3931,Python
3932,Pandas
3932,Power BI
3932,AWS
3932,SQL
3932,Excel
3932,MySQL
3933,AWS
3933,MySQL
3933,Excel
3933,Power BI
3934,Machine Learning
3934,Statistics
3934,Python
3934,MySQL
3934,Tableau
3935,SQL
3935,Python
3935,Excel
3935,Pandas
3936,SQL
3936,ETL
3936,Machine Learning
3936,Data Visualization
3936,Pandas
3937,ETL
3937,MySQL
3937,Machine Learning
3937,Statistics
3938,Machine Learning
3938,Pandas
3938,SQL
3938,Python
3938,Tableau
3939,MySQL
3939,SQL
3939,Pandas
3939,Power BI
3940,Statistics
3940,Python
3940,Power BI
3940,Excel
3940,Machine Learning
3940,SQL
3941,SQL
3941,Power BI
3941,Excel
3941,Machine Learning
3941,AWS
3941,MySQL
3942,SQL
3942,Machine Learning
3942,Power BI
3942,Tableau
3943,MySQL
3943,Tableau
3943,Python
3943,Pandas
3943,ETL
3943,SQL
3943,Power BI
3944,Data Visualization
3944,Excel
3944,Pandas
3944,ETL
3944,MySQL
3944,AWS
3945,Pandas
3945,Python
3945,AWS
3945,Power BI
3945,Data Visualization
3945,Machine Learning
3945,SQL
3946,ETL
3946,Data Visualization
3946,Pandas
3946,AWS
3946,MySQL
3946,Excel
3946,Power BI
3947,SQL
3947,Excel
3947,Pandas
3947,Machine Learning
3947,Tableau
3948,Python
3948,Pandas
3948,Machine Learning
3948,Excel
3948,AWS
3948,Statistics
3948,Data Visualization
3949,Python
3949,Power BI
3949,Tableau
3949,SQL
3950,SQL
3950,Pandas
3950,Python
3950,ETL
3951,Pandas
3951,ETL
3951,Tableau
3951,Statistics
3951,SQL
3951,MySQL
3951,Excel
3952,Python
3952,Excel
3952,Pandas
3952,Tableau
3952,AWS
3952,Statistics
3953,MySQL
3953,Pandas
3953,AWS
3953,ETL
3953,Data Visualization
3953,Python
3953,Machine Learning
3954,Python
3954,SQL
3954,Statistics
3954,Tableau
3954,MySQL
3954,AWS
3954,Machine Learning
3955,Power BI
3955,MySQL
3955,Excel
3955,Data Visualization
3956,Excel
3956,AWS
3956,Machine Learning
3956,MySQL
3956,Statistics
3956,ETL
3957,Pandas
3957,SQL
3957,Tableau
3957,Statistics
3957,Power BI
3958,Machine Learning
3958,Tableau
3958,SQL
3958,ETL
3958,Data Visualization
3958,MySQL
3959,Power BI
3959,Statistics
3959,ETL
3959,Excel
3959,SQL
3959,Machine Learning
3960,Data Visualization
3960,ETL
3960,Power BI
3960,MySQL
3960,Machine Learning
3960,Excel
3960,SQL
3961,ETL
3961,SQL
3961,MySQL
3961,Statistics
3961,Power BI
3961,Python
3961,Tableau
3962,Python
3962,Power BI
3962,ETL
3962,Data Visualization
3963,Excel
3963,Data Visualization
3963,Pandas
3963,Machine Learning
3963,ETL
3963,MySQL
3963,Power BI
3964,ETL
3964,Data Visualization
3964,Excel
3964,Machine Learning
3964,AWS
3964,SQL
3965,Power BI
3965,AWS
3965,SQL
3965,Python
3965,Pandas
3966,Excel
3966,Machine Learning
3966,AWS
3966,Power BI
3966,SQL
3966,Python
3966,Statistics
3967,ETL
3967,Power BI
3967,SQL
3967,Excel
3967,MySQL
3967,Data Visualization
3967,AWS
3968,Python
3968,AWS
3968,Pandas
3968,MySQL
3968,Power BI
3968,ETL
3968,SQL
3969,ETL
3969,Statistics
3969,AWS
3969,MySQL
3969,Machine Learning
3969,Python
3970,Power BI
3970,Excel
3970,Python
3970,MySQL
3970,Data Visualization
3970,Machine Learning
3971,Tableau
3971,MySQL
3971,Data Visualization
3971,Machine Learning
3971,Power BI
3972,Power BI
3972,Data Visualization
3972,AWS
3972,SQL
3972,Tableau
3972,Machine Learning
3972,Statistics
3973,MySQL
3973,Power BI
3973,Excel
3973,Statistics
3973,Pandas
3974,Python
3974,ETL
3974,MySQL
3974,Power BI
3974,Statistics
3974,Machine Learning
3975,SQL
3975,Python
3975,MySQL
3975,Power BI
3975,AWS
3975,Data Visualization
3975,Pandas
3976,Statistics
3976,Machine Learning
3976,AWS
3976,Python
3976,Data Visualization
3976,Excel
3976,Tableau
3977,Machine Learning
3977,Statistics
3977,Tableau
3977,Data Visualization
3977,Excel
3978,Statistics
3978,AWS
3978,Python
3978,Excel
3979,AWS
3979,Power BI
3979,Machine Learning
3979,Statistics
3979,Excel
3979,Tableau
3979,Pandas
3980,Excel
3980,Tableau
3980,Statistics
3980,Power BI
3981,Power BI
3981,Pandas
3981,AWS
3981,MySQL
3981,Statistics
3981,ETL
3981,Tableau
3982,Python
3982,Machine Learning
3982,MySQL
3982,SQL
3982,Pandas
3983,Tableau
3983,ETL
3983,Python
3983,SQL
3983,Statistics
3983,MySQL
3983,Excel
3984,Statistics
3984,Python
3984,Tableau
3984,Machine Learning
3984,Data Visualization
3985,Tableau
3985,AWS
3985,Excel
3985,MySQL
3985,Python
3986,Statistics
3986,ETL
3986,MySQL
3986,Python
3987,SQL
3987,Pandas
3987,Power BI
3987,AWS
3988,Machine Learning
3988,Data Visualization
3988,Statistics
3988,Pandas
3988,Tableau
3989,MySQL
3989,ETL
3989,Data Visualization
3989,Power BI
3989,Python
3990,Machine Learning
3990,Data Visualization
3990,MySQL
3990,Excel
3991,Machine Learning
3991,SQL
3991,AWS
3991,Power BI
3992,Python
3992,SQL
3992,Machine Learning
3992,Power BI
3992,Statistics
3993,Tableau
3993,Data Visualization
3993,Statistics
3993,ETL
3993,Pandas
3993,Excel
3994,AWS
3994,Statistics
3994,Power BI
3994,Machine Learning
3994,Excel
3994,Python
3995,Data Visualization
3995,Tableau
3995,MySQL
3995,Excel
3996,Power BI
3996,AWS
3996,Machine Learning
3996,SQL
3996,MySQL
3996,Pandas
3997,Python
3997,Tableau
3997,MySQL
3997,Excel
3997,Power BI
3998,Tableau
3998,SQL
3998,MySQL
3998,Data Visualization
3999,Tableau
3999,MySQL
3999,SQL
3999,Pandas
3999,Excel
4000,SQL
4000,Python
4000,Pandas
4000,Tableau
4001,Power BI
4001,MySQL
4001,ETL
4001,SQL
4002,Tableau
4002,Power BI
4002,SQL
4002,Machine Learning
4002,ETL
4002,MySQL
4002,Data Visualization
4003,Pandas
4003,Machine Learning
4003,Tableau
4003,Excel
4003,Statistics
4003,ETL
4004,Pandas
4004,SQL
4004,Power BI
4004,Excel
4005,Data Visualization
4005,SQL
4005,AWS
4005,Machine Learning
4005,ETL
4005,MySQL
4005,Excel
4006,Power BI
4006,Tableau
4006,Excel
4006,Machine Learning
4006,AWS
4006,SQL
4006,Data Visualization
4007,Excel
4007,Power BI
4007,Data Visualization
4007,Statistics
4008,Power BI
4008,Pandas
4008,MySQL
4008,Statistics
4008,Python
4008,AWS
4008,SQL
4009,SQL
4009,Machine Learning
4009,Pandas
4009,Python
4009,Data Visualization
4010,Python
4010,Machine Learning
4010,Tableau
4010,Power BI
4010,Excel
4010,AWS
4010,Pandas
4011,AWS
4011,Power BI
4011,Data Visualization
4011,Pandas
4012,SQL
4012,Power BI
4012,Statistics
4012,Data Visualization
4012,Python
4012,AWS
4012,Machine Learning
4013,Tableau
4013,MySQL
4013,Statistics
4013,Power BI
4013,Python
4013,Data Visualization
4014,Data Visualization
4014,AWS
4014,SQL
4014,Pandas
4014,Python
4015,Data Visualization
4015,AWS
4015,Machine Learning
4015,ETL
4015,Pandas
4015,Excel
4015,Statistics
4016,ETL
4016,MySQL
4016,Statistics
4016,Excel
4016,Machine Learning
4016,Python
4017,Python
4017,Tableau
4017,Excel
4017,Power BI
4017,ETL
4017,SQL
4017,Machine Learning
4018,AWS
4018,ETL
4018,Pandas
4018,Data Visualization
4019,Data Visualization
4019,Statistics
4019,SQL
4019,Excel
4019,Tableau
4019,AWS
4019,Pandas
4020,AWS
4020,ETL
4020,Tableau
4020,Pandas
4020,SQL
4020,Python
4021,AWS
4021,Machine Learning
4021,ETL
4021,SQL
4022,Power BI
4022,ETL
4022,Pandas
4022,Excel
4022,Data Visualization
4022,SQL
4022,AWS
4023,ETL
4023,Excel
4023,Statistics
4023,Power BI
4023,Python
4023,MySQL
4023,AWS
4024,ETL
4024,Statistics
4024,Pandas
4024,MySQL
4024,SQL
4025,Machine Learning
4025,ETL
4025,AWS
4025,Tableau
4025,Python
4025,Statistics
4026,ETL
4026,MySQL
4026,Statistics
4026,Data Visualization
4026,Tableau
4026,Python
4026,Power BI
4027,Data Visualization
4027,ETL
4027,Excel
4027,Machine Learning
4027,Tableau
4027,Pandas
4028,Power BI
4028,Tableau
4028,AWS
4028,MySQL
4028,Machine Learning
4029,Pandas
4029,AWS
4029,MySQL
4029,Data Visualization
4029,Statistics
4030,Statistics
4030,Data Visualization
4030,SQL
4030,Power BI
4030,Excel
4030,Python
4031,AWS
4031,Data Visualization
4031,Machine Learning
4031,MySQL
4031,SQL
4031,Power BI
4032,Machine Learning
4032,Pandas
4032,Tableau
4032,Excel
4032,AWS
4032,Python
4033,Python
4033,Pandas
4033,MySQL
4033,Tableau
4033,Excel
4033,ETL
4034,AWS
4034,Statistics
4034,Data Visualization
4034,MySQL
4034,Tableau
4034,Python
4035,MySQL
4035,Tableau
4035,Data Visualization
4035,Excel
4035,Machine Learning
4036,Pandas
4036,Statistics
4036,Data Visualization
4036,Excel
4036,Python
4036,Machine Learning
4036,ETL
4037,MySQL
4037,AWS
4037,Python
4037,Data Visualization
4037,Machine Learning
4037,Pandas
4037,Statistics
4038,Pandas
4038,SQL
4038,MySQL
4038,Tableau
4038,ETL
4038,Data Visualization
4039,Tableau
4039,Python
4039,Pandas
4039,Statistics
4040,MySQL
4040,Excel
4040,Machine Learning
4040,Pandas
4041,AWS
4041,Pandas
4041,Tableau
4041,Excel
4041,ETL
4041,Machine Learning
4042,Statistics
4042,Power BI
4042,AWS
4042,Data Visualization
4042,Python
4042,Pandas
4043,Power BI
4043,Tableau
4043,MySQL
4043,Pandas
4043,Excel
4044,Excel
4044,Statistics
4044,Python
4044,Tableau
4045,MySQL
4045,Python
4045,Tableau
4045,ETL
4046,MySQL
4046,Machine Learning
4046,Statistics
4046,Excel
4046,Data Visualization
4047,AWS
4047,Data Visualization
4047,MySQL
4047,SQL
4047,Machine Learning
4047,ETL
4048,ETL
4048,Power BI
4048,Data Visualization
4048,MySQL
4048,Pandas
4048,Python
4048,Statistics
4049,Excel
4049,SQL
4049,Data Visualization
4049,Tableau
4049,AWS
4049,Statistics
4049,Power BI
4050,Statistics
4050,Tableau
4050,ETL
4050,MySQL
4051,AWS
4051,Data Visualization
4051,MySQL
4051,Pandas
4052,AWS
4052,Excel
4052,Tableau
4052,SQL
4052,Data Visualization
4052,MySQL
4053,MySQL
4053,Power BI
4053,Machine Learning
4053,AWS
4053,Tableau
4054,Machine Learning
4054,Data Visualization
4054,Power BI
4054,MySQL
4054,Excel
4055,ETL
4055,Statistics
4055,Tableau
4055,Data Visualization
4055,Power BI
4056,Data Visualization
4056,Statistics
4056,SQL
4056,Power BI
4056,Excel
4056,Tableau
4057,Excel
4057,ETL
4057,Python
4057,Pandas
4058,Power BI
4058,ETL
4058,Machine Learning
4058,AWS
4059,Excel
4059,AWS
4059,Python
4059,Statistics
4060,Excel
4060,Tableau
4060,Statistics
4060,MySQL
4060,AWS
4060,Power BI
4061,Pandas
4061,Python
4061,Machine Learning
4061,ETL
4061,AWS
4061,Tableau
4062,SQL
4062,MySQL
4062,Machine Learning
4062,Data Visualization
4062,ETL
4062,Python
4062,AWS
4063,Python
4063,SQL
4063,Machine Learning
4063,Excel
4063,Tableau
4064,Excel
4064,Pandas
4064,Power BI
4064,Tableau
4064,Machine Learning
4064,Data Visualization
4064,ETL
4065,AWS
4065,Power BI
4065,ETL
4065,Python
4066,Statistics
4066,Data Visualization
4066,Tableau
4066,Python
4067,MySQL
4067,Power BI
4067,Tableau
4067,Pandas
4068,Pandas
4068,Tableau
4068,Python
4068,AWS
4068,Machine Learning
4068,Data Visualization
4068,Statistics
4069,Pandas
4069,Data Visualization
4069,Machine Learning
4069,Statistics
4069,ETL
4069,SQL
4070,Pandas
4070,Statistics
4070,Tableau
4070,Machine Learning
4070,AWS
4071,Machine Learning
4071,MySQL
4071,Pandas
4071,Data Visualization
4071,Python
4072,SQL
4072,ETL
4072,Python
4072,Excel
4072,MySQL
4073,Statistics
4073,Excel
4073,Pandas
4073,SQL
4073,Python
4073,Power BI
4073,Machine Learning
4074,Tableau
4074,AWS
4074,Data Visualization
4074,Pandas
4074,MySQL
4074,ETL
4075,Excel
4075,Tableau
4075,Python
4075,Data Visualization
4075,Pandas
4075,SQL
4075,MySQL
4076,ETL
4076,SQL
4076,MySQL
4076,Statistics
4076,Python
4076,Data Visualization
4076,AWS
4077,Python
4077,Data Visualization
4077,SQL
4077,Statistics
4077,Pandas
4078,SQL
4078,Statistics
4078,Power BI
4078,Excel
4078,Data Visualization
4078,ETL
4078,Machine Learning
4079,Python
4079,Power BI
4079,Excel
4079,ETL
4079,SQL
4079,AWS
4079,Statistics
4080,MySQL
4080,Statistics
4080,Data Visualization
4080,AWS
4081,Python
4081,MySQL
4081,Data Visualization
4081,SQL
4081,ETL
4082,ETL
4082,SQL
4082,MySQL
4082,Data Visualization
4083,SQL
4083,ETL
4083,Python
4083,Data Visualization
4083,AWS
4084,MySQL
4084,Power BI
4084,Statistics
4084,SQL
4084,Pandas
4084,Tableau
4084,Data Visualization
4085,Power BI
4085,Statistics
4085,MySQL
4085,Excel
4085,Tableau
4085,Pandas
4085,ETL
4086,AWS
4086,Machine Learning
4086,SQL
4086,Power BI
4086,ETL
4086,MySQL
4087,Tableau
4087,SQL
4087,Pandas
4087,MySQL
4088,MySQL
4088,Power BI
4088,Tableau
4088,Pandas
4088,Data Visualization
4088,AWS
4089,Tableau
4089,SQL
4089,ETL
4089,Statistics
4090,Tableau
4090,Machine Learning
4090,Data Visualization
4090,Power BI
4090,MySQL
4090,ETL
4090,Python
4091,Tableau
4091,AWS
4091,MySQL
4091,SQL
4091,Statistics
4091,Power BI
4091,ETL
4092,Statistics
4092,SQL
4092,Tableau
4092,AWS
4092,Data Visualization
4092,Python
4093,Statistics
4093,Excel
4093,Tableau
4093,AWS
4093,Machine Learning
4093,SQL
4094,Machine Learning
4094,AWS
4094,Pandas
4094,Tableau
4094,SQL
4094,Excel
4095,Excel
4095,Power BI
4095,ETL
4095,Tableau
4095,Pandas
4096,Pandas
4096,SQL
4096,MySQL
4096,Data Visualization
4097,Python
4097,SQL
4097,Power BI
4097,Pandas
4097,ETL
4098,Tableau
4098,Data Visualization
4098,Python
4098,SQL
4098,Pandas
4098,Machine Learning
4098,AWS
4099,Pandas
4099,Power BI
4099,Statistics
4099,SQL
4099,ETL
4099,Machine Learning
4099,MySQL
4100,Python
4100,ETL
4100,Data Visualization
4100,AWS
4100,Statistics
4100,Pandas
4100,MySQL
4101,AWS
4101,Data Visualization
4101,Pandas
4101,SQL
4101,MySQL
4102,Machine Learning
4102,Excel
4102,ETL
4102,Tableau
4102,SQL
4103,Python
4103,AWS
4103,SQL
4103,Pandas
4103,Data Visualization
4103,ETL
4104,Python
4104,Excel
4104,MySQL
4104,Data Visualization
4104,Machine Learning
4105,Power BI
4105,AWS
4105,Pandas
4105,Python
4106,Python
4106,SQL
4106,ETL
4106,Machine Learning
4106,Statistics
4106,Power BI
4106,Pandas
4107,Python
4107,Machine Learning
4107,SQL
4107,ETL
4107,Data Visualization
4107,Excel
4108,Python
4108,ETL
4108,SQL
4108,Tableau
4108,Data Visualization
4108,Machine Learning
4109,ETL
4109,AWS
4109,Python
4109,Tableau
4110,AWS
4110,Excel
4110,Python
4110,Machine Learning
4110,Power BI
4111,Pandas
4111,ETL
4111,AWS
4111,Excel
4112,Data Visualization
4112,Python
4112,Pandas
4112,AWS
4113,Pandas
4113,Data Visualization
4113,Statistics
4113,Power BI
4113,Tableau
4113,MySQL
4113,ETL
4114,Data Visualization
4114,Tableau
4114,AWS
4114,Excel
4114,ETL
4114,Power BI
4114,Pandas
4115,Data Visualization
4115,Machine Learning
4115,ETL
4115,SQL
4115,Tableau
4116,ETL
4116,MySQL
4116,Tableau
4116,Python
4116,Pandas
4116,AWS
4116,Data Visualization
4117,Machine Learning
4117,Power BI
4117,AWS
4117,Pandas
4118,Statistics
4118,SQL
4118,Data Visualization
4118,ETL
4118,Tableau
4118,Excel
4118,Pandas
4119,Power BI
4119,Tableau
4119,Statistics
4119,MySQL
4119,AWS
4120,Machine Learning
4120,SQL
4120,AWS
4120,ETL
4120,Statistics
4120,MySQL
4120,Excel
4121,ETL
4121,Data Visualization
4121,AWS
4121,Statistics
4121,Pandas
4121,SQL
4122,Data Visualization
4122,MySQL
4122,AWS
4122,Pandas
4122,Power BI
4123,ETL
4123,Data Visualization
4123,Python
4123,Pandas
4124,Excel
4124,MySQL
4124,SQL
4124,Statistics
4125,Excel
4125,Power BI
4125,MySQL
4125,Data Visualization
4125,SQL
4125,Tableau
4125,Machine Learning
4126,Power BI
4126,Excel
4126,AWS
4126,SQL
4126,Tableau
4127,Data Visualization
4127,ETL
4127,SQL
4127,Python
4127,Excel
4128,Tableau
4128,Machine Learning
4128,AWS
4128,Excel
4128,Data Visualization
4128,Statistics
4129,ETL
4129,AWS
4129,Power BI
4129,SQL
4129,Tableau
4129,MySQL
4130,Statistics
4130,SQL
4130,ETL
4130,Python
4131,Data Visualization
4131,Power BI
4131,Python
4131,Statistics
4131,MySQL
4131,Tableau
4132,Data Visualization
4132,Pandas
4132,ETL
4132,AWS
4132,Excel
4132,Machine Learning
4132,Power BI
4133,Tableau
4133,Python
4133,Data Visualization
4133,ETL
4133,AWS
4134,Tableau
4134,Power BI
4134,Python
4134,SQL
4135,SQL
4135,Tableau
4135,AWS
4135,Excel
4135,Power BI
4135,Python
4135,MySQL
4136,Power BI
4136,Statistics
4136,Excel
4136,Pandas
4137,Tableau
4137,Statistics
4137,Data Visualization
4137,Machine Learning
4137,Python
4137,MySQL
4137,Power BI
4138,Excel
4138,ETL
4138,AWS
4138,Power BI
4139,Excel
4139,Machine Learning
4139,SQL
4139,Pandas
4139,Tableau
4139,ETL
4140,Excel
4140,Tableau
4140,Statistics
4140,Data Visualization
4140,Pandas
4141,Excel
4141,AWS
4141,MySQL
4141,Data Visualization
4141,Python
4142,Statistics
4142,Excel
4142,ETL
4142,Data Visualization
4142,AWS
4142,Machine Learning
4142,Pandas
4143,Data Visualization
4143,Statistics
4143,Excel
4143,MySQL
4143,SQL
4143,Machine Learning
4144,Power BI
4144,Data Visualization
4144,Pandas
4144,Python
4144,ETL
4145,Data Visualization
4145,ETL
4145,Statistics
4145,Python
4145,Pandas
4145,Tableau
4146,AWS
4146,Machine Learning
4146,SQL
4146,Pandas
4146,Excel
4147,ETL
4147,Python
4147,Machine Learning
4147,AWS
4148,MySQL
4148,Statistics
4148,Excel
4148,Python
4148,Power BI
4149,ETL
4149,Tableau
4149,Python
4149,Data Visualization
4150,ETL
4150,Pandas
4150,Statistics
4150,Machine Learning
4150,SQL
4151,AWS
4151,Pandas
4151,Data Visualization
4151,Power BI
4152,Statistics
4152,Excel
4152,ETL
4152,Pandas
4153,Excel
4153,ETL
4153,Data Visualization
4153,Pandas
4153,Python
4153,MySQL
4154,Pandas
4154,Data Visualization
4154,Machine Learning
4154,ETL
4155,Machine Learning
4155,Python
4155,Tableau
4155,Power BI
4155,AWS
4156,AWS
4156,ETL
4156,Excel
4156,Power BI
4157,SQL
4157,MySQL
4157,AWS
4157,Data Visualization
4157,Tableau
4157,Excel
4157,Power BI
4158,Statistics
4158,Excel
4158,SQL
4158,Power BI
4158,MySQL
4158,Machine Learning
4158,Pandas
4159,Power BI
4159,Tableau
4159,Pandas
4159,Data Visualization
4159,ETL
4160,Power BI
4160,Python
4160,Tableau
4160,AWS
4160,Pandas
4161,Excel
4161,MySQL
4161,Tableau
4161,ETL
4161,Machine Learning
4161,Power BI
4162,ETL
4162,SQL
4162,Pandas
4162,Statistics
4162,Power BI
4163,ETL
4163,Statistics
4163,Tableau
4163,Excel
4163,SQL
4163,AWS
4163,Pandas
4164,MySQL
4164,SQL
4164,Statistics
4164,Python
4164,Excel
4164,Pandas
4164,AWS
4165,Python
4165,MySQL
4165,AWS
4165,Pandas
4166,MySQL
4166,Excel
4166,Pandas
4166,Tableau
4166,Statistics
4166,SQL
4167,Pandas
4167,Tableau
4167,ETL
4167,SQL
4167,MySQL
4167,Excel
4168,Python
4168,Tableau
4168,AWS
4168,ETL
4168,Statistics
4169,Statistics
4169,Excel
4169,Data Visualization
4169,ETL
4170,Statistics
4170,ETL
4170,Excel
4170,Data Visualization
4170,MySQL
4170,Machine Learning
4170,SQL
4171,Statistics
4171,Excel
4171,Pandas
4171,AWS
4171,Tableau
4171,Power BI
4171,Python
4172,AWS
4172,ETL
4172,Python
4172,Power BI
4172,Pandas
4172,Tableau
4172,Machine Learning
4173,ETL
4173,Data Visualization
4173,AWS
4173,Excel
4173,Pandas
4173,MySQL
4173,Power BI
4174,Statistics
4174,ETL
4174,SQL
4174,AWS
4174,Python
4174,Excel
4174,Tableau
4175,Power BI
4175,Excel
4175,SQL
4175,MySQL
4175,AWS
4175,Pandas
4175,Machine Learning
4176,Pandas
4176,Python
4176,Machine Learning
4176,AWS
4176,Statistics
4176,Tableau
4176,Power BI
4177,ETL
4177,Statistics
4177,Excel
4177,SQL
4177,AWS
4178,Excel
4178,Pandas
4178,Power BI
4178,Tableau
4178,Python
4178,Machine Learning
4179,Excel
4179,Power BI
4179,Python
4179,AWS
4179,Tableau
4180,Excel
4180,Data Visualization
4180,Python
4180,Statistics
4181,SQL
4181,Data Visualization
4181,Power BI
4181,Pandas
4181,ETL
4182,Power BI
4182,Python
4182,Tableau
4182,Pandas
4182,MySQL
4182,AWS
4183,Power BI
4183,Machine Learning
4183,Tableau
4183,SQL
4183,Statistics
4183,MySQL
4183,Python
4184,SQL
4184,MySQL
4184,Excel
4184,Tableau
4184,ETL
4184,Python
4184,Pandas
4185,Data Visualization
4185,Python
4185,Excel
4185,Machine Learning
4186,Python
4186,Pandas
4186,MySQL
4186,Excel
4186,Statistics
4187,AWS
4187,MySQL
4187,Pandas
4187,SQL
4187,Machine Learning
4187,Tableau
4187,Statistics
4188,Tableau
4188,MySQL
4188,Pandas
4188,Python
4189,Power BI
4189,SQL
4189,AWS
4189,Python
4189,Data Visualization
4190,AWS
4190,Excel
4190,Power BI
4190,Pandas
4190,Statistics
4190,MySQL
4191,Tableau
4191,Statistics
4191,Power BI
4191,Data Visualization
4192,Excel
4192,Pandas
4192,ETL
4192,AWS
4192,MySQL
4192,Power BI
4192,Data Visualization
4193,Excel
4193,MySQL
4193,SQL
4193,Tableau
4193,Statistics
4194,Machine Learning
4194,Pandas
4194,Statistics
4194,AWS
4195,Python
4195,AWS
4195,Power BI
4195,Data Visualization
4195,ETL
4196,Python
4196,Statistics
4196,Power BI
4196,AWS
4196,Excel
4196,Pandas
4196,ETL
4197,Statistics
4197,Tableau
4197,SQL
4197,Python
4197,Excel
4197,Data Visualization
4198,Excel
4198,Pandas
4198,MySQL
4198,Statistics
4198,Data Visualization
4198,Python
4198,ETL
4199,Power BI
4199,Pandas
4199,AWS
4199,SQL
4200,Power BI
4200,Machine Learning
4200,ETL
4200,MySQL
4201,Data Visualization
4201,ETL
4201,Statistics
4201,Excel
4202,Excel
4202,Tableau
4202,Power BI
4202,AWS
4202,ETL
4202,Pandas
4202,Data Visualization
4203,Excel
4203,Power BI
4203,ETL
4203,AWS
4203,MySQL
4203,Python
4203,SQL
4204,MySQL
4204,ETL
4204,Python
4204,AWS
4204,Pandas
4205,Tableau
4205,Power BI
4205,Statistics
4205,Python
4205,MySQL
4206,Pandas
4206,ETL
4206,AWS
4206,Statistics
4207,Python
4207,Machine Learning
4207,ETL
4207,Tableau
4208,ETL
4208,Excel
4208,SQL
4208,MySQL
4208,Statistics
4208,Data Visualization
4209,SQL
4209,Statistics
4209,AWS
4209,MySQL
4209,Tableau
4209,Machine Learning
4209,ETL
4210,Data Visualization
4210,Machine Learning
4210,Power BI
4210,Tableau
4211,Machine Learning
4211,Pandas
4211,Power BI
4211,ETL
4211,MySQL
4211,AWS
4211,Data Visualization
4212,Statistics
4212,Tableau
4212,SQL
4212,MySQL
4212,Data Visualization
4212,Machine Learning
4213,Pandas
4213,Excel
4213,Statistics
4213,Data Visualization
4213,ETL
4214,Pandas
4214,SQL
4214,Data Visualization
4214,Machine Learning
4214,ETL
4215,SQL
4215,ETL
4215,Machine Learning
4215,Tableau
4215,AWS
4215,Statistics
4215,Pandas
4216,AWS
4216,Excel
4216,Machine Learning
4216,ETL
4216,MySQL
4216,SQL
4217,Power BI
4217,AWS
4217,ETL
4217,Machine Learning
4217,Statistics
4217,Tableau
4217,MySQL
4218,MySQL
4218,Machine Learning
4218,Tableau
4218,Python
4218,Excel
4219,Excel
4219,MySQL
4219,ETL
4219,Pandas
4219,AWS
4220,Power BI
4220,AWS
4220,Excel
4220,SQL
4220,MySQL
4220,Data Visualization
4220,Pandas
4221,MySQL
4221,Pandas
4221,Statistics
4221,Machine Learning
4221,Power BI
4222,AWS
4222,Tableau
4222,Excel
4222,Power BI
4222,Machine Learning
4222,Data Visualization
4222,MySQL
4223,Data Visualization
4223,MySQL
4223,Python
4223,AWS
4223,Pandas
4223,Machine Learning
4224,Pandas
4224,Excel
4224,Python
4224,Data Visualization
4224,Power BI
4224,Machine Learning
4224,AWS
4225,Pandas
4225,Excel
4225,Python
4225,AWS
4225,Tableau
4226,Machine Learning
4226,Pandas
4226,Excel
4226,Python
4226,MySQL
4226,Data Visualization
4226,Tableau
4227,AWS
4227,Tableau
4227,Python
4227,ETL
4228,Pandas
4228,ETL
4228,SQL
4228,Statistics
4228,Python
4229,Data Visualization
4229,ETL
4229,Python
4229,Pandas
4229,Excel
4229,Tableau
4229,AWS
4230,Machine Learning
4230,Data Visualization
4230,Pandas
4230,AWS
4230,Python
4230,Tableau
4231,Python
4231,Tableau
4231,Power BI
4231,ETL
4231,SQL
4231,Statistics
4232,AWS
4232,Data Visualization
4232,Excel
4232,Statistics
4232,MySQL
4232,Python
4232,Power BI
4233,Tableau
4233,Data Visualization
4233,Pandas
4233,Python
4233,AWS
4234,Power BI
4234,ETL
4234,AWS
4234,Python
4234,Machine Learning
4234,Excel
4234,MySQL
4235,Power BI
4235,Pandas
4235,MySQL
4235,AWS
4235,Excel
4235,ETL
4235,Tableau
4236,Data Visualization
4236,SQL
4236,MySQL
4236,AWS
4237,Python
4237,AWS
4237,Power BI
4237,Machine Learning
4237,MySQL
4238,Excel
4238,Machine Learning
4238,Tableau
4238,Pandas
4238,MySQL
4238,ETL
4239,SQL
4239,MySQL
4239,Python
4239,Statistics
4240,AWS
4240,Excel
4240,MySQL
4240,SQL
4240,Power BI
4240,Tableau
4241,Excel
4241,MySQL
4241,ETL
4241,Statistics
4242,Data Visualization
4242,Pandas
4242,MySQL
4242,Power BI
4242,Machine Learning
4243,Pandas
4243,ETL
4243,Python
4243,Excel
4243,Machine Learning
4244,Pandas
4244,MySQL
4244,Machine Learning
4244,Statistics
4245,Tableau
4245,Machine Learning
4245,MySQL
4245,ETL
4245,Python
4246,Machine Learning
4246,Excel
4246,Data Visualization
4246,AWS
4247,Excel
4247,Machine Learning
4247,Data Visualization
4247,SQL
4247,Power BI
4247,Pandas
4247,AWS
4248,SQL
4248,Python
4248,Excel
4248,ETL
4248,Statistics
4248,AWS
4249,MySQL
4249,AWS
4249,Tableau
4249,Python
4249,Power BI
4249,Pandas
4250,Data Visualization
4250,Python
4250,Tableau
4250,Excel
4250,Machine Learning
4250,Power BI
4250,SQL
4251,Excel
4251,Statistics
4251,Power BI
4251,Pandas
4251,SQL
4251,MySQL
4251,ETL
4252,Pandas
4252,Data Visualization
4252,Machine Learning
4252,Excel
4252,ETL
4252,Power BI
4253,Data Visualization
4253,Power BI
4253,Statistics
4253,Python
4253,Tableau
4253,AWS
4254,Statistics
4254,Power BI
4254,Python
4254,Excel
4254,MySQL
4254,AWS
4254,Tableau
4255,AWS
4255,Python
4255,Excel
4255,Data Visualization
4255,MySQL
4256,ETL
4256,Pandas
4256,Statistics
4256,Power BI
4256,MySQL
4256,Tableau
4256,Excel
4257,Statistics
4257,MySQL
4257,Machine Learning
4257,Pandas
4257,AWS
4257,ETL
4257,Data Visualization
4258,AWS
4258,MySQL
4258,Pandas
4258,Data Visualization
4258,Tableau
4258,Machine Learning
4259,Statistics
4259,Machine Learning
4259,Tableau
4259,Pandas
4259,Data Visualization
4259,Python
4259,Power BI
4260,Machine Learning
4260,Pandas
4260,SQL
4260,Statistics
4261,Excel
4261,MySQL
4261,ETL
4261,Pandas
4261,Python
4261,Power BI
4262,Data Visualization
4262,MySQL
4262,ETL
4262,Statistics
4262,AWS
4262,Pandas
4262,Power BI
4263,Python
4263,AWS
4263,Statistics
4263,Pandas
4263,Machine Learning
4263,Excel
4264,AWS
4264,Machine Learning
4264,Statistics
4264,MySQL
4264,Excel
4264,SQL
4265,Statistics
4265,ETL
4265,Excel
4265,Pandas
4265,Data Visualization
4266,Power BI
4266,Pandas
4266,Excel
4266,MySQL
4267,Data Visualization
4267,Pandas
4267,Tableau
4267,SQL
4267,MySQL
4268,Excel
4268,Tableau
4268,SQL
4268,Statistics
4268,Power BI
4268,Machine Learning
4269,MySQL
4269,ETL
4269,Statistics
4269,Pandas
4269,Python
4269,Power BI
4270,Tableau
4270,ETL
4270,SQL
4270,AWS
4271,MySQL
4271,ETL
4271,Statistics
4271,SQL
4271,Python
4271,Tableau
4272,Statistics
4272,Python
4272,Tableau
4272,AWS
4272,Excel
4272,Power BI
4273,Power BI
4273,AWS
4273,Data Visualization
4273,ETL
4273,Machine Learning
4274,Tableau
4274,Pandas
4274,Data Visualization
4274,Machine Learning
4274,Statistics
4274,AWS
4275,AWS
4275,SQL
4275,Pandas
4275,Excel
4275,Data Visualization
4276,Statistics
4276,MySQL
4276,Pandas
4276,Data Visualization
4277,Pandas
4277,Data Visualization
4277,Statistics
4277,AWS
4278,Machine Learning
4278,SQL
4278,Statistics
4278,Power BI
4278,Data Visualization
4279,ETL
4279,AWS
4279,Excel
4279,Tableau
4279,Machine Learning
4279,Pandas
4279,SQL
4280,Excel
4280,Tableau
4280,Data Visualization
4280,MySQL
4281,SQL
4281,Excel
4281,Statistics
4281,ETL
4282,Power BI
4282,ETL
4282,Python
4282,Statistics
4283,Tableau
4283,Python
4283,MySQL
4283,Excel
4284,Power BI
4284,MySQL
4284,Python
4284,Data Visualization
4284,Pandas
4285,Statistics
4285,Machine Learning
4285,AWS
4285,Data Visualization
4286,MySQL
4286,Python
4286,ETL
4286,AWS
4287,ETL
4287,Machine Learning
4287,Statistics
4287,Data Visualization
4288,Power BI
4288,Excel
4288,Data Visualization
4288,Tableau
4289,SQL
4289,Power BI
4289,Pandas
4289,Data Visualization
4289,Python
4289,AWS
4289,MySQL
4290,Machine Learning
4290,MySQL
4290,Excel
4290,SQL
4291,Machine Learning
4291,Statistics
4291,Pandas
4291,Data Visualization
4291,Python
4291,MySQL
4291,AWS
4292,SQL
4292,Excel
4292,AWS
4292,Tableau
4293,ETL
4293,MySQL
4293,Machine Learning
4293,Data Visualization
4293,AWS
4293,Statistics
4293,SQL
4294,MySQL
4294,Pandas
4294,Statistics
4294,AWS
4294,Machine Learning
4294,Data Visualization
4294,SQL
4295,AWS
4295,Statistics
4295,Python
4295,MySQL
4295,ETL
4295,Power BI
4295,Pandas
4296,AWS
4296,Data Visualization
4296,Pandas
4296,Machine Learning
4297,Machine Learning
4297,Python
4297,ETL
4297,SQL
4297,MySQL
4297,Power BI
4297,Pandas
4298,Pandas
4298,ETL
4298,SQL
4298,Excel
4298,AWS
4298,Tableau
4298,Statistics
4299,Machine Learning
4299,Python
4299,Pandas
4299,Tableau
4299,AWS
4299,Data Visualization
4300,Excel
4300,Data Visualization
4300,Python
4300,AWS
4301,SQL
4301,Statistics
4301,Data Visualization
4301,Tableau
4301,Python
4301,Excel
4302,Power BI
4302,Data Visualization
4302,Pandas
4302,Statistics
4303,ETL
4303,AWS
4303,Data Visualization
4303,Excel
4304,SQL
4304,MySQL
4304,Tableau
4304,Power BI
4304,Python
4304,Excel
4305,Statistics
4305,Pandas
4305,Machine Learning
4305,MySQL
4305,Python
4305,Data Visualization
4305,Tableau
4306,SQL
4306,Data Visualization
4306,Power BI
4306,Python
4307,Excel
4307,Machine Learning
4307,Pandas
4307,Statistics
4307,Power BI
4307,MySQL
4308,Statistics
4308,AWS
4308,MySQL
4308,SQL
4308,Machine Learning
4309,Statistics
4309,AWS
4309,SQL
4309,MySQL
4310,Excel
4310,Data Visualization
4310,MySQL
4310,ETL
4310,Machine Learning
4310,Statistics
4311,Machine Learning
4311,Power BI
4311,Excel
4311,Statistics
4311,Pandas
4312,Power BI
4312,Excel
4312,AWS
4312,Tableau
4313,Pandas
4313,Tableau
4313,Excel
4313,Machine Learning
4314,Excel
4314,Pandas
4314,Data Visualization
4314,Tableau
4314,Power BI
4315,Machine Learning
4315,ETL
4315,Power BI
4315,SQL
4316,Statistics
4316,SQL
4316,Tableau
4316,Machine Learning
4316,MySQL
4316,Excel
4317,Pandas
4317,ETL
4317,Data Visualization
4317,SQL
4317,AWS
4317,Python
4317,Excel
4318,Tableau
4318,SQL
4318,Data Visualization
4318,Power BI
4318,Excel
4319,Tableau
4319,AWS
4319,MySQL
4319,Data Visualization
4319,ETL
4319,Python
4320,Power BI
4320,MySQL
4320,Statistics
4320,SQL
4321,Python
4321,Machine Learning
4321,SQL
4321,Data Visualization
4321,ETL
4322,Tableau
4322,Statistics
4322,MySQL
4322,AWS
4323,AWS
4323,Machine Learning
4323,Excel
4323,Data Visualization
4323,Power BI
4323,Python
4324,AWS
4324,Pandas
4324,Machine Learning
4324,Data Visualization
4324,ETL
4324,Tableau
4324,Power BI
4325,Statistics
4325,Power BI
4325,MySQL
4325,Excel
4325,Python
4325,Pandas
4325,Data Visualization
4326,Power BI
4326,Python
4326,Excel
4326,AWS
4326,Statistics
4326,SQL
4327,Power BI
4327,ETL
4327,Statistics
4327,AWS
4327,Data Visualization
4327,Excel
4328,Excel
4328,ETL
4328,Machine Learning
4328,Data Visualization
4329,MySQL
4329,Tableau
4329,Data Visualization
4329,Power BI
4329,Pandas
4329,AWS
4330,Machine Learning
4330,Tableau
4330,Python
4330,ETL
4331,Power BI
4331,SQL
4331,Excel
4331,Pandas
4331,Tableau
4331,Data Visualization
4332,ETL
4332,Tableau
4332,AWS
4332,SQL
4332,Pandas
4332,Machine Learning
4333,MySQL
4333,SQL
4333,AWS
4333,Excel
4333,ETL
4334,Machine Learning
4334,Power BI
4334,AWS
4334,SQL
4335,ETL
4335,SQL
4335,Excel
4335,Power BI
4335,Python
4335,Machine Learning
4335,Statistics
4336,Excel
4336,Statistics
4336,ETL
4336,Machine Learning
4337,Data Visualization
4337,AWS
4337,SQL
4337,ETL
4337,Statistics
4337,Machine Learning
4338,Excel
4338,Pandas
4338,Data Visualization
4338,Statistics
4338,SQL
4339,Data Visualization
4339,AWS
4339,Pandas
4339,Power BI
4339,SQL
4339,MySQL
4340,Machine Learning
4340,Power BI
4340,Tableau
4340,Pandas
4340,SQL
4340,ETL
4341,Python
4341,Statistics
4341,Excel
4341,MySQL
4342,Python
4342,Machine Learning
4342,AWS
4342,ETL
4342,SQL
4342,Data Visualization
4343,Machine Learning
4343,Python
4343,Data Visualization
4343,SQL
4343,ETL
4343,Statistics
4344,Machine Learning
4344,Statistics
4344,Excel
4344,Power BI
4344,Tableau
4344,ETL
4345,Python
4345,MySQL
4345,Power BI
4345,Data Visualization
4345,Tableau
4345,AWS
4345,Statistics
4346,Statistics
4346,Pandas
4346,Tableau
4346,Machine Learning
4346,Python
4346,Excel
4347,ETL
4347,MySQL
4347,Machine Learning
4347,Statistics
4347,Excel
4347,Power BI
4348,SQL
4348,AWS
4348,Machine Learning
4348,Statistics
4348,Power BI
4348,Data Visualization
4349,Pandas
4349,Machine Learning
4349,Power BI
4349,MySQL
4349,AWS
4350,Tableau
4350,Data Visualization
4350,Pandas
4350,MySQL
4350,AWS
4350,ETL
4350,Power BI
4351,AWS
4351,Pandas
4351,ETL
4351,Machine Learning
4352,Python
4352,Machine Learning
4352,Excel
4352,Pandas
4353,Tableau
4353,Machine Learning
4353,MySQL
4353,SQL
4353,Pandas
4353,Python
4353,Power BI
4354,Power BI
4354,Data Visualization
4354,AWS
4354,MySQL
4355,Data Visualization
4355,Statistics
4355,AWS
4355,Tableau
4355,SQL
4355,Pandas
4356,Excel
4356,Tableau
4356,MySQL
4356,Python
4356,SQL
4357,Data Visualization
4357,AWS
4357,Python
4357,SQL
4357,Pandas
4357,Excel
4358,ETL
4358,Excel
4358,MySQL
4358,Statistics
4358,Python
4359,Data Visualization
4359,Statistics
4359,Tableau
4359,MySQL
4359,Excel
4359,ETL
4359,Machine Learning
4360,Statistics
4360,Machine Learning
4360,Python
4360,Data Visualization
4360,Pandas
4360,ETL
4360,Tableau
4361,Pandas
4361,ETL
4361,Machine Learning
4361,Tableau
4361,MySQL
4361,Python
4361,AWS
4362,Python
4362,Pandas
4362,MySQL
4362,AWS
4362,Statistics
4362,Data Visualization
4362,Tableau
4363,SQL
4363,Tableau
4363,Excel
4363,AWS
4364,Pandas
4364,Machine Learning
4364,ETL
4364,Statistics
4365,AWS
4365,Pandas
4365,MySQL
4365,Tableau
4365,SQL
4365,Power BI
4365,Excel
4366,Pandas
4366,Excel
4366,Data Visualization
4366,SQL
4367,Power BI
4367,Pandas
4367,MySQL
4367,Machine Learning
4367,ETL
4367,Python
4368,Statistics
4368,AWS
4368,SQL
4368,Tableau
4368,Python
4368,Power BI
4368,Pandas
4369,Excel
4369,Data Visualization
4369,Python
4369,Pandas
4369,Tableau
4369,SQL
4369,AWS
4370,SQL
4370,Machine Learning
4370,Power BI
4370,Tableau
4371,Pandas
4371,ETL
4371,Tableau
4371,SQL
4372,Excel
4372,Data Visualization
4372,Python
4372,Tableau
4373,Power BI
4373,Data Visualization
4373,SQL
4373,Pandas
4374,Machine Learning
4374,Power BI
4374,SQL
4374,Tableau
4374,Data Visualization
4375,ETL
4375,MySQL
4375,Power BI
4375,SQL
4376,Data Visualization
4376,Pandas
4376,Tableau
4376,SQL
4376,ETL
4376,Python
4377,Tableau
4377,Power BI
4377,MySQL
4377,Excel
4377,Data Visualization
4377,ETL
4377,Machine Learning
4378,MySQL
4378,Data Visualization
4378,Excel
4378,Statistics
4378,Power BI
4378,SQL
4378,Machine Learning
4379,Python
4379,Machine Learning
4379,Power BI
4379,Pandas
4379,SQL
4380,MySQL
4380,AWS
4380,Excel
4380,Pandas
4380,Data Visualization
4380,Tableau
4380,SQL
4381,Data Visualization
4381,Machine Learning
4381,ETL
4381,Power BI
4381,Statistics
4381,SQL
4382,Python
4382,Pandas
4382,ETL
4382,AWS
4382,SQL
4382,Data Visualization
4382,Excel
4383,Excel
4383,ETL
4383,Machine Learning
4383,Pandas
4383,AWS
4383,Statistics
4384,Power BI
4384,Data Visualization
4384,Statistics
4384,AWS
4385,Pandas
4385,Power BI
4385,MySQL
4385,Machine Learning
4385,SQL
4386,Machine Learning
4386,Data Visualization
4386,Excel
4386,Tableau
4386,Python
4387,Excel
4387,Pandas
4387,ETL
4387,SQL
4387,Statistics
4387,Tableau
4388,Data Visualization
4388,MySQL
4388,Tableau
4388,Pandas
4388,Statistics
4388,AWS
4388,SQL
4389,MySQL
4389,Statistics
4389,Excel
4389,Data Visualization
4389,Python
4389,Pandas
4389,ETL
4390,Power BI
4390,Data Visualization
4390,Machine Learning
4390,SQL
4391,Python
4391,Power BI
4391,Data Visualization
4391,MySQL
4392,ETL
4392,MySQL
4392,Python
4392,SQL
4393,Statistics
4393,ETL
4393,AWS
4393,MySQL
4393,Excel
4393,Python
4393,Machine Learning
4394,Python
4394,Machine Learning
4394,Statistics
4394,AWS
4394,MySQL
4394,Tableau
4395,Excel
4395,Statistics
4395,ETL
4395,Power BI
4396,Power BI
4396,Pandas
4396,Machine Learning
4396,Statistics
4396,SQL
4396,Tableau
4397,Python
4397,Tableau
4397,Data Visualization
4397,Power BI
4398,Pandas
4398,Data Visualization
4398,ETL
4398,SQL
4398,Machine Learning
4398,Statistics
4399,Data Visualization
4399,Tableau
4399,ETL
4399,AWS
4399,SQL
4399,Statistics
4399,Machine Learning
4400,Tableau
4400,Power BI
4400,ETL
4400,Python
4400,Machine Learning
4400,Pandas
4401,AWS
4401,MySQL
4401,Python
4401,Power BI
4401,Pandas
4401,Excel
4401,SQL
4402,MySQL
4402,Power BI
4402,Excel
4402,Machine Learning
4402,Pandas
4402,Statistics
4403,SQL
4403,MySQL
4403,Excel
4403,Power BI
4404,ETL
4404,Pandas
4404,Power BI
4404,Statistics
4404,SQL
4405,Power BI
4405,Python
4405,Pandas
4405,Excel
4405,Machine Learning
4406,MySQL
4406,ETL
4406,Statistics
4406,Data Visualization
4406,Tableau
4406,Power BI
4406,Pandas
4407,Tableau
4407,MySQL
4407,Data Visualization
4407,SQL
4407,Machine Learning
4407,Pandas
4407,Power BI
4408,Power BI
4408,Data Visualization
4408,Statistics
4408,Pandas
4408,Excel
4408,Machine Learning
4409,SQL
4409,Machine Learning
4409,Power BI
4409,AWS
4410,Statistics
4410,Power BI
4410,Excel
4410,MySQL
4411,Excel
4411,Pandas
4411,MySQL
4411,Machine Learning
4411,Power BI
4412,ETL
4412,Data Visualization
4412,Python
4412,Power BI
4413,AWS
4413,MySQL
4413,Excel
4413,Tableau
4413,Python
4413,Statistics
4413,Pandas
4414,Python
4414,Tableau
4414,MySQL
4414,SQL
4414,Machine Learning
4414,Pandas
4414,AWS
4415,Python
4415,AWS
4415,Machine Learning
4415,Pandas
4415,Excel
4415,Data Visualization
4416,Python
4416,Tableau
4416,ETL
4416,Machine Learning
4416,MySQL
4417,Data Visualization
4417,MySQL
4417,Tableau
4417,Excel
4417,SQL
4418,Statistics
4418,Power BI
4418,Python
4418,Machine Learning
4418,Tableau
4419,SQL
4419,Tableau
4419,Statistics
4419,Data Visualization
4419,AWS
4420,Pandas
4420,Python
4420,AWS
4420,Power BI
4420,Excel
4421,Excel
4421,Tableau
4421,ETL
4421,Statistics
4421,Machine Learning
4422,SQL
4422,AWS
4422,Machine Learning
4422,Excel
4422,Power BI
4423,Excel
4423,Pandas
4423,Power BI
4423,Python
4423,ETL
4424,Data Visualization
4424,Pandas
4424,Tableau
4424,ETL
4424,Machine Learning
4424,MySQL
4424,Python
4425,Machine Learning
4425,Tableau
4425,Excel
4425,AWS
4425,Power BI
4425,Pandas
4426,SQL
4426,Data Visualization
4426,Machine Learning
4426,ETL
4426,Statistics
4427,Power BI
4427,ETL
4427,SQL
4427,Python
4427,AWS
4427,Statistics
4428,Power BI
4428,AWS
4428,Excel
4428,Python
4428,MySQL
4429,Statistics
4429,SQL
4429,Power BI
4429,Excel
4429,Data Visualization
4429,MySQL
4430,AWS
4430,MySQL
4430,Statistics
4430,Data Visualization
4430,Power BI
4430,Tableau
4430,Machine Learning
4431,MySQL
4431,Excel
4431,Data Visualization
4431,Power BI
4432,Power BI
4432,Excel
4432,MySQL
4432,Data Visualization
4432,SQL
4433,ETL
4433,Power BI
4433,Machine Learning
4433,Statistics
4433,Excel
4434,Power BI
4434,MySQL
4434,Machine Learning
4434,ETL
4434,Excel
4435,Power BI
4435,Pandas
4435,Python
4435,Statistics
4436,Excel
4436,SQL
4436,AWS
4436,ETL
4436,Data Visualization
4437,Statistics
4437,MySQL
4437,Excel
4437,SQL
4438,Power BI
4438,Statistics
4438,MySQL
4438,ETL
4438,Data Visualization
4438,AWS
4439,Data Visualization
4439,ETL
4439,Python
4439,Tableau
4439,Power BI
4440,Power BI
4440,Python
4440,SQL
4440,Tableau
4440,Pandas
4441,Machine Learning
4441,AWS
4441,Excel
4441,SQL
4442,Machine Learning
4442,Power BI
4442,MySQL
4442,SQL
4442,ETL
4443,ETL
4443,MySQL
4443,Tableau
4443,Pandas
4444,Excel
4444,Statistics
4444,Python
4444,ETL
4445,Excel
4445,Power BI
4445,Python
4445,SQL
4445,Pandas
4445,Data Visualization
4446,MySQL
4446,Power BI
4446,AWS
4446,Excel
4446,SQL
4446,Statistics
4446,Pandas
4447,ETL
4447,SQL
4447,Power BI
4447,Statistics
4448,Python
4448,MySQL
4448,Power BI
4448,Data Visualization
4448,Machine Learning
4448,Pandas
4449,Power BI
4449,SQL
4449,Excel
4449,Statistics
4449,Pandas
4450,Excel
4450,Python
4450,ETL
4450,Power BI
4451,Pandas
4451,Excel
4451,Python
4451,Tableau
4452,Excel
4452,Python
4452,Pandas
4452,AWS
4452,ETL
4453,ETL
4453,Statistics
4453,MySQL
4453,Tableau
4453,Machine Learning
4454,Excel
4454,Data Visualization
4454,Statistics
4454,ETL
4454,Python
4454,Machine Learning
4454,AWS
4455,Pandas
4455,ETL
4455,Python
4455,Power BI
4456,Python
4456,Excel
4456,Machine Learning
4456,Statistics
4456,ETL
4456,MySQL
4457,AWS
4457,Python
4457,Data Visualization
4457,Power BI
4457,Pandas
4458,Machine Learning
4458,Pandas
4458,Data Visualization
4458,Tableau
4458,Power BI
4459,Tableau
4459,Power BI
4459,MySQL
4459,ETL
4459,Python
4460,Tableau
4460,ETL
4460,Excel
4460,AWS
4460,Pandas
4460,Statistics
4461,Machine Learning
4461,MySQL
4461,Excel
4461,Python
4461,Data Visualization
4462,Statistics
4462,AWS
4462,Pandas
4462,Tableau
4463,Power BI
4463,Excel
4463,ETL
4463,Python
4464,Tableau
4464,Statistics
4464,Pandas
4464,SQL
4464,MySQL
4464,AWS
4465,SQL
4465,Excel
4465,ETL
4465,Statistics
4465,Machine Learning
4465,Pandas
4465,AWS
4466,AWS
4466,Statistics
4466,Power BI
4466,Pandas
4467,MySQL
4467,AWS
4467,Statistics
4467,Machine Learning
4468,AWS
4468,Python
4468,Data Visualization
4468,Statistics
4469,ETL
4469,MySQL
4469,Statistics
4469,Excel
4469,Python
4469,AWS
4469,Pandas
4470,SQL
4470,ETL
4470,Python
4470,Statistics
4470,Data Visualization
4470,Tableau
4471,Data Visualization
4471,Pandas
4471,SQL
4471,MySQL
4472,Excel
4472,ETL
4472,MySQL
4472,Python
4472,AWS
4473,Python
4473,Machine Learning
4473,AWS
4473,ETL
4473,Power BI
4473,Excel
4474,Data Visualization
4474,AWS
4474,MySQL
4474,Excel
4474,ETL
4474,Tableau
4475,Pandas
4475,Statistics
4475,Data Visualization
4475,Python
4475,SQL
4475,Tableau
4475,Machine Learning
4476,AWS
4476,Statistics
4476,SQL
4476,Python
4476,ETL
4476,Tableau
4477,Data Visualization
4477,Power BI
4477,SQL
4477,Pandas
4477,Tableau
4477,MySQL
4477,Excel
4478,Machine Learning
4478,MySQL
4478,AWS
4478,SQL
4478,Data Visualization
4478,ETL
4478,Power BI
4479,Python
4479,AWS
4479,Excel
4479,Statistics
4480,Pandas
4480,Machine Learning
4480,MySQL
4480,Python
4481,Excel
4481,Python
4481,Data Visualization
4481,Machine Learning
4481,Pandas
4481,MySQL
4481,ETL
4482,Data Visualization
4482,Tableau
4482,AWS
4482,Python
4483,Statistics
4483,Power BI
4483,ETL
4483,AWS
4483,Data Visualization
4484,Data Visualization
4484,AWS
4484,Tableau
4484,Power BI
4484,Statistics
4484,Python
4484,Pandas
4485,SQL
4485,AWS
4485,Python
4485,Data Visualization
4486,Data Visualization
4486,Power BI
4486,Python
4486,SQL
4487,AWS
4487,Pandas
4487,Power BI
4487,Data Visualization
4487,SQL
4487,Excel
4487,Python
4488,Power BI
4488,Data Visualization
4488,Statistics
4488,Pandas
4488,MySQL
4488,AWS
4488,SQL
4489,MySQL
4489,Pandas
4489,Excel
4489,Power BI
4489,AWS
4490,AWS
4490,Python
4490,Pandas
4490,Tableau
4490,ETL
4490,Power BI
4490,Data Visualization
4491,MySQL
4491,Excel
4491,Data Visualization
4491,SQL
4491,ETL
4491,Python
4491,Tableau
4492,Data Visualization
4492,ETL
4492,Excel
4492,Tableau
4492,SQL
4493,Machine Learning
4493,SQL
4493,ETL
4493,Tableau
4493,Data Visualization
4494,Statistics
4494,AWS
4494,SQL
4494,ETL
4494,Excel
4494,Power BI
4494,Machine Learning
4495,ETL
4495,MySQL
4495,Excel
4495,Pandas
4495,AWS
4495,Python
4496,Tableau
4496,Python
4496,AWS
4496,ETL
4496,Power BI
4496,Statistics
4497,Data Visualization
4497,ETL
4497,Statistics
4497,Pandas
4498,MySQL
4498,Pandas
4498,Excel
4498,Machine Learning
4498,AWS
4499,Machine Learning
4499,Data Visualization
4499,ETL
4499,Statistics
4500,Python
4500,Machine Learning
4500,Pandas
4500,Tableau
4500,SQL
4500,Power BI
4501,Machine Learning
4501,ETL
4501,Pandas
4501,Data Visualization
4502,ETL
4502,Python
4502,MySQL
4502,Power BI
4502,Statistics
4502,SQL
4503,Pandas
4503,MySQL
4503,Machine Learning
4503,Excel
4504,Data Visualization
4504,SQL
4504,Pandas
4504,Excel
4504,Tableau
4504,Python
4504,ETL
4505,ETL
4505,Power BI
4505,SQL
4505,Statistics
4505,MySQL
4506,Excel
4506,Data Visualization
4506,Statistics
4506,Machine Learning
4506,MySQL
4507,Tableau
4507,ETL
4507,Data Visualization
4507,Power BI
4507,Python
4507,Machine Learning
4507,Excel
4508,Machine Learning
4508,Excel
4508,Data Visualization
4508,Power BI
4508,AWS
4509,Pandas
4509,MySQL
4509,SQL
4509,Tableau
4510,SQL
4510,ETL
4510,Power BI
4510,AWS
4510,Tableau
4510,Python
4510,Machine Learning
4511,SQL
4511,ETL
4511,Statistics
4511,Excel
4511,Machine Learning
4512,Power BI
4512,Machine Learning
4512,Python
4512,SQL
4512,Data Visualization
4512,Statistics
4513,MySQL
4513,Power BI
4513,AWS
4513,Pandas
4513,Tableau
4513,Statistics
4514,SQL
4514,Python
4514,Excel
4514,Tableau
4515,ETL
4515,MySQL
4515,Excel
4515,Pandas
4515,SQL
4516,Excel
4516,ETL
4516,Pandas
4516,Statistics
4516,Tableau
4516,Power BI
4517,Python
4517,Tableau
4517,Data Visualization
4517,Excel
4517,Pandas
4518,Python
4518,Pandas
4518,Data Visualization
4518,SQL
4519,Tableau
4519,MySQL
4519,Power BI
4519,Excel
4519,Pandas
4519,SQL
4520,MySQL
4520,Machine Learning
4520,Excel
4520,Python
4520,ETL
4520,Pandas
4521,MySQL
4521,Power BI
4521,SQL
4521,Python
4521,Data Visualization
4521,Machine Learning
4521,Statistics
4522,SQL
4522,AWS
4522,Python
4522,Data Visualization
4522,Pandas
4523,MySQL
4523,Power BI
4523,Data Visualization
4523,SQL
4523,Machine Learning
4523,ETL
4524,MySQL
4524,ETL
4524,Data Visualization
4524,Machine Learning
4524,AWS
4524,Tableau
4524,Pandas
4525,Excel
4525,Python
4525,Tableau
4525,AWS
4525,SQL
4526,Tableau
4526,AWS
4526,Pandas
4526,Machine Learning
4527,ETL
4527,AWS
4527,MySQL
4527,Tableau
4527,Data Visualization
4527,Python
4527,Power BI
4528,ETL
4528,SQL
4528,Python
4528,Tableau
4528,Excel
4528,Statistics
4528,Power BI
4529,Excel
4529,Data Visualization
4529,Power BI
4529,SQL
4529,ETL
4529,Tableau
4530,AWS
4530,Machine Learning
4530,ETL
4530,Python
4530,Excel
4530,Statistics
4531,SQL
4531,Statistics
4531,Python
4531,ETL
4531,MySQL
4531,AWS
4532,ETL
4532,Power BI
4532,Data Visualization
4532,MySQL
4533,Tableau
4533,Statistics
4533,Pandas
4533,MySQL
4533,ETL
4533,Machine Learning
4533,Excel
4534,AWS
4534,ETL
4534,Power BI
4534,Python
4534,Pandas
4535,ETL
4535,Statistics
4535,Python
4535,Data Visualization
4535,SQL
4536,Excel
4536,Statistics
4536,AWS
4536,ETL
4536,SQL
4536,Machine Learning
4536,Tableau
4537,MySQL
4537,Machine Learning
4537,Pandas
4537,Tableau
4538,Power BI
4538,Data Visualization
4538,ETL
4538,AWS
4538,Pandas
4539,Excel
4539,Power BI
4539,Data Visualization
4539,Python
4540,Python
4540,Statistics
4540,MySQL
4540,Power BI
4540,Pandas
4540,Data Visualization
4541,SQL
4541,AWS
4541,Data Visualization
4541,Python
4542,MySQL
4542,Python
4542,Power BI
4542,AWS
4542,SQL
4543,SQL
4543,Tableau
4543,Power BI
4543,Pandas
4544,Python
4544,Power BI
4544,MySQL
4544,SQL
4544,Data Visualization
4544,Statistics
4544,Pandas
4545,Machine Learning
4545,Data Visualization
4545,Tableau
4545,AWS
4546,Python
4546,Power BI
4546,AWS
4546,Tableau
4546,ETL
4547,Statistics
4547,Excel
4547,Machine Learning
4547,Data Visualization
4547,Power BI
4548,SQL
4548,Tableau
4548,AWS
4548,Power BI
4548,Excel
4548,MySQL
4549,AWS
4549,Statistics
4549,SQL
4549,Excel
4549,ETL
4549,Machine Learning
4550,Python
4550,Data Visualization
4550,MySQL
4550,Power BI
4550,AWS
4550,Machine Learning
4551,Python
4551,AWS
4551,Tableau
4551,Pandas
4552,AWS
4552,Tableau
4552,Excel
4552,Statistics
4552,Data Visualization
4553,AWS
4553,Pandas
4553,ETL
4553,SQL
4554,Power BI
4554,Tableau
4554,MySQL
4554,Pandas
4554,AWS
4555,ETL
4555,Tableau
4555,AWS
4555,Excel
4555,Pandas
4556,ETL
4556,Pandas
4556,Machine Learning
4556,Power BI
4557,Tableau
4557,Machine Learning
4557,SQL
4557,ETL
4557,Power BI
4558,Machine Learning
4558,ETL
4558,Data Visualization
4558,AWS
4558,Python
4558,Power BI
4558,Excel
4559,Python
4559,Power BI
4559,Machine Learning
4559,Data Visualization
4559,AWS
4560,AWS
4560,SQL
4560,ETL
4560,Statistics
4560,Pandas
4560,Python
4560,Excel
4561,Python
4561,SQL
4561,Power BI
4561,ETL
4561,Excel
4561,Pandas
4562,Power BI
4562,Tableau
4562,Statistics
4562,ETL
4563,SQL
4563,Python
4563,Statistics
4563,Data Visualization
4563,ETL
4563,Power BI
4564,Data Visualization
4564,Pandas
4564,Python
4564,AWS
4564,Tableau
4564,Statistics
4565,Data Visualization
4565,ETL
4565,SQL
4565,Pandas
4565,Machine Learning
4566,Power BI
4566,Pandas
4566,Machine Learning
4566,ETL
4567,MySQL
4567,AWS
4567,Python
4567,Power BI
4568,Python
4568,Data Visualization
4568,ETL
4568,AWS
4568,MySQL
4568,Tableau
4568,SQL
4569,AWS
4569,Python
4569,SQL
4569,Machine Learning
4569,ETL
4569,Excel
4570,Machine Learning
4570,SQL
4570,AWS
4570,MySQL
4570,Python
4570,Statistics
4571,Machine Learning
4571,SQL
4571,Pandas
4571,Statistics
4571,Python
4572,Excel
4572,Statistics
4572,Data Visualization
4572,Power BI
4572,Tableau
4573,Tableau
4573,Machine Learning
4573,Power BI
4573,AWS
4574,Python
4574,Pandas
4574,Data Visualization
4574,Machine Learning
4574,Excel
4575,AWS
4575,Tableau
4575,Power BI
4575,Excel
4575,Pandas
4575,ETL
4576,Tableau
4576,MySQL
4576,Excel
4576,Machine Learning
4576,Python
4577,Machine Learning
4577,Python
4577,MySQL
4577,Power BI
4577,SQL
4578,Excel
4578,Pandas
4578,MySQL
4578,Machine Learning
4578,SQL
4578,Statistics
4579,Tableau
4579,ETL
4579,Python
4579,AWS
4579,Excel
4580,Excel
4580,Data Visualization
4580,ETL
4580,Python
4580,Machine Learning
4580,Pandas
4581,Tableau
4581,SQL
4581,ETL
4581,Machine Learning
4581,Python
4582,Tableau
4582,MySQL
4582,Machine Learning
4582,SQL
4582,AWS
4583,ETL
4583,Tableau
4583,SQL
4583,Pandas
4583,AWS
4583,Data Visualization
4584,Pandas
4584,Statistics
4584,Tableau
4584,Machine Learning
4584,AWS
4584,Python
4585,MySQL
4585,SQL
4585,Excel
4585,AWS
4586,Machine Learning
4586,Statistics
4586,MySQL
4586,AWS
4586,SQL
4587,AWS
4587,MySQL
4587,Tableau
4587,Machine Learning
4587,Power BI
4587,ETL
4587,Python
4588,Excel
4588,ETL
4588,Machine Learning
4588,Statistics
4589,ETL
4589,Power BI
4589,SQL
4589,Statistics
4589,Pandas
4589,AWS
4589,Machine Learning
4590,Tableau
4590,Machine Learning
4590,Excel
4590,MySQL
4590,Python
4591,Pandas
4591,Power BI
4591,Data Visualization
4591,Statistics
4591,AWS
4591,Machine Learning
4592,Machine Learning
4592,AWS
4592,Tableau
4592,Power BI
4592,MySQL
4592,SQL
4592,Excel
4593,SQL
4593,Python
4593,AWS
4593,Power BI
4593,Statistics
4593,ETL
4594,Power BI
4594,Tableau
4594,SQL
4594,Machine Learning
4595,AWS
4595,MySQL
4595,Python
4595,SQL
4595,Pandas
4596,Python
4596,MySQL
4596,Pandas
4596,Data Visualization
4597,Pandas
4597,MySQL
4597,Data Visualization
4597,Tableau
4597,SQL
4597,Statistics
4598,Tableau
4598,Python
4598,Data Visualization
4598,Excel
4598,Statistics
4598,Pandas
4598,SQL
4599,Machine Learning
4599,Power BI
4599,SQL
4599,Excel
4600,SQL
4600,Python
4600,Statistics
4600,AWS
4600,Excel
4601,Statistics
4601,Python
4601,Excel
4601,SQL
4601,Data Visualization
4601,Machine Learning
4602,Python
4602,Tableau
4602,AWS
4602,Machine Learning
4603,MySQL
4603,Tableau
4603,Power BI
4603,Excel
4604,Data Visualization
4604,Statistics
4604,Python
4604,Power BI
4605,ETL
4605,Excel
4605,Data Visualization
4605,MySQL
4605,Machine Learning
4606,SQL
4606,Python
4606,MySQL
4606,Power BI
4606,Statistics
4606,Excel
4607,Excel
4607,AWS
4607,Tableau
4607,Python
4607,ETL
4608,Tableau
4608,SQL
4608,Pandas
4608,Machine Learning
4609,ETL
4609,Tableau
4609,Statistics
4609,Machine Learning
4609,Power BI
4609,Pandas
4610,Tableau
4610,SQL
4610,Power BI
4610,Machine Learning
4610,Python
4610,Excel
4611,Excel
4611,Tableau
4611,Statistics
4611,Machine Learning
4611,Data Visualization
4612,Power BI
4612,MySQL
4612,Statistics
4612,Data Visualization
4612,Excel
4612,Python
4612,ETL
4613,Machine Learning
4613,Python
4613,Power BI
4613,Data Visualization
4614,Statistics
4614,Power BI
4614,MySQL
4614,SQL
4614,Pandas
4614,ETL
4614,Data Visualization
4615,Python
4615,Data Visualization
4615,MySQL
4615,Pandas
4615,Statistics
4615,SQL
4615,Machine Learning
4616,Data Visualization
4616,Machine Learning
4616,MySQL
4616,Power BI
4616,Tableau
4616,Excel
4616,AWS
4617,Data Visualization
4617,AWS
4617,Excel
4617,Pandas
4618,AWS
4618,ETL
4618,Tableau
4618,SQL
4618,MySQL
4618,Pandas
4618,Machine Learning
4619,Data Visualization
4619,ETL
4619,Power BI
4619,Statistics
4619,Pandas
4620,Tableau
4620,MySQL
4620,ETL
4620,Python
4620,SQL
4620,Statistics
4621,Data Visualization
4621,Python
4621,MySQL
4621,Statistics
4621,Power BI
4621,Tableau
4622,Power BI
4622,MySQL
4622,Statistics
4622,Tableau
4622,Excel
4622,Python
4623,Power BI
4623,ETL
4623,Machine Learning
4623,Tableau
4623,MySQL
4624,Machine Learning
4624,Power BI
4624,Data Visualization
4624,SQL
4624,ETL
4625,Python
4625,Excel
4625,AWS
4625,Data Visualization
4625,Power BI
4625,ETL
4626,Machine Learning
4626,MySQL
4626,Tableau
4626,AWS
4626,ETL
4627,Data Visualization
4627,Statistics
4627,Python
4627,AWS
4627,MySQL
4627,Excel
4628,MySQL
4628,AWS
4628,ETL
4628,Python
4628,Pandas
4629,Excel
4629,MySQL
4629,Data Visualization
4629,Machine Learning
4629,Pandas
4630,Machine Learning
4630,Power BI
4630,SQL
4630,ETL
4630,Python
4630,MySQL
4631,ETL
4631,Pandas
4631,Python
4631,Tableau
4631,AWS
4632,MySQL
4632,AWS
4632,Statistics
4632,Power BI
4632,Data Visualization
4632,Tableau
4632,Machine Learning
4633,Statistics
4633,MySQL
4633,Pandas
4633,Power BI
4633,Data Visualization
4633,SQL
4633,Excel
4634,ETL
4634,Machine Learning
4634,AWS
4634,Python
4634,Tableau
4634,Power BI
4634,MySQL
4635,Statistics
4635,Tableau
4635,Data Visualization
4635,Excel
4635,Python
4635,MySQL
4635,SQL
4636,Statistics
4636,SQL
4636,Python
4636,ETL
4636,Power BI
4637,Excel
4637,Statistics
4637,Python
4637,SQL
4637,Tableau
4637,Data Visualization
4638,SQL
4638,Pandas
4638,AWS
4638,Excel
4639,AWS
4639,Data Visualization
4639,Power BI
4639,SQL
4640,ETL
4640,MySQL
4640,Machine Learning
4640,AWS
4640,Pandas
4640,Power BI
4641,ETL
4641,AWS
4641,Excel
4641,Statistics
4641,Data Visualization
4641,Machine Learning
4641,SQL
4642,Power BI
4642,MySQL
4642,Data Visualization
4642,Statistics
4642,AWS
4642,Python
4643,SQL
4643,Pandas
4643,Statistics
4643,Data Visualization
4643,Tableau
4644,Power BI
4644,Excel
4644,Machine Learning
4644,AWS
4645,SQL
4645,Data Visualization
4645,Tableau
4645,MySQL
4645,Statistics
4646,SQL
4646,Pandas
4646,Statistics
4646,MySQL
4646,Machine Learning
4646,Data Visualization
4647,AWS
4647,Tableau
4647,Excel
4647,MySQL
4647,Statistics
4647,SQL
4648,Python
4648,Pandas
4648,ETL
4648,Power BI
4648,SQL
4648,Statistics
4648,Machine Learning
4649,Excel
4649,Data Visualization
4649,ETL
4649,Statistics
4650,AWS
4650,MySQL
4650,Excel
4650,Data Visualization
4650,Machine Learning
4650,Statistics
4650,Python
4651,SQL
4651,MySQL
4651,ETL
4651,Python
4651,Data Visualization
4651,Statistics
4652,Tableau
4652,SQL
4652,ETL
4652,Data Visualization
4653,Power BI
4653,Tableau
4653,Python
4653,SQL
4653,Machine Learning
4654,Machine Learning
4654,ETL
4654,AWS
4654,Python
4655,Machine Learning
4655,Python
4655,AWS
4655,MySQL
4656,Machine Learning
4656,Data Visualization
4656,Excel
4656,Pandas
4656,MySQL
4656,Statistics
4656,Python
4657,ETL
4657,Data Visualization
4657,Statistics
4657,MySQL
4657,AWS
4658,MySQL
4658,ETL
4658,Statistics
4658,Pandas
4658,Python
4659,Tableau
4659,Excel
4659,ETL
4659,AWS
4660,SQL
4660,Excel
4660,ETL
4660,Power BI
4660,MySQL
4660,AWS
4660,Python
4661,Machine Learning
4661,AWS
4661,Python
4661,Excel
4661,MySQL
4661,Statistics
4661,SQL
4662,Power BI
4662,Machine Learning
4662,AWS
4662,Statistics
4662,MySQL
4663,Tableau
4663,Statistics
4663,Pandas
4663,Data Visualization
4664,MySQL
4664,Power BI
4664,Statistics
4664,Python
4664,ETL
4664,AWS
4665,Machine Learning
4665,MySQL
4665,Data Visualization
4665,Statistics
4665,SQL
4665,ETL
4665,Excel
4666,Tableau
4666,MySQL
4666,ETL
4666,Python
4666,SQL
4667,ETL
4667,Excel
4667,Statistics
4667,Pandas
4668,Power BI
4668,MySQL
4668,Statistics
4668,SQL
4669,SQL
4669,Pandas
4669,Statistics
4669,Excel
4669,Python
4669,Machine Learning
4670,Data Visualization
4670,SQL
4670,Excel
4670,Statistics
4670,Python
4671,SQL
4671,AWS
4671,MySQL
4671,Excel
4672,Tableau
4672,Python
4672,Pandas
4672,SQL
4672,AWS
4672,Power BI
4673,Python
4673,Power BI
4673,Machine Learning
4673,SQL
4673,Pandas
4674,AWS
4674,Python
4674,Tableau
4674,Pandas
4674,Statistics
4674,Excel
4674,SQL
4675,Power BI
4675,Machine Learning
4675,Statistics
4675,Data Visualization
4676,Power BI
4676,Python
4676,Tableau
4676,Excel
4676,ETL
4676,Data Visualization
4677,SQL
4677,Python
4677,Data Visualization
4677,Excel
4677,Statistics
4677,Machine Learning
4677,AWS
4678,Python
4678,Pandas
4678,SQL
4678,Excel
4678,AWS
4679,ETL
4679,Power BI
4679,MySQL
4679,AWS
4679,SQL
4679,Tableau
4680,Power BI
4680,ETL
4680,Statistics
4680,MySQL
4680,Machine Learning
4681,Machine Learning
4681,Pandas
4681,Excel
4681,Statistics
4681,MySQL
4681,AWS
4682,Data Visualization
4682,Python
4682,MySQL
4682,Statistics
4683,Power BI
4683,AWS
4683,SQL
4683,ETL
4684,Excel
4684,Pandas
4684,Tableau
4684,Power BI
4684,ETL
4684,MySQL
4684,Python
4685,ETL
4685,Tableau
4685,SQL
4685,Python
4685,Excel
4686,Data Visualization
4686,MySQL
4686,SQL
4686,Power BI
4686,Statistics
4686,Tableau
4686,Python
4687,MySQL
4687,Excel
4687,Tableau
4687,AWS
4687,Python
4688,Excel
4688,SQL
4688,Machine Learning
4688,AWS
4688,Tableau
4688,Pandas
4689,Excel
4689,Pandas
4689,Power BI
4689,Python
4690,AWS
4690,MySQL
4690,ETL
4690,Pandas
4690,Tableau
4691,Excel
4691,Tableau
4691,ETL
4691,Power BI
4692,ETL
4692,Statistics
4692,Power BI
4692,Python
4692,SQL
4693,Tableau
4693,Machine Learning
4693,MySQL
4693,AWS
4693,Statistics
4694,Power BI
4694,Statistics
4694,ETL
4694,MySQL
4694,Tableau
4694,Machine Learning
4695,Python
4695,Power BI
4695,Data Visualization
4695,SQL
4695,Excel
4696,AWS
4696,ETL
4696,SQL
4696,Data Visualization
4696,Python
4696,Excel
4697,AWS
4697,Excel
4697,Pandas
4697,Python
4697,SQL
4697,Machine Learning
4698,Data Visualization
4698,ETL
4698,Excel
4698,MySQL
4698,Machine Learning
4699,SQL
4699,AWS
4699,Python
4699,MySQL
4699,ETL
4699,Statistics
4700,Machine Learning
4700,Python
4700,MySQL
4700,Pandas
4700,Power BI
4700,Tableau
4700,AWS
4701,Statistics
4701,Python
4701,Data Visualization
4701,AWS
4702,Tableau
4702,Data Visualization
4702,SQL
4702,Power BI
4702,Machine Learning
4702,Pandas
4702,MySQL
4703,SQL
4703,Statistics
4703,Data Visualization
4703,ETL
4703,Tableau
4704,Statistics
4704,Machine Learning
4704,Power BI
4704,Pandas
4704,MySQL
4704,Excel
4704,AWS
4705,Power BI
4705,Pandas
4705,ETL
4705,MySQL
4705,Python
4705,Tableau
4706,Excel
4706,ETL
4706,Data Visualization
4706,Tableau
4706,Statistics
4706,MySQL
4706,Machine Learning
4707,Data Visualization
4707,ETL
4707,Statistics
4707,AWS
4707,Pandas
4707,Tableau
4708,AWS
4708,Tableau
4708,Excel
4708,Machine Learning
4709,ETL
4709,Statistics
4709,Pandas
4709,AWS
4709,Data Visualization
4709,SQL
4710,Python
4710,SQL
4710,Data Visualization
4710,MySQL
4711,Power BI
4711,Machine Learning
4711,Data Visualization
4711,SQL
4711,AWS
4712,Data Visualization
4712,SQL
4712,Power BI
4712,Python
4713,Power BI
4713,Excel
4713,AWS
4713,ETL
4714,Statistics
4714,Tableau
4714,ETL
4714,Machine Learning
4715,ETL
4715,AWS
4715,Power BI
4715,Machine Learning
4715,Tableau
4715,Statistics
4715,Data Visualization
4716,ETL
4716,MySQL
4716,AWS
4716,Data Visualization
4716,Python
4716,Machine Learning
4716,Tableau
4717,MySQL
4717,SQL
4717,Tableau
4717,Pandas
4718,ETL
4718,Python
4718,Data Visualization
4718,Excel
4718,Statistics
4718,SQL
4719,AWS
4719,ETL
4719,Power BI
4719,Tableau
4719,MySQL
4720,Python
4720,AWS
4720,SQL
4720,Power BI
4720,Statistics
4720,Machine Learning
4721,AWS
4721,Python
4721,MySQL
4721,Power BI
4722,Tableau
4722,Data Visualization
4722,MySQL
4722,SQL
4723,MySQL
4723,Python
4723,Machine Learning
4723,SQL
4723,Data Visualization
4723,Statistics
4723,Excel
4724,Power BI
4724,SQL
4724,Pandas
4724,MySQL
4725,Data Visualization
4725,SQL
4725,Statistics
4725,Python
4725,MySQL
4725,Pandas
4725,Tableau
4726,AWS
4726,Statistics
4726,Power BI
4726,Tableau
4727,SQL
4727,ETL
4727,Machine Learning
4727,Pandas
4727,Data Visualization
4727,Power BI
4727,Python
4728,Data Visualization
4728,MySQL
4728,Statistics
4728,Machine Learning
4728,Tableau
4728,Power BI
4729,SQL
4729,ETL
4729,Tableau
4729,Excel
4730,Python
4730,SQL
4730,Pandas
4730,Data Visualization
4730,Statistics
4730,AWS
4730,Excel
4731,Python
4731,Power BI
4731,AWS
4731,MySQL
4732,Machine Learning
4732,Power BI
4732,Statistics
4732,Tableau
4732,Data Visualization
4733,AWS
4733,Tableau
4733,Machine Learning
4733,Pandas
4733,ETL
4734,Pandas
4734,Python
4734,ETL
4734,AWS
4734,SQL
4735,Tableau
4735,Machine Learning
4735,MySQL
4735,Statistics
4736,Pandas
4736,Python
4736,Power BI
4736,Statistics
4737,ETL
4737,Tableau
4737,Python
4737,MySQL
4737,AWS
4738,Machine Learning
4738,Pandas
4738,Data Visualization
4738,Statistics
4739,Python
4739,Excel
4739,MySQL
4739,Machine Learning
4739,SQL
4739,Data Visualization
4740,SQL
4740,MySQL
4740,Machine Learning
4740,Python
4740,AWS
4740,Excel
4740,Tableau
4741,MySQL
4741,Data Visualization
4741,AWS
4741,Power BI
4742,AWS
4742,Data Visualization
4742,SQL
4742,MySQL
4742,Power BI
4742,Pandas
4743,Data Visualization
4743,Power BI
4743,AWS
4743,Python
4743,Pandas
4743,Statistics
4744,Excel
4744,SQL
4744,AWS
4744,Python
4744,Data Visualization
4744,ETL
4745,SQL
4745,Power BI
4745,Python
4745,Pandas
4745,MySQL
4746,Excel
4746,MySQL
4746,ETL
4746,Tableau
4746,SQL
4746,Data Visualization
4747,MySQL
4747,Pandas
4747,Statistics
4747,AWS
4747,Tableau
4748,Excel
4748,Statistics
4748,Python
4748,Power BI
4749,Python
4749,Machine Learning
4749,Excel
4749,Power BI
4749,Tableau
4750,Data Visualization
4750,Machine Learning
4750,SQL
4750,ETL
4750,Power BI
4751,Pandas
4751,Tableau
4751,MySQL
4751,Power BI
4751,Python
4752,AWS
4752,MySQL
4752,Python
4752,Power BI
4753,Power BI
4753,Pandas
4753,Machine Learning
4753,Data Visualization
4753,Excel
4754,SQL
4754,Statistics
4754,ETL
4754,Python
4754,AWS
4754,Machine Learning
4755,SQL
4755,MySQL
4755,Data Visualization
4755,Machine Learning
4755,Tableau
4755,Pandas
4755,AWS
4756,Data Visualization
4756,Excel
4756,Machine Learning
4756,Statistics
4757,AWS
4757,Tableau
4757,Pandas
4757,Excel
4757,Python
4757,MySQL
4758,MySQL
4758,Statistics
4758,ETL
4758,Pandas
4758,Python
4759,SQL
4759,Excel
4759,Data Visualization
4759,Power BI
4759,Python
4759,MySQL
4760,Tableau
4760,MySQL
4760,AWS
4760,SQL
4760,Power BI
4761,Power BI
4761,Python
4761,SQL
4761,MySQL
4762,Power BI
4762,Pandas
4762,AWS
4762,Tableau
4762,ETL
4763,AWS
4763,Tableau
4763,Statistics
4763,SQL
4763,Excel
4764,Machine Learning
4764,Data Visualization
4764,AWS
4764,Tableau
4764,Statistics
4765,Excel
4765,Pandas
4765,Machine Learning
4765,Tableau
4766,Tableau
4766,Machine Learning
4766,SQL
4766,Statistics
4766,ETL
4766,Python
4767,MySQL
4767,Excel
4767,AWS
4767,Pandas
4767,Python
4768,MySQL
4768,SQL
4768,Statistics
4768,Pandas
4769,Tableau
4769,Statistics
4769,MySQL
4769,Machine Learning
4770,AWS
4770,Statistics
4770,ETL
4770,Excel
4770,SQL
4771,Machine Learning
4771,AWS
4771,ETL
4771,Tableau
4772,Tableau
4772,Data Visualization
4772,Excel
4772,AWS
4772,Power BI
4772,Pandas
4773,Tableau
4773,Pandas
4773,SQL
4773,Excel
4774,AWS
4774,Machine Learning
4774,Power BI
4774,SQL
4774,Pandas
4775,Data Visualization
4775,Statistics
4775,SQL
4775,Excel
4776,Machine Learning
4776,Data Visualization
4776,ETL
4776,AWS
4776,Python
4777,Statistics
4777,Power BI
4777,Excel
4777,Tableau
4777,MySQL
4777,Python
4778,Python
4778,Data Visualization
4778,Statistics
4778,MySQL
4778,Power BI
4779,SQL
4779,Power BI
4779,Machine Learning
4779,MySQL
4779,Statistics
4779,Pandas
4779,AWS
4780,Power BI
4780,Statistics
4780,Tableau
4780,Data Visualization
4781,SQL
4781,AWS
4781,Tableau
4781,Statistics
4781,Excel
4781,Machine Learning
4782,Machine Learning
4782,AWS
4782,Statistics
4782,Python
4782,Pandas
4783,AWS
4783,Python
4783,Machine Learning
4783,Pandas
4783,Tableau
4783,Statistics
4783,Power BI
4784,Statistics
4784,Excel
4784,MySQL
4784,Power BI
4784,AWS
4784,Machine Learning
4785,MySQL
4785,ETL
4785,Pandas
4785,Python
4786,Tableau
4786,Machine Learning
4786,Excel
4786,Data Visualization
4786,Statistics
4787,MySQL
4787,SQL
4787,Data Visualization
4787,Statistics
4787,Pandas
4787,Excel
4788,MySQL
4788,Excel
4788,Statistics
4788,Data Visualization
4788,Pandas
4788,Python
4788,ETL
4789,Machine Learning
4789,AWS
4789,ETL
4789,Statistics
4789,Python
4789,Power BI
4789,Excel
4790,Python
4790,Power BI
4790,AWS
4790,SQL
4790,Statistics
4791,Machine Learning
4791,SQL
4791,Statistics
4791,Tableau
4792,Power BI
4792,Data Visualization
4792,Tableau
4792,Machine Learning
4792,AWS
4792,Pandas
4793,Python
4793,AWS
4793,Machine Learning
4793,MySQL
4793,Power BI
4794,ETL
4794,MySQL
4794,Machine Learning
4794,Statistics
4794,AWS
4795,Tableau
4795,ETL
4795,Power BI
4795,Data Visualization
4795,Python
4795,AWS
4795,Pandas
4796,Data Visualization
4796,ETL
4796,Pandas
4796,Statistics
4796,AWS
4796,Tableau
4796,Power BI
4797,Power BI
4797,Machine Learning
4797,Data Visualization
4797,SQL
4797,Excel
4797,MySQL
4797,Python
4798,ETL
4798,Pandas
4798,Power BI
4798,Statistics
4798,MySQL
4798,Machine Learning
4799,AWS
4799,Excel
4799,SQL
4799,Power BI
4799,MySQL
4799,Pandas
4799,Machine Learning
4800,Python
4800,Pandas
4800,MySQL
4800,Statistics
4801,Data Visualization
4801,SQL
4801,Machine Learning
4801,Python
4801,Power BI
4801,ETL
4801,MySQL
4802,ETL
4802,Statistics
4802,Data Visualization
4802,MySQL
4802,Tableau
4802,Pandas
4802,SQL
4803,ETL
4803,Pandas
4803,Machine Learning
4803,Excel
4803,Power BI
4803,Tableau
4804,Machine Learning
4804,Data Visualization
4804,Statistics
4804,Power BI
4805,Python
4805,Statistics
4805,AWS
4805,SQL
4805,Tableau
4805,Power BI
4805,Machine Learning
4806,ETL
4806,Python
4806,Excel
4806,Machine Learning
4806,AWS
4807,MySQL
4807,Excel
4807,Tableau
4807,Python
4807,Statistics
4807,Pandas
4807,AWS
4808,Python
4808,MySQL
4808,SQL
4808,Tableau
4808,Machine Learning
4809,Pandas
4809,SQL
4809,Machine Learning
4809,MySQL
4809,Data Visualization
4810,Excel
4810,Pandas
4810,Power BI
4810,Machine Learning
4810,ETL
4811,Statistics
4811,Data Visualization
4811,AWS
4811,MySQL
4812,Excel
4812,SQL
4812,Data Visualization
4812,Pandas
4812,Machine Learning
4813,Statistics
4813,Excel
4813,Data Visualization
4813,Tableau
4814,Excel
4814,Machine Learning
4814,Pandas
4814,Tableau
4814,MySQL
4814,SQL
4815,MySQL
4815,AWS
4815,Data Visualization
4815,Tableau
4815,SQL
4815,Statistics
4816,Excel
4816,ETL
4816,AWS
4816,SQL
4816,Tableau
4816,Python
4816,Pandas
4817,Excel
4817,ETL
4817,SQL
4817,Pandas
4817,Machine Learning
4818,MySQL
4818,ETL
4818,Python
4818,Machine Learning
4819,SQL
4819,MySQL
4819,Excel
4819,Machine Learning
4819,Power BI
4819,Python
4820,Power BI
4820,ETL
4820,MySQL
4820,Statistics
4820,Machine Learning
4820,Data Visualization
4820,Excel
4821,Tableau
4821,MySQL
4821,ETL
4821,Pandas
4821,Data Visualization
4821,SQL
4822,Pandas
4822,ETL
4822,MySQL
4822,AWS
4822,SQL
4823,Tableau
4823,ETL
4823,Data Visualization
4823,MySQL
4824,Data Visualization
4824,Python
4824,Tableau
4824,Statistics
4824,Power BI
4824,Machine Learning
4824,ETL
4825,SQL
4825,Data Visualization
4825,Statistics
4825,Excel
4826,Python
4826,Excel
4826,MySQL
4826,SQL
4826,Machine Learning
4826,ETL
4826,Data Visualization
4827,Statistics
4827,Python
4827,ETL
4827,MySQL
4828,MySQL
4828,Python
4828,Power BI
4828,Statistics
4829,Python
4829,SQL
4829,Power BI
4829,Tableau
4830,Excel
4830,Python
4830,Power BI
4830,MySQL
4830,Pandas
4831,Power BI
4831,AWS
4831,Tableau
4831,MySQL
4831,Machine Learning
4832,Data Visualization
4832,Statistics
4832,MySQL
4832,Python
4832,AWS
4833,Machine Learning
4833,SQL
4833,Data Visualization
4833,MySQL
4833,AWS
4834,AWS
4834,Python
4834,SQL
4834,ETL
4834,Tableau
4834,Statistics
4835,MySQL
4835,Power BI
4835,Data Visualization
4835,Python
4836,Power BI
4836,Tableau
4836,SQL
4836,ETL
4836,Machine Learning
4836,Statistics
4836,Data Visualization
4837,Python
4837,AWS
4837,MySQL
4837,Power BI
4838,Excel
4838,SQL
4838,Statistics
4838,ETL
4839,MySQL
4839,Power BI
4839,ETL
4839,Excel
4839,Statistics
4839,Machine Learning
4840,Data Visualization
4840,Machine Learning
4840,Statistics
4840,Tableau
4841,Statistics
4841,Power BI
4841,Machine Learning
4841,AWS
4841,Excel
4842,Power BI
4842,AWS
4842,SQL
4842,MySQL
4843,Machine Learning
4843,Data Visualization
4843,AWS
4843,Tableau
4843,Statistics
4843,ETL
4844,AWS
4844,Excel
4844,SQL
4844,Statistics
4844,Machine Learning
4844,Tableau
4845,MySQL
4845,Excel
4845,Power BI
4845,Machine Learning
4845,Data Visualization
4846,AWS
4846,Data Visualization
4846,Statistics
4846,Pandas
4846,Excel
4846,Machine Learning
4847,Machine Learning
4847,Statistics
4847,Excel
4847,Data Visualization
4848,AWS
4848,Pandas
4848,Tableau
4848,MySQL
4849,ETL
4849,AWS
4849,Tableau
4849,SQL
4850,AWS
4850,Tableau
4850,Data Visualization
4850,ETL
4850,Power BI
4850,Python
4850,MySQL
4851,Excel
4851,Tableau
4851,Power BI
4851,Statistics
4851,Data Visualization
4851,Pandas
4851,ETL
4852,ETL
4852,Statistics
4852,SQL
4852,Pandas
4852,MySQL
4852,Power BI
4853,SQL
4853,Machine Learning
4853,Statistics
4853,Power BI
4854,Tableau
4854,AWS
4854,Data Visualization
4854,Statistics
4855,Data Visualization
4855,Excel
4855,AWS
4855,SQL
4855,Power BI
4855,Machine Learning
4855,Pandas
4856,Excel
4856,MySQL
4856,Power BI
4856,SQL
4856,Tableau
4856,Statistics
4857,ETL
4857,Power BI
4857,Excel
4857,MySQL
4857,Tableau
4857,SQL
4857,Machine Learning
4858,Power BI
4858,Pandas
4858,Statistics
4858,Excel
4858,Tableau
4858,Python
4858,SQL
4859,ETL
4859,Power BI
4859,Machine Learning
4859,Python
4859,Excel
4859,Pandas
4860,Tableau
4860,MySQL
4860,AWS
4860,Machine Learning
4860,Power BI
4860,SQL
4861,Statistics
4861,MySQL
4861,Pandas
4861,Tableau
4861,SQL
4861,Data Visualization
4861,Excel
4862,SQL
4862,Power BI
4862,ETL
4862,Pandas
4862,Tableau
4862,AWS
4863,AWS
4863,SQL
4863,Python
4863,Data Visualization
4864,Python
4864,Tableau
4864,Statistics
4864,AWS
4864,ETL
4864,Data Visualization
4864,Excel
4865,Power BI
4865,Tableau
4865,Data Visualization
4865,Excel
4865,MySQL
4866,SQL
4866,ETL
4866,MySQL
4866,Statistics
4866,Pandas
4866,AWS
4866,Machine Learning
4867,Excel
4867,Python
4867,ETL
4867,Data Visualization
4868,AWS
4868,ETL
4868,Statistics
4868,MySQL
4868,Python
4868,Pandas
4869,Statistics
4869,Data Visualization
4869,MySQL
4869,Power BI
4870,AWS
4870,Machine Learning
4870,ETL
4870,Python
4870,MySQL
4871,Tableau
4871,Pandas
4871,Data Visualization
4871,Machine Learning
4871,AWS
4872,Python
4872,Power BI
4872,MySQL
4872,Excel
4872,AWS
4872,Statistics
4872,Data Visualization
4873,Python
4873,Power BI
4873,Data Visualization
4873,SQL
4873,AWS
4873,Statistics
4873,Tableau
4874,Statistics
4874,ETL
4874,Power BI
4874,Excel
4874,Pandas
4874,SQL
4874,Python
4875,Power BI
4875,AWS
4875,Pandas
4875,MySQL
4876,ETL
4876,Python
4876,SQL
4876,MySQL
4877,Statistics
4877,Tableau
4877,Excel
4877,ETL
4877,SQL
4877,MySQL
4878,Statistics
4878,Machine Learning
4878,Power BI
4878,Tableau
4878,MySQL
4879,Pandas
4879,Data Visualization
4879,Python
4879,Excel
4880,Statistics
4880,Tableau
4880,Data Visualization
4880,Python
4880,MySQL
4880,AWS
4881,Tableau
4881,ETL
4881,MySQL
4881,SQL
4881,AWS
4882,Machine Learning
4882,AWS
4882,ETL
4882,SQL
4882,Excel
4882,Statistics
4882,Pandas
4883,Statistics
4883,AWS
4883,Machine Learning
4883,Power BI
4884,MySQL
4884,Pandas
4884,Machine Learning
4884,Excel
4884,Statistics
4885,MySQL
4885,ETL
4885,Machine Learning
4885,Python
4885,AWS
4885,Statistics
4885,Tableau
4886,MySQL
4886,Data Visualization
4886,SQL
4886,Pandas
4887,Power BI
4887,SQL
4887,ETL
4887,MySQL
4888,Machine Learning
4888,SQL
4888,Pandas
4888,AWS
4888,Tableau
4888,ETL
4889,Data Visualization
4889,ETL
4889,Tableau
4889,Python
4890,Power BI
4890,Machine Learning
4890,Tableau
4890,Pandas
4890,SQL
4890,Statistics
4891,Tableau
4891,Data Visualization
4891,MySQL
4891,Power BI
4891,Python
4891,Pandas
4892,Statistics
4892,SQL
4892,Power BI
4892,MySQL
4892,Python
4892,Pandas
4892,AWS
4893,Tableau
4893,Data Visualization
4893,MySQL
4893,Pandas
4893,Excel
4893,ETL
4894,Pandas
4894,Statistics
4894,AWS
4894,ETL
4894,Python
4894,Machine Learning
4894,Excel
4895,Machine Learning
4895,Pandas
4895,Python
4895,Excel
4895,ETL
4896,SQL
4896,ETL
4896,Python
4896,Pandas
4896,Data Visualization
4896,AWS
4897,Statistics
4897,ETL
4897,Pandas
4897,Tableau
4897,SQL
4897,MySQL
4897,Data Visualization
4898,Power BI
4898,MySQL
4898,Excel
4898,ETL
4898,SQL
4898,AWS
4898,Data Visualization
4899,MySQL
4899,Data Visualization
4899,Excel
4899,Power BI
4899,SQL
4899,AWS
4900,MySQL
4900,Data Visualization
4900,Excel
4900,SQL
4901,MySQL
4901,Statistics
4901,Machine Learning
4901,AWS
4901,Power BI
4902,MySQL
4902,Machine Learning
4902,ETL
4902,Excel
4902,Pandas
4903,ETL
4903,AWS
4903,Tableau
4903,Statistics
4904,Tableau
4904,AWS
4904,Pandas
4904,SQL
4905,Data Visualization
4905,Power BI
4905,ETL
4905,SQL
4906,Tableau
4906,Pandas
4906,MySQL
4906,Machine Learning
4906,ETL
4907,Python
4907,Pandas
4907,ETL
4907,Machine Learning
4908,ETL
4908,SQL
4908,Excel
4908,Python
4909,Excel
4909,ETL
4909,Machine Learning
4909,Python
4909,Tableau
4909,MySQL
4909,Pandas
4910,Machine Learning
4910,Python
4910,AWS
4910,ETL
4911,SQL
4911,ETL
4911,Statistics
4911,AWS
4911,Python
4912,MySQL
4912,SQL
4912,Pandas
4912,Excel
4912,AWS
4912,Data Visualization
4913,Power BI
4913,Python
4913,Machine Learning
4913,Tableau
4913,SQL
4913,Statistics
4913,Excel
4914,Statistics
4914,MySQL
4914,Python
4914,AWS
4914,Machine Learning
4914,Excel
4915,Statistics
4915,Python
4915,SQL
4915,Pandas
4916,Python
4916,AWS
4916,ETL
4916,Statistics
4916,Power BI
4916,Pandas
4917,Power BI
4917,ETL
4917,Pandas
4917,AWS
4917,Excel
4918,Tableau
4918,Data Visualization
4918,SQL
4918,ETL
4918,MySQL
4918,Power BI
4918,Statistics
4919,Tableau
4919,ETL
4919,Pandas
4919,Excel
4920,MySQL
4920,ETL
4920,AWS
4920,Tableau
4920,Data Visualization
4920,Power BI
4921,AWS
4921,Tableau
4921,Pandas
4921,SQL
4922,SQL
4922,Statistics
4922,MySQL
4922,ETL
4923,SQL
4923,Data Visualization
4923,Machine Learning
4923,AWS
4924,Statistics
4924,SQL
4924,Data Visualization
4924,AWS
4925,SQL
4925,Power BI
4925,Machine Learning
4925,Data Visualization
4925,Statistics
4925,Python
4925,AWS
4926,AWS
4926,Machine Learning
4926,Statistics
4926,Tableau
4926,Data Visualization
4926,SQL
4926,Excel
4927,Python
4927,Pandas
4927,Statistics
4927,Data Visualization
4927,SQL
4927,MySQL
4928,Python
4928,Excel
4928,Data Visualization
4928,Statistics
4929,Pandas
4929,Python
4929,MySQL
4929,AWS
4929,SQL
4929,Data Visualization
4930,Pandas
4930,SQL
4930,ETL
4930,Python
4931,Power BI
4931,Statistics
4931,Excel
4931,MySQL
4932,Excel
4932,Power BI
4932,Tableau
4932,ETL
4933,Python
4933,Pandas
4933,AWS
4933,Data Visualization
4933,Power BI
4933,Tableau
4933,SQL
4934,Tableau
4934,AWS
4934,Excel
4934,Statistics
4934,Data Visualization
4935,Tableau
4935,Excel
4935,Power BI
4935,MySQL
4935,Machine Learning
4936,Tableau
4936,ETL
4936,AWS
4936,Pandas
4936,Statistics
4936,Machine Learning
4937,Power BI
4937,ETL
4937,Statistics
4937,Tableau
4937,Pandas
4937,Excel
4938,SQL
4938,Excel
4938,Python
4938,Data Visualization
4938,Tableau
4938,ETL
4939,ETL
4939,Python
4939,Excel
4939,Machine Learning
4939,AWS
4939,Power BI
4939,MySQL
4940,MySQL
4940,Power BI
4940,Python
4940,Data Visualization
4940,Machine Learning
4941,Data Visualization
4941,Machine Learning
4941,SQL
4941,Tableau
4941,ETL
4941,Power BI
4942,ETL
4942,Excel
4942,Pandas
4942,Data Visualization
4942,AWS
4942,Machine Learning
4943,ETL
4943,Machine Learning
4943,Data Visualization
4943,Tableau
4943,Statistics
4943,Pandas
4943,Power BI
4944,MySQL
4944,ETL
4944,Machine Learning
4944,Python
4944,SQL
4944,Power BI
4945,Power BI
4945,Excel
4945,Machine Learning
4945,Python
4945,MySQL
4945,Data Visualization
4945,Statistics
4946,Statistics
4946,SQL
4946,AWS
4946,Tableau
4947,Pandas
4947,Data Visualization
4947,SQL
4947,Tableau
4948,Data Visualization
4948,Excel
4948,MySQL
4948,Statistics
4948,SQL
4949,AWS
4949,Python
4949,Pandas
4949,ETL
4949,Data Visualization
4950,AWS
4950,SQL
4950,Machine Learning
4950,Statistics
4950,Power BI
4950,Data Visualization
4951,ETL
4951,Python
4951,SQL
4951,Statistics
4951,Machine Learning
4952,ETL
4952,Python
4952,Tableau
4952,Data Visualization
4952,SQL
4952,Machine Learning
4952,MySQL
4953,Excel
4953,AWS
4953,Statistics
4953,Data Visualization
4954,Statistics
4954,Tableau
4954,AWS
4954,Excel
4954,Machine Learning
4955,MySQL
4955,SQL
4955,Excel
4955,AWS
4955,Data Visualization
4956,Data Visualization
4956,Pandas
4956,Excel
4956,Power BI
4956,Machine Learning
4956,AWS
4957,Power BI
4957,Statistics
4957,Python
4957,AWS
4957,SQL
4957,Machine Learning
4957,Pandas
4958,Python
4958,Machine Learning
4958,AWS
4958,ETL
4958,Statistics
4959,Power BI
4959,Data Visualization
4959,Tableau
4959,AWS
4959,Machine Learning
4960,Pandas
4960,Python
4960,Tableau
4960,Data Visualization
4961,Statistics
4961,Python
4961,AWS
4961,Machine Learning
4961,Pandas
4962,Machine Learning
4962,MySQL
4962,Python
4962,Statistics
4962,Pandas
4963,AWS
4963,ETL
4963,Python
4963,Pandas
4963,MySQL
4963,Tableau
4963,Excel
4964,ETL
4964,Tableau
4964,Python
4964,SQL
4965,Python
4965,Machine Learning
4965,Tableau
4965,Pandas
4965,Statistics
4965,ETL
4966,Statistics
4966,Excel
4966,Python
4966,AWS
4967,ETL
4967,Tableau
4967,Power BI
4967,SQL
4967,Python
4967,AWS
4967,Excel
4968,SQL
4968,Machine Learning
4968,Excel
4968,AWS
4968,ETL
4968,Pandas
4968,Statistics
4969,Machine Learning
4969,Python
4969,Power BI
4969,ETL
4969,Excel
4969,Statistics
4970,Excel
4970,Statistics
4970,Tableau
4970,ETL
4970,Power BI
4970,Pandas
4970,Machine Learning
4971,MySQL
4971,Pandas
4971,Tableau
4971,ETL
4971,SQL
4971,Power BI
4971,Machine Learning
4972,Python
4972,Excel
4972,Tableau
4972,Data Visualization
4972,ETL
4972,Statistics
4972,Machine Learning
4973,MySQL
4973,Python
4973,Excel
4973,Machine Learning
4974,ETL
4974,Excel
4974,Statistics
4974,SQL
4974,Python
4975,Pandas
4975,Tableau
4975,Statistics
4975,SQL
4975,Excel
4975,Power BI
4976,Pandas
4976,Excel
4976,Machine Learning
4976,ETL
4976,Data Visualization
4977,MySQL
4977,Tableau
4977,ETL
4977,Statistics
4977,Python
4977,Machine Learning
4978,Tableau
4978,AWS
4978,Data Visualization
4978,Python
4978,SQL
4979,Statistics
4979,ETL
4979,MySQL
4979,Python
4979,Data Visualization
4979,Power BI
4980,SQL
4980,Statistics
4980,Tableau
4980,Machine Learning
4980,Power BI
4980,Data Visualization
4981,SQL
4981,Power BI
4981,Data Visualization
4981,Python
4981,Pandas
4981,MySQL
4981,Statistics
4982,Power BI
4982,Pandas
4982,Tableau
4982,SQL
4982,Excel
4982,Machine Learning
4983,MySQL
4983,SQL
4983,ETL
4983,Data Visualization
4984,MySQL
4984,Data Visualization
4984,Power BI
4984,Python
4984,Pandas
4985,Excel
4985,Power BI
4985,Pandas
4985,Data Visualization
4986,Python
4986,MySQL
4986,Machine Learning
4986,SQL
4986,Tableau
4987,MySQL
4987,Excel
4987,SQL
4987,ETL
4987,Python
4988,Excel
4988,Machine Learning
4988,AWS
4988,MySQL
4989,Python
4989,AWS
4989,Machine Learning
4989,Statistics
4990,Tableau
4990,Python
4990,Pandas
4990,MySQL
4990,Statistics
4990,ETL
4991,Statistics
4991,Machine Learning
4991,Data Visualization
4991,ETL
4991,MySQL
4991,Pandas
4992,Pandas
4992,Statistics
4992,AWS
4992,ETL
4992,Machine Learning
4992,Power BI
4992,MySQL
4993,Statistics
4993,Pandas
4993,Python
4993,SQL
4993,Tableau
4993,Power BI
4994,AWS
4994,Excel
4994,Machine Learning
4994,Tableau
4994,Data Visualization
4994,Statistics
4994,MySQL
4995,Python
4995,Statistics
4995,ETL
4995,Pandas
4995,SQL
4996,Excel
4996,Power BI
4996,AWS
4996,ETL
4996,Machine Learning
4997,SQL
4997,Pandas
4997,Data Visualization
4997,Statistics
4997,Excel
4997,Power BI
4998,Pandas
4998,Python
4998,SQL
4998,Statistics
4998,MySQL
4998,Machine Learning
4998,Tableau
4999,Data Visualization
4999,SQL
4999,ETL
4999,Pandas
4999,Python
4999,Excel
5000,Machine Learning
5000,Excel
5000,Python
5000,AWS
5000,Statistics
5000,ETL
