job_id,job_title,company_id,company_name,location,experience_level,salary_lpa,posted_date
1,Data Analyst,1,TCS,Delhi NCR,Fresher,7.6,2025-02-25
2,Data Analyst,6,Capgemini,Bangalore,0-2 Years,12.83,2025-06-20
3,Data Analyst,2,Infosys,Bangalore,0-2 Years,13.78,2025-01-23
4,Data Analyst,5,Deloitte,Kolkata,0-2 Years,12.83,2025-01-19
5,Data Analyst,7,Cognizant,Jaipur,0-2 Years,10.72,2025-12-08
6,Data Analyst,3,Wipro,Hyderabad,5+ Years,23.72,2025-03-29
7,Data Analyst,10,Tech Mahindra,Chennai,Fresher,9.4,2025-11-18
8,Data Analyst,5,Deloitte,Ahmedabad,5+ Years,23.92,2025-04-30
9,Data Analyst,1,TCS,Bangalore,Fresher,8.44,2025-05-12
10,Data Analyst,10,Tech Mahindra,Hyderabad,0-2 Years,12.65,2025-02-12
11,Data Analyst,5,Deloitte,Ahmedabad,Fresher,6.44,2025-08-01
12,Data Analyst,14,PwC,Pune,0-2 Years,10.94,2025-02-10
13,Data Analyst,3,Wipro,Delhi NCR,2-5 Years,16.29,2025-03-06
14,Data Analyst,12,Microsoft,Pune,0-2 Years,9.2,2025-08-19
15,Data Analyst,9,HCL,Jaipur,Fresher,4.93,2025-10-07
16,Data Analyst,4,Accenture,Mumbai,2-5 Years,16.83,2025-01-23
17,Data Analyst,4,Accenture,Delhi NCR,0-2 Years,9.78,2025-06-12
18,Data Analyst,15,KPMG,Jaipur,Fresher,7.38,2025-09-10
19,Data Analyst,14,PwC,Jaipur,5+ Years,21.91,2025-01-04
20,Data Analyst,6,Capgemini,Kolkata,0-2 Years,9.31,2025-08-18
21,Data Analyst,9,HCL,Delhi NCR,2-5 Years,17.76,2025-10-14
22,Data Analyst,6,Capgemini,Bangalore,5+ Years,24.73,2025-07-18
23,Data Analyst,8,IBM,Delhi NCR,2-5 Years,16.08,2025-06-26
24,Data Analyst,1,TCS,Pune,Fresher,5.79,2025-09-12
25,Data Analyst,6,Capgemini,Chennai,2-5 Years,15.85,2025-01-17
26,Data Analyst,4,Accenture,Hyderabad,2-5 Years,17.13,2025-08-02
27,Data Analyst,3,Wipro,Mumbai,Fresher,7.12,2025-09-29
28,Data Analyst,9,HCL,Hyderabad,Fresher,8.45,2025-10-13
29,Data Analyst,13,Flipkart,Ahmedabad,Fresher,6.28,2025-12-01
30,Data Analyst,4,Accenture,Bangalore,0-2 Years,12.65,2025-07-26
31,Data Analyst,1,TCS,Bangalore,5+ Years,24.28,2025-08-12
32,Data Analyst,9,HCL,Bangalore,2-5 Years,20.22,2025-08-27
33,Data Analyst,9,HCL,Mumbai,0-2 Years,12.48,2025-09-12
34,Data Analyst,3,Wipro,Hyderabad,0-2 Years,10.73,2025-10-10
35,Data Analyst,6,Capgemini,Mumbai,0-2 Years,13.49,2025-09-18
36,Data Analyst,13,Flipkart,Mumbai,5+ Years,23.03,2025-03-06
37,Data Analyst,3,Wipro,Mumbai,0-2 Years,12.75,2025-12-05
38,Data Analyst,3,Wipro,Bangalore,0-2 Years,10.65,2025-04-16
39,Data Analyst,11,Amazon,Bangalore,0-2 Years,11.41,2025-06-26
40,Data Analyst,15,KPMG,Mumbai,0-2 Years,12.74,2025-01-01
41,Data Analyst,7,Cognizant,Bangalore,2-5 Years,18.89,2025-12-20
42,Data Analyst,2,Infosys,Kolkata,2-5 Years,16.21,2025-08-16
43,Data Analyst,7,Cognizant,Hyderabad,0-2 Years,11.86,2025-08-07
44,Data Analyst,5,Deloitte,Bangalore,2-5 Years,17.64,2025-12-11
45,Data Analyst,12,Microsoft,Hyderabad,0-2 Years,10.23,2025-02-07
46,Data Analyst,2,Infosys,Delhi NCR,0-2 Years,10.14,2025-03-03
47,Data Analyst,4,Accenture,Bangalore,Fresher,8.45,2025-02-21
48,Data Analyst,4,Accenture,Mumbai,5+ Years,25.77,2025-03-08
49,Data Analyst,3,Wipro,Kolkata,2-5 Years,16.41,2025-01-13
50,Data Analyst,11,Amazon,Jaipur,2-5 Years,13.88,2025-06-09
51,Data Analyst,7,Cognizant,Mumbai,0-2 Years,12.89,2025-03-20
52,Data Analyst,8,IBM,Mumbai,0-2 Years,12.04,2025-08-11
53,Data Analyst,15,KPMG,Delhi NCR,2-5 Years,15.19,2025-01-19
54,Data Analyst,13,Flipkart,Ahmedabad,2-5 Years,16.73,2025-04-04
55,Data Analyst,11,Amazon,Pune,2-5 Years,17.74,2025-06-04
56,Data Analyst,3,Wipro,Jaipur,0-2 Years,12.12,2025-10-09
57,Data Analyst,9,HCL,Hyderabad,0-2 Years,10.99,2025-11-17
58,Data Analyst,5,Deloitte,Jaipur,2-5 Years,15.63,2025-11-30
59,Data Analyst,2,Infosys,Ahmedabad,2-5 Years,16.4,2025-12-06
60,Data Analyst,10,Tech Mahindra,Kolkata,5+ Years,24.17,2025-12-31
61,Data Analyst,8,IBM,Chennai,0-2 Years,10.92,2025-08-02
62,Data Analyst,12,Microsoft,Bangalore,2-5 Years,17.78,2025-03-15
63,Data Analyst,13,Flipkart,Pune,2-5 Years,15.17,2025-09-18
64,Data Analyst,5,Deloitte,Chennai,5+ Years,22.06,2025-08-13
65,Data Analyst,1,TCS,Kolkata,2-5 Years,16.98,2025-06-17
66,Data Analyst,13,Flipkart,Mumbai,5+ Years,26.13,2025-12-11
67,Data Analyst,11,Amazon,Ahmedabad,0-2 Years,10.91,2025-08-29
68,Data Analyst,5,Deloitte,Hyderabad,0-2 Years,13.2,2025-03-02
69,Data Analyst,7,Cognizant,Ahmedabad,Fresher,7.43,2025-06-28
70,Data Analyst,2,Infosys,Chennai,0-2 Years,10.73,2025-04-11
71,Data Analyst,14,PwC,Hyderabad,0-2 Years,12.43,2025-08-18
72,Data Analyst,7,Cognizant,Kolkata,2-5 Years,17.85,2025-07-08
73,Data Analyst,8,IBM,Kolkata,0-2 Years,10.96,2025-04-15
74,Data Analyst,4,Accenture,Jaipur,2-5 Years,17.88,2025-08-30
75,Data Analyst,14,PwC,Delhi NCR,5+ Years,19.86,2025-08-26
76,Data Analyst,15,KPMG,Delhi NCR,Fresher,7.99,2025-08-27
77,Data Analyst,3,Wipro,Mumbai,2-5 Years,17.6,2025-08-02
78,Data Analyst,4,Accenture,Kolkata,2-5 Years,15.64,2025-10-26
79,Data Analyst,12,Microsoft,Pune,Fresher,7.61,2025-06-05
80,Data Analyst,5,Deloitte,Mumbai,0-2 Years,10.11,2025-06-08
81,Data Analyst,13,Flipkart,Chennai,2-5 Years,16.24,2025-06-16
82,Data Analyst,4,Accenture,Hyderabad,0-2 Years,12.43,2025-03-30
83,Data Analyst,11,Amazon,Hyderabad,0-2 Years,13.77,2025-12-11
84,Data Analyst,10,Tech Mahindra,Ahmedabad,0-2 Years,10.38,2025-11-04
85,Data Analyst,12,Microsoft,Ahmedabad,0-2 Years,10.03,2025-10-28
86,Data Analyst,15,KPMG,Hyderabad,Fresher,7.4,2025-12-25
87,Data Analyst,9,HCL,Mumbai,2-5 Years,18.6,2025-02-09
88,Data Analyst,10,Tech Mahindra,Mumbai,5+ Years,24.89,2025-12-31
89,Data Analyst,2,Infosys,Pune,0-2 Years,10.86,2025-08-12
90,Data Analyst,3,Wipro,Ahmedabad,2-5 Years,16.62,2025-06-04
91,Data Analyst,6,Capgemini,Hyderabad,0-2 Years,12.12,2025-12-26
92,Data Analyst,11,Amazon,Chennai,0-2 Years,12.66,2025-07-18
93,Data Analyst,12,Microsoft,Ahmedabad,2-5 Years,15.16,2025-12-12
94,Data Analyst,5,Deloitte,Chennai,2-5 Years,16.11,2025-07-22
95,Data Analyst,10,Tech Mahindra,Mumbai,0-2 Years,12.03,2025-08-16
96,Data Analyst,1,TCS,Mumbai,Fresher,6.74,2025-05-19
97,Data Analyst,3,Wipro,Delhi NCR,2-5 Years,16.36,2025-01-29
98,Data Analyst,12,Microsoft,Ahmedabad,5+ Years,23.31,2025-02-17
99,Data Analyst,1,TCS,Bangalore,0-2 Years,13.01,2025-08-08
100,Data Analyst,14,PwC,Pune,5+ Years,23.22,2025-12-19
101,Data Analyst,8,IBM,Jaipur,2-5 Years,14.3,2025-04-09
102,Data Analyst,4,Accenture,Bangalore,2-5 Years,17.5,2025-04-10
103,Data Analyst,3,Wipro,Mumbai,0-2 Years,12.09,2025-11-21
104,Data Analyst,12,Microsoft,Bangalore,0-2 Years,12.04,2025-10-17
105,Data Analyst,11,Amazon,Hyderabad,0-2 Years,11.81,2025-06-05
106,Data Analyst,5,Deloitte,Ahmedabad,0-2 Years,11.48,2025-05-11
107,Data Analyst,9,HCL,Hyderabad,2-5 Years,19.26,2025-08-11
108,Data Analyst,11,Amazon,Mumbai,0-2 Years,12.71,2025-11-30
109,Data Analyst,7,Cognizant,Pune,5+ Years,23.81,2025-07-13
110,Data Analyst,4,Accenture,Bangalore,2-5 Years,17.91,2025-04-15
111,Data Analyst,12,Microsoft,Pune,2-5 Years,14.2,2025-06-17
112,Data Analyst,13,Flipkart,Kolkata,2-5 Years,15.97,2025-02-26
113,Data Analyst,7,Cognizant,Hyderabad,0-2 Years,12.07,2025-03-09
114,Data Analyst,4,Accenture,Ahmedabad,Fresher,9.96,2025-04-22
115,Data Analyst,10,Tech Mahindra,Mumbai,Fresher,8.27,2025-02-02
116,Data Analyst,9,HCL,Pune,0-2 Years,11.86,2025-02-13
117,Data Analyst,11,Amazon,Delhi NCR,0-2 Years,10.96,2025-03-01
118,Data Analyst,2,Infosys,Jaipur,2-5 Years,14.6,2025-05-06
119,Data Analyst,1,TCS,Hyderabad,2-5 Years,18.37,2025-02-25
120,Data Analyst,14,PwC,Jaipur,2-5 Years,16.9,2025-10-09
121,Data Analyst,14,PwC,Delhi NCR,Fresher,7.95,2025-08-17
122,Data Analyst,5,Deloitte,Kolkata,2-5 Years,14.91,2025-08-26
123,Data Analyst,12,Microsoft,Jaipur,5+ Years,24.68,2025-11-20
124,Data Analyst,2,Infosys,Ahmedabad,2-5 Years,14.32,2025-07-22
125,Data Analyst,11,Amazon,Jaipur,0-2 Years,11.7,2025-09-28
126,Data Analyst,8,IBM,Kolkata,Fresher,9.63,2025-08-25
127,Data Analyst,2,Infosys,Delhi NCR,0-2 Years,9.81,2025-12-18
128,Data Analyst,13,Flipkart,Bangalore,0-2 Years,12.32,2025-05-31
129,Data Analyst,14,PwC,Pune,0-2 Years,11.62,2025-03-09
130,Data Analyst,4,Accenture,Kolkata,5+ Years,22.4,2025-03-23
131,Data Analyst,14,PwC,Mumbai,0-2 Years,10.64,2025-06-01
132,Data Analyst,14,PwC,Bangalore,0-2 Years,13.08,2025-03-14
133,Data Analyst,14,PwC,Pune,Fresher,6.23,2025-03-04
134,Data Analyst,1,TCS,Hyderabad,0-2 Years,12.57,2025-12-09
135,Data Analyst,12,Microsoft,Delhi NCR,0-2 Years,9.9,2025-11-04
136,Data Analyst,4,Accenture,Delhi NCR,2-5 Years,17.86,2025-07-26
137,Data Analyst,12,Microsoft,Delhi NCR,2-5 Years,15.06,2025-04-26
138,Data Analyst,1,TCS,Mumbai,0-2 Years,12.11,2025-12-05
139,Data Analyst,2,Infosys,Jaipur,2-5 Years,16.98,2025-12-01
140,Data Analyst,3,Wipro,Delhi NCR,0-2 Years,9.52,2025-12-13
141,Data Analyst,7,Cognizant,Hyderabad,Fresher,8.27,2025-07-28
142,Data Analyst,12,Microsoft,Pune,5+ Years,25.07,2025-12-11
143,Data Analyst,15,KPMG,Kolkata,5+ Years,21.07,2025-02-21
144,Data Analyst,5,Deloitte,Jaipur,0-2 Years,11.22,2025-10-09
145,Data Analyst,1,TCS,Hyderabad,0-2 Years,12.31,2025-02-13
146,Data Analyst,1,TCS,Pune,0-2 Years,12.44,2025-10-07
147,Data Analyst,15,KPMG,Ahmedabad,5+ Years,21.52,2025-03-28
148,Data Analyst,9,HCL,Bangalore,0-2 Years,11.42,2025-11-19
149,Data Analyst,10,Tech Mahindra,Bangalore,Fresher,9.63,2025-10-27
150,Data Analyst,15,KPMG,Mumbai,0-2 Years,12.86,2025-10-15
151,Data Analyst,12,Microsoft,Chennai,2-5 Years,16.8,2025-01-29
152,Data Analyst,14,PwC,Delhi NCR,5+ Years,23.42,2025-02-05
153,Data Analyst,3,Wipro,Chennai,2-5 Years,15.68,2025-12-07
154,Data Analyst,1,TCS,Ahmedabad,5+ Years,23.28,2025-05-03
155,Data Analyst,1,TCS,Bangalore,5+ Years,25.35,2025-03-22
156,Data Analyst,12,Microsoft,Mumbai,0-2 Years,11.64,2025-04-05
157,Data Analyst,5,Deloitte,Hyderabad,2-5 Years,19.24,2025-02-04
158,Data Analyst,3,Wipro,Ahmedabad,2-5 Years,16.57,2025-01-28
159,Data Analyst,14,PwC,Kolkata,2-5 Years,14.57,2025-04-18
160,Data Analyst,8,IBM,Jaipur,2-5 Years,16.79,2025-02-17
161,Data Analyst,6,Capgemini,Jaipur,0-2 Years,9.83,2025-03-10
162,Data Analyst,9,HCL,Delhi NCR,0-2 Years,11.94,2025-09-09
163,Data Analyst,7,Cognizant,Kolkata,2-5 Years,17.39,2025-08-19
164,Data Analyst,8,IBM,Chennai,2-5 Years,15.52,2025-06-11
165,Data Analyst,10,Tech Mahindra,Kolkata,2-5 Years,17.16,2025-04-05
166,Data Analyst,7,Cognizant,Jaipur,Fresher,7.5,2025-05-24
167,Data Analyst,15,KPMG,Chennai,0-2 Years,12.49,2025-11-11
168,Data Analyst,3,Wipro,Kolkata,0-2 Years,13.28,2025-12-11
169,Data Analyst,13,Flipkart,Bangalore,2-5 Years,17.71,2025-07-14
170,Data Analyst,1,TCS,Bangalore,5+ Years,24.1,2025-03-30
171,Data Analyst,6,Capgemini,Kolkata,2-5 Years,14.93,2025-02-05
172,Data Analyst,11,Amazon,Delhi NCR,0-2 Years,10.02,2025-07-13
173,Data Analyst,4,Accenture,Kolkata,0-2 Years,10.91,2025-10-12
174,Data Analyst,13,Flipkart,Chennai,2-5 Years,16.91,2025-08-22
175,Data Analyst,14,PwC,Pune,0-2 Years,11.83,2025-03-24
176,Data Analyst,1,TCS,Bangalore,2-5 Years,18.99,2025-03-08
177,Data Analyst,8,IBM,Pune,2-5 Years,16.52,2025-09-01
178,Data Analyst,6,Capgemini,Bangalore,Fresher,10.74,2025-09-17
179,Data Analyst,12,Microsoft,Jaipur,0-2 Years,10.68,2025-01-10
180,Data Analyst,3,Wipro,Bangalore,0-2 Years,16.26,2025-03-31
181,Data Analyst,13,Flipkart,Kolkata,0-2 Years,11.75,2025-12-29
182,Data Analyst,9,HCL,Chennai,0-2 Years,10.47,2025-12-04
183,Data Analyst,14,PwC,Hyderabad,2-5 Years,15.71,2025-12-30
184,Data Analyst,14,PwC,Pune,2-5 Years,17.08,2025-07-03
185,Data Analyst,13,Flipkart,Chennai,Fresher,7.23,2025-01-29
186,Data Analyst,9,HCL,Delhi NCR,0-2 Years,11.86,2025-04-15
187,Data Analyst,10,Tech Mahindra,Chennai,0-2 Years,12.07,2025-08-17
188,Data Analyst,11,Amazon,Delhi NCR,0-2 Years,10.91,2025-04-28
189,Data Analyst,10,Tech Mahindra,Delhi NCR,0-2 Years,9.98,2025-09-05
190,Data Analyst,2,Infosys,Ahmedabad,Fresher,5.18,2025-05-07
191,Data Analyst,2,Infosys,Jaipur,0-2 Years,10.46,2025-09-06
192,Data Analyst,7,Cognizant,Ahmedabad,0-2 Years,12.03,2025-08-14
193,Data Analyst,9,HCL,Delhi NCR,0-2 Years,11.26,2025-02-26
194,Data Analyst,1,TCS,Hyderabad,0-2 Years,10.51,2025-02-21
195,Data Analyst,11,Amazon,Hyderabad,0-2 Years,12.21,2025-03-02
196,Data Analyst,1,TCS,Chennai,2-5 Years,16.96,2025-05-18
197,Data Analyst,8,IBM,Hyderabad,Fresher,6.94,2025-06-21
198,Data Analyst,14,PwC,Mumbai,2-5 Years,17.68,2025-03-13
199,Data Analyst,7,Cognizant,Delhi NCR,0-2 Years,11.07,2025-10-27
200,Data Analyst,13,Flipkart,Chennai,5+ Years,22.13,2025-07-10
201,Data Analyst,14,PwC,Kolkata,2-5 Years,16.43,2025-05-08
202,Data Analyst,6,Capgemini,Delhi NCR,0-2 Years,11.67,2025-08-18
203,Data Analyst,10,Tech Mahindra,Mumbai,0-2 Years,13.8,2025-10-24
204,Data Analyst,1,TCS,Jaipur,0-2 Years,12.26,2025-06-17
205,Data Analyst,6,Capgemini,Mumbai,0-2 Years,10.85,2025-05-12
206,Data Analyst,10,Tech Mahindra,Pune,Fresher,6.37,2025-08-06
207,Data Analyst,10,Tech Mahindra,Mumbai,2-5 Years,18.12,2025-11-08
208,Data Analyst,14,PwC,Kolkata,0-2 Years,11.62,2025-08-15
209,Data Analyst,12,Microsoft,Jaipur,2-5 Years,16.62,2025-05-06
210,Data Analyst,6,Capgemini,Jaipur,5+ Years,27.62,2025-08-31
211,Data Analyst,11,Amazon,Kolkata,2-5 Years,16.69,2025-07-24
212,Data Analyst,12,Microsoft,Jaipur,0-2 Years,12.36,2025-12-01
213,Data Analyst,3,Wipro,Hyderabad,2-5 Years,18.14,2025-10-31
214,Data Analyst,12,Microsoft,Chennai,5+ Years,24.28,2025-01-23
215,Data Analyst,12,Microsoft,Jaipur,0-2 Years,10.62,2025-08-16
216,Data Analyst,3,Wipro,Delhi NCR,0-2 Years,11.91,2025-08-26
217,Data Analyst,1,TCS,Delhi NCR,0-2 Years,10.07,2025-04-06
218,Data Analyst,12,Microsoft,Pune,Fresher,7.22,2025-12-27
219,Data Analyst,4,Accenture,Hyderabad,2-5 Years,16.42,2025-11-29
220,Data Analyst,5,Deloitte,Bangalore,2-5 Years,18.1,2025-03-28
221,Data Analyst,1,TCS,Ahmedabad,2-5 Years,18.78,2025-07-16
222,Data Analyst,12,Microsoft,Bangalore,5+ Years,22.76,2025-04-04
223,Data Analyst,13,Flipkart,Kolkata,0-2 Years,11.82,2025-02-09
224,Data Analyst,4,Accenture,Delhi NCR,0-2 Years,9.06,2025-03-09
225,Data Analyst,12,Microsoft,Mumbai,0-2 Years,11.93,2025-08-15
226,Data Analyst,13,Flipkart,Hyderabad,5+ Years,25.31,2025-01-31
227,Data Analyst,2,Infosys,Mumbai,0-2 Years,12.58,2025-10-30
228,Data Analyst,6,Capgemini,Mumbai,0-2 Years,11.21,2025-10-28
229,Data Analyst,3,Wipro,Hyderabad,Fresher,7.14,2025-03-26
230,Data Analyst,4,Accenture,Jaipur,0-2 Years,11.82,2025-12-30
231,Data Analyst,6,Capgemini,Ahmedabad,Fresher,6.12,2025-04-04
232,Data Analyst,15,KPMG,Chennai,2-5 Years,16.76,2025-11-01
233,Data Analyst,9,HCL,Jaipur,2-5 Years,16.05,2025-06-07
234,Data Analyst,14,PwC,Delhi NCR,0-2 Years,10.22,2025-10-08
235,Data Analyst,2,Infosys,Kolkata,0-2 Years,13.57,2025-10-24
236,Data Analyst,1,TCS,Delhi NCR,0-2 Years,11.76,2025-10-25
237,Data Analyst,2,Infosys,Pune,0-2 Years,9.07,2025-03-21
238,Data Analyst,2,Infosys,Delhi NCR,2-5 Years,16.22,2025-04-05
239,Data Analyst,5,Deloitte,Kolkata,2-5 Years,15.21,2025-11-03
240,Data Analyst,11,Amazon,Mumbai,Fresher,9.52,2025-06-13
241,Data Analyst,14,PwC,Chennai,0-2 Years,10.55,2025-09-30
242,Data Analyst,10,Tech Mahindra,Ahmedabad,0-2 Years,10.86,2025-01-17
243,Data Analyst,1,TCS,Mumbai,5+ Years,25.11,2025-11-01
244,Data Analyst,9,HCL,Jaipur,5+ Years,24.04,2025-11-17
245,Data Analyst,5,Deloitte,Hyderabad,0-2 Years,10.56,2025-08-05
246,Data Analyst,5,Deloitte,Ahmedabad,0-2 Years,10.6,2025-02-08
247,Data Analyst,1,TCS,Mumbai,0-2 Years,11.93,2025-04-25
248,Data Analyst,2,Infosys,Kolkata,5+ Years,22.22,2025-12-23
249,Data Analyst,7,Cognizant,Bangalore,2-5 Years,20.12,2025-04-30
250,Data Analyst,3,Wipro,Delhi NCR,2-5 Years,16.49,2025-06-06
251,Data Analyst,4,Accenture,Mumbai,0-2 Years,10.99,2025-10-03
252,Data Analyst,15,KPMG,Kolkata,2-5 Years,17.1,2025-03-02
253,Data Analyst,1,TCS,Bangalore,5+ Years,27.55,2025-05-19
254,Data Analyst,11,Amazon,Kolkata,2-5 Years,17.24,2025-12-04
255,Data Analyst,9,HCL,Chennai,0-2 Years,9.68,2025-06-21
256,Data Analyst,1,TCS,Kolkata,2-5 Years,15.42,2025-01-08
257,Data Analyst,9,HCL,Kolkata,Fresher,8.52,2025-04-23
258,Data Analyst,4,Accenture,Delhi NCR,0-2 Years,10.15,2025-08-27
259,Data Analyst,8,IBM,Ahmedabad,Fresher,7.53,2025-12-10
260,Data Analyst,12,Microsoft,Delhi NCR,0-2 Years,11.93,2025-01-14
261,Data Analyst,11,Amazon,Hyderabad,2-5 Years,15.89,2025-04-08
262,Data Analyst,7,Cognizant,Hyderabad,2-5 Years,16.93,2025-05-08
263,Data Analyst,10,Tech Mahindra,Ahmedabad,2-5 Years,12.11,2025-10-23
264,Data Analyst,13,Flipkart,Pune,0-2 Years,10.27,2025-06-13
265,Data Analyst,8,IBM,Delhi NCR,0-2 Years,10.7,2025-01-19
266,Data Analyst,12,Microsoft,Chennai,0-2 Years,10.0,2025-10-06
267,Data Analyst,15,KPMG,Pune,2-5 Years,18.46,2025-07-31
268,Data Analyst,13,Flipkart,Delhi NCR,2-5 Years,14.28,2025-02-02
269,Data Analyst,7,Cognizant,Kolkata,0-2 Years,10.47,2025-04-14
270,Data Analyst,9,HCL,Hyderabad,Fresher,8.16,2025-02-15
271,Data Analyst,1,TCS,Ahmedabad,Fresher,8.73,2025-06-01
272,Data Analyst,2,Infosys,Pune,5+ Years,21.78,2025-11-04
273,Data Analyst,6,Capgemini,Pune,0-2 Years,12.9,2025-08-27
274,Data Analyst,5,Deloitte,Bangalore,0-2 Years,13.01,2025-12-14
275,Data Analyst,3,Wipro,Jaipur,0-2 Years,9.82,2025-02-02
276,Data Analyst,7,Cognizant,Pune,Fresher,8.05,2025-04-01
277,Data Analyst,7,Cognizant,Hyderabad,2-5 Years,17.24,2025-11-04
278,Data Analyst,9,HCL,Bangalore,0-2 Years,12.28,2025-12-19
279,Data Analyst,11,Amazon,Pune,2-5 Years,16.58,2025-10-21
280,Data Analyst,14,PwC,Ahmedabad,0-2 Years,10.54,2025-05-26
281,Data Analyst,8,IBM,Ahmedabad,0-2 Years,11.14,2025-02-08
282,Data Analyst,6,Capgemini,Ahmedabad,0-2 Years,11.79,2025-04-23
283,Data Analyst,3,Wipro,Jaipur,2-5 Years,17.9,2025-02-06
284,Data Analyst,12,Microsoft,Delhi NCR,5+ Years,21.51,2025-04-02
285,Data Analyst,12,Microsoft,Kolkata,Fresher,9.56,2025-02-06
286,Data Analyst,1,TCS,Bangalore,5+ Years,22.66,2025-12-07
287,Data Analyst,4,Accenture,Chennai,0-2 Years,11.32,2025-10-11
288,Data Analyst,13,Flipkart,Bangalore,2-5 Years,18.71,2025-08-13
289,Data Analyst,1,TCS,Delhi NCR,0-2 Years,11.34,2025-01-13
290,Data Analyst,11,Amazon,Hyderabad,Fresher,7.25,2025-08-03
291,Data Analyst,11,Amazon,Hyderabad,Fresher,7.75,2025-10-04
292,Data Analyst,4,Accenture,Delhi NCR,Fresher,6.41,2025-10-03
293,Data Analyst,10,Tech Mahindra,Jaipur,0-2 Years,10.29,2025-03-26
294,Data Analyst,2,Infosys,Hyderabad,2-5 Years,18.02,2025-10-02
295,Data Analyst,5,Deloitte,Chennai,0-2 Years,11.93,2025-10-15
296,Data Analyst,10,Tech Mahindra,Jaipur,Fresher,6.17,2025-07-03
297,Data Analyst,8,IBM,Hyderabad,0-2 Years,13.08,2025-03-22
298,Data Analyst,2,Infosys,Delhi NCR,0-2 Years,11.37,2025-08-28
299,Data Analyst,5,Deloitte,Jaipur,0-2 Years,11.98,2025-05-22
300,Data Analyst,9,HCL,Chennai,2-5 Years,17.26,2025-09-09
301,Data Analyst,12,Microsoft,Pune,0-2 Years,10.51,2025-03-09
302,Data Analyst,15,KPMG,Pune,2-5 Years,15.83,2025-07-06
303,Data Analyst,14,PwC,Chennai,2-5 Years,17.4,2025-08-16
304,Data Analyst,9,HCL,Bangalore,0-2 Years,13.73,2025-09-09
305,Data Analyst,6,Capgemini,Delhi NCR,2-5 Years,15.97,2025-11-02
306,Data Analyst,15,KPMG,Chennai,5+ Years,23.64,2025-02-09
307,Data Analyst,7,Cognizant,Hyderabad,2-5 Years,18.53,2025-02-06
308,Data Analyst,7,Cognizant,Kolkata,Fresher,6.29,2025-03-06
309,Data Analyst,8,IBM,Ahmedabad,0-2 Years,11.66,2025-08-29
310,Data Analyst,4,Accenture,Mumbai,5+ Years,24.26,2025-11-21
311,Data Analyst,13,Flipkart,Chennai,2-5 Years,16.24,2025-01-20
312,Data Analyst,10,Tech Mahindra,Chennai,2-5 Years,17.82,2025-10-19
313,Data Analyst,14,PwC,Delhi NCR,0-2 Years,11.99,2025-03-08
314,Data Analyst,10,Tech Mahindra,Pune,0-2 Years,12.48,2025-07-16
315,Data Analyst,5,Deloitte,Hyderabad,2-5 Years,18.57,2025-08-02
316,Data Analyst,15,KPMG,Hyderabad,2-5 Years,17.03,2025-10-29
317,Data Analyst,2,Infosys,Pune,2-5 Years,17.32,2025-04-04
318,Data Analyst,6,Capgemini,Pune,0-2 Years,11.13,2025-03-26
319,Data Analyst,10,Tech Mahindra,Kolkata,5+ Years,23.39,2025-11-01
320,Data Analyst,8,IBM,Ahmedabad,Fresher,6.84,2025-04-10
321,Data Analyst,14,PwC,Kolkata,0-2 Years,11.12,2025-05-05
322,Data Analyst,6,Capgemini,Bangalore,Fresher,9.71,2025-01-14
323,Data Analyst,4,Accenture,Jaipur,0-2 Years,10.02,2025-02-20
324,Data Analyst,12,Microsoft,Delhi NCR,0-2 Years,13.51,2025-11-03
325,Data Analyst,9,HCL,Bangalore,0-2 Years,11.79,2025-10-24
326,Data Analyst,12,Microsoft,Chennai,0-2 Years,10.04,2025-12-24
327,Data Analyst,14,PwC,Hyderabad,Fresher,9.39,2025-11-06
328,Data Analyst,4,Accenture,Pune,0-2 Years,12.45,2025-08-17
329,Data Analyst,7,Cognizant,Kolkata,5+ Years,23.75,2025-07-06
330,Data Analyst,4,Accenture,Ahmedabad,5+ Years,23.75,2025-07-09
331,Data Analyst,11,Amazon,Jaipur,0-2 Years,10.99,2025-08-11
332,Data Analyst,3,Wipro,Delhi NCR,2-5 Years,14.92,2025-12-07
333,Data Analyst,15,KPMG,Hyderabad,Fresher,8.09,2025-01-20
334,Data Analyst,8,IBM,Bangalore,Fresher,8.19,2025-05-04
335,Data Analyst,12,Microsoft,Hyderabad,Fresher,9.17,2025-05-26
336,Data Analyst,14,PwC,Jaipur,2-5 Years,15.82,2025-12-08
337,Data Analyst,11,Amazon,Jaipur,2-5 Years,15.01,2025-06-08
338,Data Analyst,2,Infosys,Jaipur,2-5 Years,15.61,2025-10-07
339,Data Analyst,2,Infosys,Pune,5+ Years,24.0,2025-01-18
340,Data Analyst,10,Tech Mahindra,Bangalore,0-2 Years,12.32,2025-03-11
341,Data Analyst,9,HCL,Kolkata,5+ Years,22.01,2025-08-10
342,Data Analyst,7,Cognizant,Ahmedabad,0-2 Years,11.29,2025-01-22
343,Data Analyst,4,Accenture,Delhi NCR,0-2 Years,11.29,2025-01-12
344,Data Analyst,13,Flipkart,Mumbai,0-2 Years,11.89,2025-05-17
345,Data Analyst,3,Wipro,Ahmedabad,0-2 Years,10.43,2025-07-29
346,Data Analyst,1,TCS,Chennai,0-2 Years,11.78,2025-09-17
347,Data Analyst,9,HCL,Chennai,2-5 Years,14.76,2025-12-18
348,Data Analyst,2,Infosys,Mumbai,0-2 Years,10.81,2025-01-01
349,Data Analyst,13,Flipkart,Jaipur,0-2 Years,10.14,2025-07-19
350,Data Analyst,14,PwC,Delhi NCR,0-2 Years,10.74,2025-10-14
351,Data Analyst,14,PwC,Chennai,5+ Years,23.87,2025-02-20
352,Data Analyst,2,Infosys,Delhi NCR,Fresher,8.77,2025-11-17
353,Data Analyst,15,KPMG,Hyderabad,2-5 Years,18.03,2025-04-27
354,Data Analyst,12,Microsoft,Delhi NCR,Fresher,6.81,2025-02-13
355,Data Analyst,9,HCL,Bangalore,Fresher,8.98,2025-08-03
356,Data Analyst,15,KPMG,Mumbai,2-5 Years,16.3,2025-03-05
357,Data Analyst,15,KPMG,Mumbai,0-2 Years,12.48,2025-01-02
358,Data Analyst,15,KPMG,Delhi NCR,2-5 Years,15.65,2025-12-13
359,Data Analyst,8,IBM,Delhi NCR,0-2 Years,11.39,2025-09-11
360,Data Analyst,2,Infosys,Hyderabad,0-2 Years,11.01,2025-11-11
361,Data Analyst,2,Infosys,Bangalore,2-5 Years,18.62,2025-08-20
362,Data Analyst,5,Deloitte,Pune,5+ Years,25.34,2025-04-22
363,Data Analyst,2,Infosys,Bangalore,2-5 Years,17.87,2025-11-22
364,Data Analyst,10,Tech Mahindra,Pune,2-5 Years,16.98,2025-02-25
365,Data Analyst,2,Infosys,Delhi NCR,Fresher,7.83,2025-04-27
366,Data Analyst,5,Deloitte,Hyderabad,2-5 Years,16.52,2025-05-08
367,Data Analyst,5,Deloitte,Delhi NCR,0-2 Years,11.27,2025-06-25
368,Data Analyst,4,Accenture,Pune,0-2 Years,11.52,2025-02-04
369,Data Analyst,14,PwC,Pune,0-2 Years,11.62,2025-04-18
370,Data Analyst,5,Deloitte,Pune,2-5 Years,15.57,2025-05-05
371,Data Analyst,3,Wipro,Ahmedabad,0-2 Years,11.03,2025-01-17
372,Data Analyst,14,PwC,Pune,2-5 Years,17.1,2025-11-19
373,Data Analyst,13,Flipkart,Ahmedabad,2-5 Years,17.74,2025-06-11
374,Data Analyst,2,Infosys,Pune,0-2 Years,12.65,2025-02-24
375,Data Analyst,5,Deloitte,Chennai,0-2 Years,14.08,2025-12-28
376,Data Analyst,11,Amazon,Ahmedabad,0-2 Years,10.08,2025-10-26
377,Data Analyst,1,TCS,Bangalore,0-2 Years,14.05,2025-09-02
378,Data Analyst,12,Microsoft,Mumbai,0-2 Years,12.72,2025-08-16
379,Data Analyst,14,PwC,Kolkata,2-5 Years,18.63,2025-03-17
380,Data Analyst,12,Microsoft,Pune,Fresher,6.53,2025-10-24
381,Data Analyst,14,PwC,Jaipur,2-5 Years,14.99,2025-09-25
382,Data Analyst,5,Deloitte,Jaipur,2-5 Years,15.28,2025-06-01
383,Data Analyst,4,Accenture,Hyderabad,2-5 Years,14.45,2025-03-31
384,Data Analyst,9,HCL,Kolkata,0-2 Years,10.37,2025-08-13
385,Data Analyst,13,Flipkart,Delhi NCR,0-2 Years,10.09,2025-02-14
386,Data Analyst,1,TCS,Chennai,0-2 Years,11.68,2025-03-08
387,Data Analyst,1,TCS,Ahmedabad,0-2 Years,11.41,2025-03-02
388,Data Analyst,10,Tech Mahindra,Pune,Fresher,9.75,2025-04-07
389,Data Analyst,14,PwC,Chennai,2-5 Years,17.64,2025-02-26
390,Data Analyst,5,Deloitte,Bangalore,2-5 Years,17.31,2025-10-01
391,Data Analyst,14,PwC,Mumbai,0-2 Years,11.42,2025-03-29
392,Data Analyst,14,PwC,Jaipur,0-2 Years,11.59,2025-05-03
393,Data Analyst,9,HCL,Bangalore,5+ Years,23.42,2025-11-01
394,Data Analyst,12,Microsoft,Bangalore,0-2 Years,15.2,2025-08-27
395,Data Analyst,14,PwC,Ahmedabad,2-5 Years,17.42,2025-11-21
396,Data Analyst,6,Capgemini,Delhi NCR,2-5 Years,15.44,2025-03-07
397,Data Analyst,2,Infosys,Ahmedabad,5+ Years,20.94,2025-08-17
398,Data Analyst,3,Wipro,Delhi NCR,0-2 Years,12.62,2025-10-15
399,Data Analyst,12,Microsoft,Ahmedabad,0-2 Years,10.86,2025-06-20
400,Data Analyst,8,IBM,Mumbai,2-5 Years,18.99,2025-04-20
401,Data Analyst,6,Capgemini,Hyderabad,Fresher,6.09,2025-06-25
402,Data Analyst,14,PwC,Ahmedabad,2-5 Years,15.28,2025-04-08
403,Data Analyst,11,Amazon,Pune,Fresher,7.51,2025-02-16
404,Data Analyst,14,PwC,Kolkata,Fresher,7.06,2025-03-05
405,Data Analyst,9,HCL,Kolkata,0-2 Years,10.46,2025-06-12
406,Data Analyst,6,Capgemini,Jaipur,2-5 Years,16.75,2025-04-11
407,Data Analyst,6,Capgemini,Jaipur,2-5 Years,14.72,2025-03-13
408,Data Analyst,5,Deloitte,Hyderabad,0-2 Years,11.83,2025-11-26
409,Data Analyst,1,TCS,Delhi NCR,0-2 Years,11.14,2025-07-03
410,Data Analyst,10,Tech Mahindra,Kolkata,2-5 Years,16.62,2025-09-08
411,Data Analyst,9,HCL,Delhi NCR,0-2 Years,11.85,2025-06-22
412,Data Analyst,15,KPMG,Pune,0-2 Years,10.15,2025-05-29
413,Data Analyst,2,Infosys,Ahmedabad,2-5 Years,14.16,2025-04-23
414,Data Analyst,4,Accenture,Ahmedabad,0-2 Years,12.53,2025-11-29
415,Data Analyst,10,Tech Mahindra,Bangalore,0-2 Years,13.4,2025-10-21
416,Data Analyst,11,Amazon,Delhi NCR,Fresher,6.1,2025-09-01
417,Data Analyst,3,Wipro,Kolkata,2-5 Years,17.86,2025-07-02
418,Data Analyst,4,Accenture,Jaipur,Fresher,7.14,2025-12-31
419,Data Analyst,1,TCS,Delhi NCR,2-5 Years,17.42,2025-01-11
420,Data Analyst,7,Cognizant,Ahmedabad,Fresher,7.08,2025-12-14
421,Data Analyst,8,IBM,Chennai,2-5 Years,18.97,2025-09-18
422,Data Analyst,7,Cognizant,Hyderabad,0-2 Years,14.11,2025-12-12
423,Data Analyst,8,IBM,Hyderabad,0-2 Years,11.7,2025-06-09
424,Data Analyst,3,Wipro,Pune,5+ Years,24.67,2025-07-10
425,Data Analyst,11,Amazon,Hyderabad,0-2 Years,12.77,2025-11-30
426,Data Analyst,11,Amazon,Kolkata,0-2 Years,12.64,2025-06-19
427,Data Analyst,8,IBM,Kolkata,2-5 Years,14.84,2025-05-19
428,Data Analyst,14,PwC,Ahmedabad,0-2 Years,11.82,2025-07-23
429,Data Analyst,9,HCL,Hyderabad,Fresher,9.27,2025-07-23
430,Data Analyst,1,TCS,Jaipur,2-5 Years,13.89,2025-05-09
431,Data Analyst,12,Microsoft,Bangalore,5+ Years,23.58,2025-04-15
432,Data Analyst,7,Cognizant,Delhi NCR,5+ Years,20.55,2025-09-22
433,Data Analyst,6,Capgemini,Chennai,2-5 Years,16.18,2025-09-26
434,Data Analyst,2,Infosys,Bangalore,Fresher,9.86,2025-09-24
435,Data Analyst,5,Deloitte,Chennai,2-5 Years,18.3,2025-06-04
436,Data Analyst,6,Capgemini,Bangalore,5+ Years,25.09,2025-01-01
437,Data Analyst,1,TCS,Delhi NCR,Fresher,8.95,2025-10-05
438,Data Analyst,15,KPMG,Mumbai,2-5 Years,15.84,2025-01-03
439,Data Analyst,14,PwC,Pune,Fresher,5.46,2025-05-05
440,Data Analyst,1,TCS,Delhi NCR,2-5 Years,15.93,2025-02-11
441,Data Analyst,13,Flipkart,Jaipur,0-2 Years,11.46,2025-12-13
442,Data Analyst,5,Deloitte,Bangalore,5+ Years,24.96,2025-03-11
443,Data Analyst,10,Tech Mahindra,Delhi NCR,Fresher,4.52,2025-09-19
444,Data Analyst,12,Microsoft,Delhi NCR,0-2 Years,10.89,2025-11-23
445,Data Analyst,5,Deloitte,Ahmedabad,Fresher,5.43,2025-12-24
446,Data Analyst,10,Tech Mahindra,Pune,2-5 Years,17.3,2025-01-11
447,Data Analyst,9,HCL,Pune,2-5 Years,16.94,2025-02-28
448,Data Analyst,13,Flipkart,Delhi NCR,5+ Years,21.87,2025-01-13
449,Data Analyst,13,Flipkart,Pune,2-5 Years,15.88,2025-06-13
450,Data Analyst,6,Capgemini,Hyderabad,2-5 Years,15.73,2025-11-16
451,Data Analyst,12,Microsoft,Chennai,2-5 Years,16.42,2025-08-31
452,Data Analyst,6,Capgemini,Ahmedabad,2-5 Years,17.15,2025-10-06
453,Data Analyst,11,Amazon,Delhi NCR,0-2 Years,9.82,2025-02-25
454,Data Analyst,2,Infosys,Delhi NCR,Fresher,7.6,2025-05-11
455,Data Analyst,10,Tech Mahindra,Pune,0-2 Years,10.86,2025-01-14
456,Data Analyst,2,Infosys,Ahmedabad,5+ Years,22.05,2025-11-17
457,Data Analyst,8,IBM,Mumbai,0-2 Years,12.37,2025-12-18
458,Data Analyst,2,Infosys,Hyderabad,0-2 Years,10.76,2025-03-12
459,Data Analyst,2,Infosys,Pune,0-2 Years,10.84,2025-04-02
460,Data Analyst,15,KPMG,Chennai,0-2 Years,10.06,2025-04-07
461,Data Analyst,15,KPMG,Kolkata,0-2 Years,13.36,2025-07-07
462,Data Analyst,10,Tech Mahindra,Pune,2-5 Years,16.54,2025-06-15
463,Data Analyst,14,PwC,Mumbai,Fresher,7.66,2025-11-09
464,Data Analyst,13,Flipkart,Bangalore,Fresher,9.26,2025-04-25
465,Data Analyst,3,Wipro,Pune,0-2 Years,11.37,2025-04-22
466,Data Analyst,12,Microsoft,Mumbai,0-2 Years,12.23,2025-01-12
467,Data Analyst,12,Microsoft,Chennai,2-5 Years,17.24,2025-07-07
468,Data Analyst,11,Amazon,Pune,0-2 Years,12.41,2025-01-11
469,Data Analyst,14,PwC,Chennai,0-2 Years,10.86,2025-06-12
470,Data Analyst,7,Cognizant,Hyderabad,Fresher,7.31,2025-12-30
471,Data Analyst,6,Capgemini,Bangalore,0-2 Years,12.67,2025-03-18
472,Data Analyst,12,Microsoft,Chennai,0-2 Years,8.74,2025-11-21
473,Data Analyst,5,Deloitte,Mumbai,0-2 Years,10.68,2025-06-23
474,Data Analyst,3,Wipro,Ahmedabad,0-2 Years,12.64,2025-11-15
475,Data Analyst,6,Capgemini,Delhi NCR,5+ Years,24.97,2025-10-31
476,Data Analyst,1,TCS,Pune,5+ Years,23.2,2025-05-03
477,Data Analyst,9,HCL,Delhi NCR,Fresher,7.69,2025-03-20
478,Data Analyst,5,Deloitte,Jaipur,Fresher,7.37,2025-05-22
479,Data Analyst,12,Microsoft,Bangalore,0-2 Years,16.69,2025-05-12
480,Data Analyst,1,TCS,Chennai,2-5 Years,17.84,2025-04-19
481,Data Analyst,10,Tech Mahindra,Jaipur,0-2 Years,10.85,2025-05-01
482,Data Analyst,14,PwC,Bangalore,Fresher,7.85,2025-09-10
483,Data Analyst,12,Microsoft,Hyderabad,2-5 Years,15.07,2025-07-16
484,Data Analyst,6,Capgemini,Pune,2-5 Years,16.74,2025-01-20
485,Data Analyst,14,PwC,Ahmedabad,0-2 Years,10.09,2025-01-15
486,Data Analyst,10,Tech Mahindra,Mumbai,2-5 Years,15.79,2025-05-22
487,Data Analyst,1,TCS,Jaipur,0-2 Years,10.22,2025-09-26
488,Data Analyst,5,Deloitte,Ahmedabad,0-2 Years,9.7,2025-08-29
489,Data Analyst,10,Tech Mahindra,Hyderabad,0-2 Years,14.02,2025-04-17
490,Data Analyst,9,HCL,Kolkata,0-2 Years,12.06,2025-11-30
491,Data Analyst,7,Cognizant,Hyderabad,0-2 Years,11.99,2025-12-16
492,Data Analyst,10,Tech Mahindra,Delhi NCR,0-2 Years,12.78,2025-11-27
493,Data Analyst,6,Capgemini,Hyderabad,0-2 Years,12.09,2025-07-28
494,Data Analyst,4,Accenture,Chennai,Fresher,6.47,2025-12-02
495,Data Analyst,13,Flipkart,Hyderabad,2-5 Years,18.83,2025-12-06
496,Data Analyst,13,Flipkart,Pune,0-2 Years,12.15,2025-05-12
497,Data Analyst,12,Microsoft,Mumbai,2-5 Years,16.26,2025-11-21
498,Data Analyst,10,Tech Mahindra,Chennai,5+ Years,23.27,2025-10-29
499,Data Analyst,3,Wipro,Pune,0-2 Years,10.45,2025-07-21
500,Data Analyst,4,Accenture,Hyderabad,Fresher,6.34,2025-03-11
501,Data Analyst,12,Microsoft,Chennai,0-2 Years,12.61,2025-12-26
502,Data Analyst,4,Accenture,Jaipur,0-2 Years,13.29,2025-03-17
503,Data Analyst,11,Amazon,Bangalore,Fresher,7.32,2025-01-15
504,Data Analyst,5,Deloitte,Mumbai,5+ Years,25.18,2025-08-07
505,Data Analyst,5,Deloitte,Ahmedabad,5+ Years,22.22,2025-04-17
506,Data Analyst,13,Flipkart,Pune,0-2 Years,10.92,2025-12-09
507,Data Analyst,5,Deloitte,Chennai,0-2 Years,10.79,2025-01-04
508,Data Analyst,13,Flipkart,Delhi NCR,5+ Years,21.96,2025-10-23
509,Data Analyst,2,Infosys,Hyderabad,0-2 Years,12.06,2025-03-18
510,Data Analyst,4,Accenture,Mumbai,2-5 Years,16.5,2025-09-03
511,Data Analyst,14,PwC,Ahmedabad,0-2 Years,11.32,2025-01-31
512,Data Analyst,3,Wipro,Pune,0-2 Years,11.44,2025-05-18
513,Data Analyst,10,Tech Mahindra,Hyderabad,0-2 Years,11.71,2025-09-30
514,Data Analyst,12,Microsoft,Jaipur,0-2 Years,9.91,2025-09-07
515,Data Analyst,4,Accenture,Jaipur,0-2 Years,10.31,2025-08-02
516,Data Analyst,15,KPMG,Delhi NCR,0-2 Years,11.91,2025-09-01
517,Data Analyst,7,Cognizant,Hyderabad,2-5 Years,17.6,2025-10-21
518,Data Analyst,6,Capgemini,Bangalore,5+ Years,23.83,2025-07-23
519,Data Analyst,1,TCS,Ahmedabad,0-2 Years,11.12,2025-06-17
520,Data Analyst,13,Flipkart,Jaipur,2-5 Years,16.9,2025-06-12
521,Data Analyst,9,HCL,Hyderabad,0-2 Years,10.0,2025-05-27
522,Data Analyst,9,HCL,Hyderabad,0-2 Years,12.65,2025-04-19
523,Data Analyst,12,Microsoft,Delhi NCR,2-5 Years,15.2,2025-10-20
524,Data Analyst,4,Accenture,Jaipur,2-5 Years,16.68,2025-07-26
525,Data Analyst,4,Accenture,Delhi NCR,2-5 Years,15.08,2025-03-25
526,Data Analyst,11,Amazon,Pune,0-2 Years,9.33,2025-12-30
527,Data Analyst,8,IBM,Bangalore,5+ Years,23.05,2025-04-27
528,Data Analyst,7,Cognizant,Kolkata,Fresher,7.06,2025-02-14
529,Data Analyst,7,Cognizant,Hyderabad,Fresher,8.31,2025-01-03
530,Data Analyst,12,Microsoft,Bangalore,2-5 Years,16.91,2025-07-11
531,Data Analyst,3,Wipro,Hyderabad,2-5 Years,17.77,2025-04-13
532,Data Analyst,15,KPMG,Pune,5+ Years,21.51,2025-01-17
533,Data Analyst,4,Accenture,Ahmedabad,2-5 Years,15.92,2025-05-31
534,Data Analyst,14,PwC,Kolkata,0-2 Years,9.55,2025-09-03
535,Data Analyst,14,PwC,Ahmedabad,2-5 Years,15.22,2025-07-06
536,Data Analyst,6,Capgemini,Delhi NCR,0-2 Years,11.06,2025-01-24
537,Data Analyst,2,Infosys,Mumbai,2-5 Years,16.47,2025-04-20
538,Data Analyst,14,PwC,Bangalore,Fresher,8.54,2025-01-01
539,Data Analyst,10,Tech Mahindra,Hyderabad,2-5 Years,18.21,2025-09-05
540,Data Analyst,12,Microsoft,Mumbai,0-2 Years,11.81,2025-01-26
541,Data Analyst,11,Amazon,Bangalore,Fresher,10.0,2025-02-02
542,Data Analyst,13,Flipkart,Hyderabad,2-5 Years,15.64,2025-05-08
543,Data Analyst,9,HCL,Mumbai,0-2 Years,13.14,2025-01-12
544,Data Analyst,10,Tech Mahindra,Jaipur,0-2 Years,12.73,2025-10-05
545,Data Analyst,13,Flipkart,Delhi NCR,0-2 Years,8.03,2025-09-15
546,Data Analyst,10,Tech Mahindra,Kolkata,5+ Years,22.04,2025-11-12
547,Data Analyst,13,Flipkart,Kolkata,2-5 Years,16.69,2025-12-31
548,Data Analyst,2,Infosys,Pune,0-2 Years,11.26,2025-10-17
549,Data Analyst,7,Cognizant,Chennai,5+ Years,23.95,2025-08-18
550,Data Analyst,6,Capgemini,Ahmedabad,2-5 Years,15.28,2025-04-29
551,Data Analyst,3,Wipro,Ahmedabad,2-5 Years,16.1,2025-07-22
552,Data Analyst,15,KPMG,Pune,Fresher,7.31,2025-02-09
553,Data Analyst,5,Deloitte,Hyderabad,2-5 Years,18.4,2025-11-16
554,Data Analyst,1,TCS,Chennai,0-2 Years,11.81,2025-04-05
555,Data Analyst,15,KPMG,Kolkata,2-5 Years,16.41,2025-05-16
556,Data Analyst,7,Cognizant,Bangalore,Fresher,8.51,2025-03-24
557,Data Analyst,11,Amazon,Delhi NCR,2-5 Years,15.41,2025-08-28
558,Data Analyst,8,IBM,Delhi NCR,2-5 Years,15.48,2025-05-05
559,Data Analyst,10,Tech Mahindra,Delhi NCR,0-2 Years,11.47,2025-12-06
560,Data Analyst,1,TCS,Ahmedabad,2-5 Years,15.49,2025-08-18
561,Data Analyst,7,Cognizant,Delhi NCR,5+ Years,23.35,2025-03-13
562,Data Analyst,14,PwC,Pune,Fresher,9.99,2025-07-17
563,Data Analyst,7,Cognizant,Bangalore,0-2 Years,14.05,2025-10-25
564,Data Analyst,2,Infosys,Hyderabad,Fresher,7.61,2025-09-24
565,Data Analyst,13,Flipkart,Chennai,0-2 Years,12.94,2025-01-28
566,Data Analyst,6,Capgemini,Chennai,0-2 Years,11.01,2025-05-15
567,Data Analyst,4,Accenture,Hyderabad,5+ Years,21.55,2025-06-04
568,Data Analyst,15,KPMG,Chennai,0-2 Years,10.29,2025-01-16
569,Data Analyst,9,HCL,Mumbai,2-5 Years,15.26,2025-11-20
570,Data Analyst,4,Accenture,Mumbai,5+ Years,24.08,2025-06-21
571,Data Analyst,2,Infosys,Bangalore,0-2 Years,13.02,2025-09-18
572,Data Analyst,2,Infosys,Hyderabad,0-2 Years,14.01,2025-02-18
573,Data Analyst,1,TCS,Delhi NCR,5+ Years,23.39,2025-04-13
574,Data Analyst,5,Deloitte,Delhi NCR,0-2 Years,10.74,2025-10-01
575,Data Analyst,13,Flipkart,Delhi NCR,5+ Years,24.0,2025-04-21
576,Data Analyst,9,HCL,Delhi NCR,Fresher,4.35,2025-02-02
577,Data Analyst,8,IBM,Chennai,Fresher,7.78,2025-05-17
578,Data Analyst,10,Tech Mahindra,Ahmedabad,5+ Years,23.93,2025-12-03
579,Data Analyst,1,TCS,Bangalore,0-2 Years,11.23,2025-09-05
580,Data Analyst,13,Flipkart,Pune,2-5 Years,17.87,2025-11-11
581,Data Analyst,6,Capgemini,Kolkata,Fresher,7.41,2025-08-24
582,Data Analyst,9,HCL,Jaipur,2-5 Years,15.5,2025-09-01
583,Data Analyst,2,Infosys,Jaipur,2-5 Years,16.76,2025-07-15
584,Data Analyst,6,Capgemini,Delhi NCR,0-2 Years,13.72,2025-04-12
585,Data Analyst,4,Accenture,Pune,2-5 Years,16.72,2025-05-17
586,Data Analyst,10,Tech Mahindra,Chennai,Fresher,7.8,2025-10-05
587,Data Analyst,7,Cognizant,Delhi NCR,0-2 Years,10.45,2025-01-31
588,Data Analyst,4,Accenture,Bangalore,2-5 Years,16.98,2025-08-16
589,Data Analyst,11,Amazon,Jaipur,Fresher,8.0,2025-10-30
590,Data Analyst,4,Accenture,Ahmedabad,0-2 Years,9.97,2025-11-01
591,Data Analyst,10,Tech Mahindra,Chennai,Fresher,7.59,2025-03-21
592,Data Analyst,10,Tech Mahindra,Hyderabad,0-2 Years,11.43,2025-09-25
593,Data Analyst,6,Capgemini,Jaipur,2-5 Years,16.57,2025-10-13
594,Data Analyst,12,Microsoft,Bangalore,0-2 Years,13.4,2025-11-04
595,Data Analyst,7,Cognizant,Delhi NCR,5+ Years,24.25,2025-06-01
596,Data Analyst,5,Deloitte,Kolkata,2-5 Years,15.39,2025-05-07
597,Data Analyst,10,Tech Mahindra,Mumbai,5+ Years,24.18,2025-10-19
598,Data Analyst,12,Microsoft,Bangalore,5+ Years,23.83,2025-11-09
599,Data Analyst,1,TCS,Delhi NCR,0-2 Years,10.47,2025-09-26
600,Data Analyst,5,Deloitte,Hyderabad,0-2 Years,12.45,2025-04-23
601,Data Analyst,4,Accenture,Mumbai,0-2 Years,13.41,2025-10-02
602,Data Analyst,13,Flipkart,Mumbai,0-2 Years,11.39,2025-04-18
603,Data Analyst,11,Amazon,Jaipur,0-2 Years,12.04,2025-08-17
604,Data Analyst,5,Deloitte,Chennai,2-5 Years,18.13,2025-03-10
605,Data Analyst,13,Flipkart,Jaipur,0-2 Years,11.5,2025-09-14
606,Data Analyst,1,TCS,Mumbai,Fresher,10.75,2025-01-02
607,Data Analyst,5,Deloitte,Mumbai,Fresher,7.57,2025-08-15
608,Data Analyst,9,HCL,Kolkata,0-2 Years,9.51,2025-06-30
609,Data Analyst,11,Amazon,Delhi NCR,2-5 Years,13.87,2025-03-26
610,Data Analyst,11,Amazon,Pune,Fresher,9.3,2025-05-12
611,Data Analyst,8,IBM,Hyderabad,Fresher,8.79,2025-04-25
612,Data Analyst,4,Accenture,Chennai,Fresher,7.43,2025-08-05
613,Data Analyst,1,TCS,Jaipur,0-2 Years,11.34,2025-10-17
614,Data Analyst,6,Capgemini,Delhi NCR,Fresher,5.65,2025-12-21
615,Data Analyst,9,HCL,Ahmedabad,2-5 Years,18.93,2025-08-20
616,Data Analyst,10,Tech Mahindra,Hyderabad,0-2 Years,12.16,2025-03-29
617,Data Analyst,7,Cognizant,Hyderabad,5+ Years,24.13,2025-08-27
618,Data Analyst,12,Microsoft,Mumbai,0-2 Years,13.37,2025-05-10
619,Data Analyst,14,PwC,Mumbai,2-5 Years,18.08,2025-10-07
620,Data Analyst,8,IBM,Delhi NCR,Fresher,7.27,2025-05-31
621,Data Analyst,10,Tech Mahindra,Kolkata,5+ Years,22.05,2025-07-01
622,Data Analyst,8,IBM,Kolkata,2-5 Years,16.57,2025-09-25
623,Data Analyst,15,KPMG,Jaipur,Fresher,9.26,2025-09-02
624,Data Analyst,12,Microsoft,Mumbai,0-2 Years,14.11,2025-08-20
625,Data Analyst,5,Deloitte,Pune,2-5 Years,18.41,2025-03-26
626,Data Analyst,8,IBM,Pune,0-2 Years,10.89,2025-08-03
627,Data Analyst,11,Amazon,Bangalore,2-5 Years,16.81,2025-03-01
628,Data Analyst,13,Flipkart,Pune,2-5 Years,16.35,2025-07-02
629,Data Analyst,9,HCL,Ahmedabad,2-5 Years,16.07,2025-03-22
630,Data Analyst,1,TCS,Jaipur,2-5 Years,17.31,2025-03-22
631,Data Analyst,7,Cognizant,Bangalore,2-5 Years,15.97,2025-07-06
632,Data Analyst,1,TCS,Chennai,0-2 Years,13.34,2025-09-05
633,Data Analyst,3,Wipro,Delhi NCR,0-2 Years,10.81,2025-08-28
634,Data Analyst,7,Cognizant,Jaipur,0-2 Years,10.49,2025-12-11
635,Data Analyst,15,KPMG,Jaipur,5+ Years,21.79,2025-01-23
636,Data Analyst,9,HCL,Hyderabad,2-5 Years,15.01,2025-01-07
637,Data Analyst,10,Tech Mahindra,Jaipur,2-5 Years,16.99,2025-11-24
638,Data Analyst,4,Accenture,Hyderabad,2-5 Years,17.09,2025-01-04
639,Data Analyst,12,Microsoft,Chennai,0-2 Years,9.95,2025-01-19
640,Data Analyst,9,HCL,Delhi NCR,5+ Years,21.45,2025-02-24
641,Data Analyst,12,Microsoft,Chennai,0-2 Years,11.1,2025-08-27
642,Data Analyst,4,Accenture,Bangalore,Fresher,11.0,2025-10-07
643,Data Analyst,6,Capgemini,Kolkata,5+ Years,22.69,2025-12-04
644,Data Analyst,7,Cognizant,Ahmedabad,2-5 Years,14.2,2025-07-17
645,Data Analyst,12,Microsoft,Mumbai,5+ Years,24.21,2025-11-10
646,Data Analyst,15,KPMG,Bangalore,0-2 Years,12.67,2025-02-20
647,Data Analyst,4,Accenture,Hyderabad,2-5 Years,13.76,2025-02-12
648,Data Analyst,7,Cognizant,Delhi NCR,2-5 Years,15.93,2025-06-20
649,Data Analyst,9,HCL,Jaipur,2-5 Years,15.72,2025-11-18
650,Data Analyst,10,Tech Mahindra,Jaipur,0-2 Years,11.84,2025-02-05
651,Data Analyst,3,Wipro,Mumbai,2-5 Years,19.72,2025-04-21
652,Data Analyst,1,TCS,Delhi NCR,0-2 Years,12.35,2025-07-06
653,Data Analyst,10,Tech Mahindra,Mumbai,Fresher,8.18,2025-04-27
654,Data Analyst,15,KPMG,Bangalore,2-5 Years,16.67,2025-09-20
655,Data Analyst,11,Amazon,Delhi NCR,0-2 Years,14.09,2025-08-12
656,Data Analyst,7,Cognizant,Ahmedabad,0-2 Years,11.07,2025-09-10
657,Data Analyst,6,Capgemini,Hyderabad,0-2 Years,12.02,2025-06-01
658,Data Analyst,12,Microsoft,Hyderabad,5+ Years,23.97,2025-09-06
659,Data Analyst,12,Microsoft,Jaipur,2-5 Years,16.24,2025-02-08
660,Data Analyst,11,Amazon,Bangalore,0-2 Years,12.83,2025-06-09
661,Data Analyst,4,Accenture,Hyderabad,2-5 Years,16.31,2025-10-23
662,Data Analyst,13,Flipkart,Ahmedabad,0-2 Years,10.34,2025-10-06
663,Data Analyst,11,Amazon,Delhi NCR,0-2 Years,10.96,2025-12-19
664,Data Analyst,8,IBM,Ahmedabad,0-2 Years,10.35,2025-08-27
665,Data Analyst,13,Flipkart,Chennai,Fresher,6.64,2025-12-22
666,Data Analyst,6,Capgemini,Pune,2-5 Years,16.63,2025-04-15
667,Data Analyst,3,Wipro,Jaipur,Fresher,6.69,2025-10-16
668,Data Analyst,12,Microsoft,Mumbai,0-2 Years,14.3,2025-03-26
669,Data Analyst,6,Capgemini,Delhi NCR,0-2 Years,7.82,2025-11-06
670,Data Analyst,7,Cognizant,Bangalore,2-5 Years,19.31,2025-07-02
671,Data Analyst,13,Flipkart,Mumbai,Fresher,10.0,2025-07-16
672,Data Analyst,14,PwC,Hyderabad,Fresher,5.51,2025-06-24
673,Data Analyst,8,IBM,Hyderabad,0-2 Years,11.59,2025-07-18
674,Data Analyst,13,Flipkart,Ahmedabad,2-5 Years,15.55,2025-04-24
675,Data Analyst,2,Infosys,Delhi NCR,0-2 Years,9.31,2025-08-17
676,Data Analyst,8,IBM,Pune,0-2 Years,10.57,2025-10-26
677,Data Analyst,13,Flipkart,Chennai,2-5 Years,15.17,2025-07-31
678,Data Analyst,10,Tech Mahindra,Delhi NCR,2-5 Years,18.1,2025-03-30
679,Data Analyst,13,Flipkart,Jaipur,2-5 Years,17.12,2025-06-01
680,Data Analyst,6,Capgemini,Ahmedabad,0-2 Years,12.53,2025-05-15
681,Data Analyst,14,PwC,Hyderabad,0-2 Years,12.87,2025-06-18
682,Data Analyst,9,HCL,Ahmedabad,Fresher,5.65,2025-08-22
683,Data Analyst,7,Cognizant,Hyderabad,2-5 Years,16.37,2025-04-16
684,Data Analyst,1,TCS,Delhi NCR,0-2 Years,11.59,2025-12-09
685,Data Analyst,4,Accenture,Pune,0-2 Years,10.03,2025-06-09
686,Data Analyst,11,Amazon,Bangalore,2-5 Years,18.86,2025-09-01
687,Data Analyst,10,Tech Mahindra,Delhi NCR,0-2 Years,10.71,2025-05-18
688,Data Analyst,3,Wipro,Ahmedabad,0-2 Years,10.55,2025-01-15
689,Data Analyst,5,Deloitte,Chennai,0-2 Years,12.35,2025-05-28
690,Data Analyst,1,TCS,Kolkata,Fresher,7.53,2025-03-26
691,Data Analyst,7,Cognizant,Mumbai,Fresher,8.07,2025-07-27
692,Data Analyst,1,TCS,Ahmedabad,0-2 Years,12.39,2025-05-28
693,Data Analyst,4,Accenture,Pune,0-2 Years,10.2,2025-09-01
694,Data Analyst,8,IBM,Jaipur,0-2 Years,11.74,2025-08-24
695,Data Analyst,10,Tech Mahindra,Jaipur,5+ Years,23.71,2025-10-19
696,Data Analyst,14,PwC,Bangalore,2-5 Years,17.63,2025-09-28
697,Data Analyst,2,Infosys,Ahmedabad,0-2 Years,11.39,2025-03-16
698,Data Analyst,11,Amazon,Pune,5+ Years,22.0,2025-08-06
699,Data Analyst,7,Cognizant,Bangalore,5+ Years,26.11,2025-06-14
700,Data Analyst,15,KPMG,Jaipur,2-5 Years,15.78,2025-02-27
701,Data Analyst,7,Cognizant,Mumbai,2-5 Years,16.87,2025-09-17
702,Data Analyst,1,TCS,Kolkata,0-2 Years,12.26,2025-12-17
703,Data Analyst,11,Amazon,Mumbai,0-2 Years,11.65,2025-10-03
704,Data Analyst,10,Tech Mahindra,Ahmedabad,2-5 Years,14.31,2025-11-07
705,Data Analyst,1,TCS,Delhi NCR,5+ Years,21.13,2025-02-04
706,Data Analyst,10,Tech Mahindra,Ahmedabad,2-5 Years,16.73,2025-10-07
707,Data Analyst,7,Cognizant,Hyderabad,Fresher,6.46,2025-01-09
708,Data Analyst,7,Cognizant,Kolkata,0-2 Years,13.11,2025-08-25
709,Data Analyst,6,Capgemini,Delhi NCR,0-2 Years,8.5,2025-07-05
710,Data Analyst,8,IBM,Ahmedabad,0-2 Years,13.04,2025-02-21
711,Data Analyst,15,KPMG,Bangalore,2-5 Years,18.25,2025-03-11
712,Data Analyst,5,Deloitte,Delhi NCR,2-5 Years,15.88,2025-11-13
713,Data Analyst,13,Flipkart,Bangalore,2-5 Years,17.35,2025-08-14
714,Data Analyst,9,HCL,Hyderabad,2-5 Years,17.48,2025-01-18
715,Data Analyst,4,Accenture,Pune,0-2 Years,11.45,2025-06-25
716,Data Analyst,3,Wipro,Mumbai,5+ Years,25.82,2025-11-17
717,Data Analyst,6,Capgemini,Bangalore,0-2 Years,13.14,2025-09-30
718,Data Analyst,5,Deloitte,Jaipur,5+ Years,23.18,2025-09-02
719,Data Analyst,9,HCL,Pune,0-2 Years,11.06,2025-07-22
720,Data Analyst,15,KPMG,Hyderabad,5+ Years,23.93,2025-02-16
721,Data Analyst,14,PwC,Chennai,2-5 Years,16.87,2025-06-02
722,Data Analyst,2,Infosys,Hyderabad,2-5 Years,14.95,2025-01-28
723,Data Analyst,4,Accenture,Delhi NCR,5+ Years,21.38,2025-03-25
724,Data Analyst,10,Tech Mahindra,Bangalore,Fresher,9.89,2025-11-02
725,Data Analyst,1,TCS,Ahmedabad,2-5 Years,16.21,2025-09-23
726,Data Analyst,2,Infosys,Ahmedabad,2-5 Years,15.78,2025-05-02
727,Data Analyst,9,HCL,Jaipur,5+ Years,23.02,2025-10-01
728,Data Analyst,8,IBM,Hyderabad,Fresher,8.42,2025-04-04
729,Data Analyst,1,TCS,Pune,2-5 Years,15.85,2025-08-25
730,Data Analyst,1,TCS,Mumbai,0-2 Years,11.57,2025-06-30
731,Data Analyst,15,KPMG,Bangalore,0-2 Years,13.24,2025-06-28
732,Data Analyst,13,Flipkart,Kolkata,0-2 Years,9.83,2025-02-08
733,Data Analyst,15,KPMG,Hyderabad,0-2 Years,12.49,2025-02-11
734,Data Analyst,15,KPMG,Delhi NCR,Fresher,4.96,2025-11-03
735,Data Analyst,4,Accenture,Delhi NCR,0-2 Years,12.23,2025-10-08
736,Data Analyst,1,TCS,Mumbai,0-2 Years,13.07,2025-05-06
737,Data Analyst,15,KPMG,Jaipur,5+ Years,23.31,2025-08-15
738,Data Analyst,2,Infosys,Mumbai,2-5 Years,18.68,2025-01-18
739,Data Analyst,13,Flipkart,Kolkata,0-2 Years,13.0,2025-11-23
740,Data Analyst,12,Microsoft,Ahmedabad,0-2 Years,12.22,2025-08-04
741,Data Analyst,7,Cognizant,Chennai,5+ Years,21.29,2025-12-29
742,Data Analyst,15,KPMG,Jaipur,Fresher,5.46,2025-02-15
743,Data Analyst,7,Cognizant,Kolkata,2-5 Years,15.25,2025-10-23
744,Data Analyst,14,PwC,Chennai,Fresher,7.53,2025-02-15
745,Data Analyst,9,HCL,Kolkata,0-2 Years,11.62,2025-12-16
746,Data Analyst,8,IBM,Chennai,0-2 Years,10.63,2025-07-28
747,Data Analyst,5,Deloitte,Delhi NCR,Fresher,7.22,2025-11-28
748,Data Analyst,9,HCL,Kolkata,0-2 Years,10.09,2025-12-13
749,Data Analyst,1,TCS,Ahmedabad,0-2 Years,10.27,2025-03-16
750,Data Analyst,9,HCL,Ahmedabad,0-2 Years,9.31,2025-07-21
751,Data Analyst,8,IBM,Ahmedabad,0-2 Years,9.89,2025-04-03
752,Data Analyst,12,Microsoft,Hyderabad,0-2 Years,10.38,2025-08-08
753,Data Analyst,3,Wipro,Delhi NCR,0-2 Years,9.83,2025-10-10
754,Data Analyst,5,Deloitte,Bangalore,2-5 Years,19.26,2025-12-17
755,Data Analyst,11,Amazon,Jaipur,5+ Years,21.86,2025-06-03
756,Data Analyst,10,Tech Mahindra,Bangalore,2-5 Years,21.16,2025-09-24
757,Data Analyst,1,TCS,Ahmedabad,2-5 Years,16.59,2025-02-05
758,Data Analyst,1,TCS,Ahmedabad,5+ Years,23.22,2025-01-19
759,Data Analyst,10,Tech Mahindra,Bangalore,0-2 Years,11.97,2025-07-14
760,Data Analyst,12,Microsoft,Ahmedabad,0-2 Years,11.84,2025-09-06
761,Data Analyst,7,Cognizant,Bangalore,0-2 Years,12.31,2025-02-10
762,Data Analyst,11,Amazon,Pune,2-5 Years,16.65,2025-09-22
763,Data Analyst,13,Flipkart,Hyderabad,2-5 Years,20.07,2025-01-17
764,Data Analyst,14,PwC,Jaipur,5+ Years,22.88,2025-09-27
765,Data Analyst,12,Microsoft,Chennai,Fresher,8.88,2025-12-31
766,Data Analyst,7,Cognizant,Hyderabad,5+ Years,23.16,2025-11-08
767,Data Analyst,11,Amazon,Pune,0-2 Years,11.46,2025-06-22
768,Data Analyst,13,Flipkart,Delhi NCR,0-2 Years,13.12,2025-07-24
769,Data Analyst,7,Cognizant,Jaipur,Fresher,6.25,2025-08-05
770,Data Analyst,6,Capgemini,Pune,0-2 Years,13.67,2025-02-28
771,Data Analyst,2,Infosys,Bangalore,2-5 Years,18.85,2025-08-15
772,Data Analyst,6,Capgemini,Hyderabad,2-5 Years,16.33,2025-05-18
773,Data Analyst,11,Amazon,Mumbai,2-5 Years,18.26,2025-05-04
774,Data Analyst,1,TCS,Chennai,0-2 Years,12.67,2025-11-30
775,Data Analyst,15,KPMG,Jaipur,5+ Years,23.75,2025-09-06
776,Data Analyst,12,Microsoft,Hyderabad,0-2 Years,10.12,2025-12-15
777,Data Analyst,7,Cognizant,Delhi NCR,0-2 Years,10.13,2025-03-23
778,Data Analyst,12,Microsoft,Ahmedabad,2-5 Years,15.7,2025-06-21
779,Data Analyst,9,HCL,Bangalore,2-5 Years,17.91,2025-01-24
780,Data Analyst,7,Cognizant,Jaipur,0-2 Years,11.74,2025-09-29
781,Data Analyst,1,TCS,Mumbai,0-2 Years,12.71,2025-03-26
782,Data Analyst,7,Cognizant,Mumbai,0-2 Years,10.9,2025-11-19
783,Data Analyst,3,Wipro,Jaipur,0-2 Years,11.46,2025-04-06
784,Data Analyst,1,TCS,Kolkata,2-5 Years,16.73,2025-02-19
785,Data Analyst,11,Amazon,Kolkata,0-2 Years,11.67,2025-08-19
786,Data Analyst,14,PwC,Delhi NCR,0-2 Years,12.3,2025-07-17
787,Data Analyst,2,Infosys,Delhi NCR,0-2 Years,12.0,2025-01-27
788,Data Analyst,1,TCS,Bangalore,0-2 Years,13.55,2025-12-25
789,Data Analyst,1,TCS,Hyderabad,2-5 Years,16.92,2025-01-20
790,Data Analyst,8,IBM,Jaipur,2-5 Years,14.01,2025-02-20
791,Data Analyst,6,Capgemini,Mumbai,0-2 Years,13.02,2025-06-14
792,Data Analyst,15,KPMG,Bangalore,2-5 Years,18.25,2025-01-26
793,Data Analyst,1,TCS,Pune,2-5 Years,16.83,2025-08-25
794,Data Analyst,7,Cognizant,Mumbai,0-2 Years,10.97,2025-02-12
795,Data Analyst,2,Infosys,Ahmedabad,0-2 Years,9.7,2025-05-26
796,Data Analyst,5,Deloitte,Hyderabad,0-2 Years,13.26,2025-11-10
797,Data Analyst,4,Accenture,Delhi NCR,0-2 Years,10.95,2025-07-01
798,Data Analyst,4,Accenture,Bangalore,0-2 Years,13.82,2025-07-08
799,Data Analyst,10,Tech Mahindra,Ahmedabad,Fresher,7.03,2025-02-19
800,Data Analyst,1,TCS,Chennai,0-2 Years,11.54,2025-01-04
801,Data Analyst,1,TCS,Ahmedabad,5+ Years,24.13,2025-11-08
802,Data Analyst,10,Tech Mahindra,Delhi NCR,2-5 Years,15.38,2025-01-08
803,Data Analyst,5,Deloitte,Kolkata,Fresher,7.12,2025-12-13
804,Data Analyst,4,Accenture,Chennai,Fresher,6.95,2025-02-08
805,Data Analyst,8,IBM,Chennai,0-2 Years,10.98,2025-09-22
806,Data Analyst,15,KPMG,Kolkata,Fresher,6.63,2025-07-24
807,Data Analyst,11,Amazon,Pune,0-2 Years,11.77,2025-09-10
808,Data Analyst,4,Accenture,Pune,Fresher,6.93,2025-07-12
809,Data Analyst,8,IBM,Chennai,5+ Years,25.01,2025-07-17
810,Data Analyst,2,Infosys,Kolkata,Fresher,5.93,2025-01-17
811,Data Analyst,2,Infosys,Chennai,Fresher,7.28,2025-05-10
812,Data Analyst,10,Tech Mahindra,Hyderabad,2-5 Years,16.47,2025-01-16
813,Data Analyst,3,Wipro,Chennai,Fresher,9.24,2025-12-29
814,Data Analyst,11,Amazon,Pune,0-2 Years,11.74,2025-10-02
815,Data Analyst,5,Deloitte,Ahmedabad,5+ Years,24.24,2025-02-25
816,Data Analyst,10,Tech Mahindra,Kolkata,5+ Years,21.22,2025-06-20
817,Data Analyst,15,KPMG,Mumbai,2-5 Years,17.82,2025-02-20
818,Data Analyst,9,HCL,Kolkata,0-2 Years,12.07,2025-12-27
819,Data Analyst,9,HCL,Kolkata,2-5 Years,16.1,2025-03-06
820,Data Analyst,4,Accenture,Chennai,0-2 Years,12.78,2025-07-21
821,Data Analyst,15,KPMG,Mumbai,0-2 Years,11.88,2025-12-21
822,Data Analyst,15,KPMG,Kolkata,2-5 Years,17.69,2025-12-25
823,Data Analyst,2,Infosys,Kolkata,2-5 Years,18.76,2025-03-03
824,Data Analyst,4,Accenture,Bangalore,5+ Years,24.56,2025-08-14
825,Data Analyst,13,Flipkart,Pune,2-5 Years,15.97,2025-12-02
826,Data Analyst,6,Capgemini,Hyderabad,2-5 Years,18.74,2025-03-08
827,Data Analyst,9,HCL,Chennai,Fresher,9.4,2025-08-27
828,Data Analyst,1,TCS,Delhi NCR,0-2 Years,10.37,2025-10-10
829,Data Analyst,13,Flipkart,Bangalore,0-2 Years,12.5,2025-03-28
830,Data Analyst,2,Infosys,Bangalore,0-2 Years,12.66,2025-01-19
831,Data Analyst,10,Tech Mahindra,Mumbai,5+ Years,22.89,2025-07-16
832,Data Analyst,14,PwC,Hyderabad,0-2 Years,10.9,2025-04-01
833,Data Analyst,14,PwC,Delhi NCR,Fresher,5.8,2025-01-13
834,Data Analyst,13,Flipkart,Bangalore,Fresher,8.08,2025-03-26
835,Data Analyst,9,HCL,Hyderabad,2-5 Years,16.96,2025-10-15
836,Data Analyst,9,HCL,Bangalore,0-2 Years,13.28,2025-09-26
837,Data Analyst,2,Infosys,Bangalore,2-5 Years,19.86,2025-10-30
838,Data Analyst,11,Amazon,Bangalore,2-5 Years,16.8,2025-02-06
839,Data Analyst,3,Wipro,Hyderabad,2-5 Years,18.18,2025-08-30
840,Data Analyst,2,Infosys,Kolkata,5+ Years,22.74,2025-03-21
841,Data Analyst,4,Accenture,Ahmedabad,0-2 Years,10.94,2025-05-05
842,Data Analyst,12,Microsoft,Mumbai,0-2 Years,13.31,2025-08-24
843,Data Analyst,2,Infosys,Hyderabad,2-5 Years,15.65,2025-04-14
844,Data Analyst,14,PwC,Bangalore,2-5 Years,18.46,2025-05-28
845,Data Analyst,10,Tech Mahindra,Mumbai,2-5 Years,17.7,2025-08-10
846,Data Analyst,3,Wipro,Jaipur,0-2 Years,11.59,2025-07-16
847,Data Analyst,13,Flipkart,Ahmedabad,Fresher,7.35,2025-02-15
848,Data Analyst,15,KPMG,Chennai,2-5 Years,19.45,2025-03-05
849,Data Analyst,15,KPMG,Hyderabad,0-2 Years,11.23,2025-01-25
850,Data Analyst,14,PwC,Jaipur,0-2 Years,10.36,2025-12-22
851,Data Analyst,15,KPMG,Mumbai,5+ Years,23.75,2025-09-29
852,Data Analyst,10,Tech Mahindra,Delhi NCR,2-5 Years,15.33,2025-10-17
853,Data Analyst,15,KPMG,Pune,0-2 Years,10.74,2025-04-13
854,Data Analyst,15,KPMG,Pune,2-5 Years,17.93,2025-08-19
855,Data Analyst,15,KPMG,Delhi NCR,2-5 Years,17.7,2025-03-09
856,Data Analyst,11,Amazon,Jaipur,Fresher,6.32,2025-07-03
857,Data Analyst,11,Amazon,Kolkata,0-2 Years,10.0,2025-01-12
858,Data Analyst,2,Infosys,Chennai,5+ Years,24.07,2025-07-26
859,Data Analyst,8,IBM,Jaipur,2-5 Years,15.34,2025-03-26
860,Data Analyst,5,Deloitte,Kolkata,Fresher,7.76,2025-08-27
861,Data Analyst,8,IBM,Pune,2-5 Years,16.74,2025-02-17
862,Data Analyst,3,Wipro,Jaipur,5+ Years,21.18,2025-09-13
863,Data Analyst,2,Infosys,Pune,5+ Years,25.36,2025-08-24
864,Data Analyst,10,Tech Mahindra,Mumbai,5+ Years,26.66,2025-11-03
865,Data Analyst,5,Deloitte,Jaipur,2-5 Years,15.26,2025-01-12
866,Data Analyst,9,HCL,Chennai,2-5 Years,16.03,2025-11-22
867,Data Analyst,13,Flipkart,Bangalore,2-5 Years,18.34,2025-08-26
868,Data Analyst,7,Cognizant,Hyderabad,0-2 Years,12.4,2025-04-20
869,Data Analyst,6,Capgemini,Ahmedabad,0-2 Years,11.79,2025-05-06
870,Data Analyst,8,IBM,Chennai,Fresher,9.91,2025-11-04
871,Data Analyst,8,IBM,Kolkata,5+ Years,22.79,2025-09-24
872,Data Analyst,4,Accenture,Chennai,Fresher,6.54,2025-12-08
873,Data Analyst,13,Flipkart,Ahmedabad,0-2 Years,9.34,2025-08-31
874,Data Analyst,4,Accenture,Pune,0-2 Years,10.62,2025-07-09
875,Data Analyst,13,Flipkart,Bangalore,2-5 Years,17.96,2025-07-20
876,Data Analyst,8,IBM,Pune,5+ Years,25.65,2025-06-17
877,Data Analyst,3,Wipro,Delhi NCR,2-5 Years,15.38,2025-07-28
878,Data Analyst,11,Amazon,Bangalore,2-5 Years,18.27,2025-07-20
879,Data Analyst,4,Accenture,Mumbai,2-5 Years,17.48,2025-03-24
880,Data Analyst,8,IBM,Hyderabad,0-2 Years,13.43,2025-12-08
881,Data Analyst,10,Tech Mahindra,Ahmedabad,Fresher,10.03,2025-01-18
882,Data Analyst,15,KPMG,Pune,0-2 Years,10.86,2025-02-19
883,Data Analyst,5,Deloitte,Jaipur,0-2 Years,10.41,2025-01-08
884,Data Analyst,13,Flipkart,Chennai,5+ Years,24.75,2025-08-09
885,Data Analyst,7,Cognizant,Mumbai,5+ Years,25.32,2025-02-04
886,Data Analyst,3,Wipro,Hyderabad,0-2 Years,14.22,2025-06-13
887,Data Analyst,15,KPMG,Chennai,5+ Years,24.2,2025-11-12
888,Data Analyst,15,KPMG,Kolkata,2-5 Years,15.57,2025-04-25
889,Data Analyst,13,Flipkart,Jaipur,2-5 Years,16.71,2025-09-05
890,Data Analyst,6,Capgemini,Delhi NCR,2-5 Years,17.33,2025-11-01
891,Data Analyst,11,Amazon,Kolkata,0-2 Years,11.98,2025-08-04
892,Data Analyst,8,IBM,Delhi NCR,2-5 Years,16.61,2025-09-29
893,Data Analyst,1,TCS,Bangalore,0-2 Years,14.28,2025-02-12
894,Data Analyst,5,Deloitte,Hyderabad,2-5 Years,18.4,2025-05-28
895,Data Analyst,12,Microsoft,Pune,2-5 Years,18.16,2025-12-23
896,Data Analyst,3,Wipro,Delhi NCR,0-2 Years,11.78,2025-07-06
897,Data Analyst,3,Wipro,Chennai,2-5 Years,16.3,2025-08-23
898,Data Analyst,6,Capgemini,Jaipur,2-5 Years,16.18,2025-06-30
899,Data Analyst,10,Tech Mahindra,Pune,Fresher,8.95,2025-07-02
900,Data Analyst,14,PwC,Delhi NCR,Fresher,6.02,2025-04-14
901,Data Analyst,4,Accenture,Pune,0-2 Years,11.94,2025-05-20
902,Data Analyst,13,Flipkart,Hyderabad,Fresher,7.53,2025-07-04
903,Data Analyst,2,Infosys,Kolkata,2-5 Years,16.03,2025-08-29
904,Data Analyst,8,IBM,Kolkata,0-2 Years,12.53,2025-03-15
905,Data Analyst,3,Wipro,Pune,0-2 Years,11.73,2025-09-09
906,Data Analyst,1,TCS,Delhi NCR,2-5 Years,16.06,2025-11-26
907,Data Analyst,1,TCS,Chennai,2-5 Years,14.87,2025-04-06
908,Data Analyst,12,Microsoft,Ahmedabad,0-2 Years,11.9,2025-02-14
909,Data Analyst,7,Cognizant,Pune,Fresher,8.27,2025-03-28
910,Data Analyst,3,Wipro,Hyderabad,0-2 Years,14.6,2025-06-18
911,Data Analyst,1,TCS,Mumbai,2-5 Years,17.13,2025-05-06
912,Data Analyst,8,IBM,Hyderabad,Fresher,8.26,2025-03-31
913,Data Analyst,12,Microsoft,Bangalore,0-2 Years,13.3,2025-01-04
914,Data Analyst,13,Flipkart,Bangalore,0-2 Years,14.89,2025-11-29
915,Data Analyst,14,PwC,Jaipur,0-2 Years,10.89,2025-05-12
916,Data Analyst,3,Wipro,Bangalore,0-2 Years,13.33,2025-09-29
917,Data Analyst,9,HCL,Bangalore,2-5 Years,18.73,2025-09-14
918,Data Analyst,13,Flipkart,Pune,0-2 Years,11.72,2025-08-23
919,Data Analyst,12,Microsoft,Pune,5+ Years,22.96,2025-10-28
920,Data Analyst,7,Cognizant,Mumbai,2-5 Years,17.73,2025-05-04
921,Data Analyst,9,HCL,Mumbai,0-2 Years,13.79,2025-11-15
922,Data Analyst,5,Deloitte,Jaipur,0-2 Years,9.77,2025-10-20
923,Data Analyst,13,Flipkart,Mumbai,0-2 Years,12.66,2025-04-24
924,Data Analyst,12,Microsoft,Ahmedabad,0-2 Years,10.16,2025-12-10
925,Data Analyst,15,KPMG,Chennai,Fresher,8.93,2025-05-30
926,Data Analyst,8,IBM,Kolkata,2-5 Years,14.17,2025-07-16
927,Data Analyst,8,IBM,Hyderabad,0-2 Years,11.33,2025-07-22
928,Data Analyst,3,Wipro,Ahmedabad,0-2 Years,11.45,2025-07-01
929,Data Analyst,15,KPMG,Chennai,0-2 Years,13.38,2025-09-28
930,Data Analyst,15,KPMG,Bangalore,2-5 Years,17.92,2025-10-12
931,Data Analyst,6,Capgemini,Jaipur,2-5 Years,15.33,2025-03-24
932,Data Analyst,7,Cognizant,Bangalore,Fresher,11.26,2025-05-12
933,Data Analyst,2,Infosys,Bangalore,2-5 Years,16.26,2025-11-16
934,Data Analyst,8,IBM,Chennai,0-2 Years,8.86,2025-06-12
935,Data Analyst,7,Cognizant,Kolkata,0-2 Years,11.53,2025-10-23
936,Data Analyst,15,KPMG,Kolkata,2-5 Years,15.4,2025-03-06
937,Data Analyst,15,KPMG,Delhi NCR,0-2 Years,9.77,2025-06-26
938,Data Analyst,4,Accenture,Chennai,0-2 Years,12.35,2025-02-07
939,Data Analyst,9,HCL,Hyderabad,0-2 Years,12.29,2025-12-08
940,Data Analyst,11,Amazon,Chennai,0-2 Years,10.82,2025-11-13
941,Data Analyst,3,Wipro,Delhi NCR,0-2 Years,9.46,2025-08-29
942,Data Analyst,3,Wipro,Chennai,Fresher,8.55,2025-10-28
943,Data Analyst,3,Wipro,Bangalore,Fresher,9.78,2025-04-15
944,Data Analyst,6,Capgemini,Hyderabad,0-2 Years,11.88,2025-07-08
945,Data Analyst,1,TCS,Bangalore,2-5 Years,20.22,2025-08-03
946,Data Analyst,13,Flipkart,Bangalore,0-2 Years,11.72,2025-11-11
947,Data Analyst,2,Infosys,Mumbai,2-5 Years,15.67,2025-01-04
948,Data Analyst,6,Capgemini,Mumbai,Fresher,7.67,2025-08-10
949,Data Analyst,6,Capgemini,Hyderabad,0-2 Years,11.95,2025-12-14
950,Data Analyst,1,TCS,Kolkata,5+ Years,23.29,2025-11-15
951,Data Analyst,1,TCS,Hyderabad,0-2 Years,11.71,2025-11-04
952,Data Analyst,8,IBM,Hyderabad,2-5 Years,17.42,2025-05-13
953,Data Analyst,8,IBM,Ahmedabad,0-2 Years,9.5,2025-06-19
954,Data Analyst,2,Infosys,Bangalore,2-5 Years,19.73,2025-10-01
955,Data Analyst,11,Amazon,Pune,0-2 Years,11.4,2025-05-18
956,Data Analyst,9,HCL,Chennai,Fresher,8.84,2025-04-01
957,Data Analyst,2,Infosys,Kolkata,0-2 Years,11.41,2025-04-16
958,Data Analyst,12,Microsoft,Hyderabad,0-2 Years,12.55,2025-10-18
959,Data Analyst,11,Amazon,Bangalore,2-5 Years,18.68,2025-10-26
960,Data Analyst,15,KPMG,Chennai,0-2 Years,12.04,2025-09-02
961,Data Analyst,13,Flipkart,Jaipur,0-2 Years,11.77,2025-08-19
962,Data Analyst,2,Infosys,Delhi NCR,0-2 Years,12.59,2025-02-14
963,Data Analyst,1,TCS,Pune,0-2 Years,11.74,2025-07-11
964,Data Analyst,14,PwC,Hyderabad,5+ Years,24.85,2025-05-27
965,Data Analyst,14,PwC,Pune,0-2 Years,11.39,2025-01-24
966,Data Analyst,14,PwC,Bangalore,2-5 Years,19.73,2025-06-12
967,Data Analyst,4,Accenture,Delhi NCR,0-2 Years,10.19,2025-08-30
968,Data Analyst,5,Deloitte,Chennai,Fresher,9.66,2025-02-01
969,Data Analyst,9,HCL,Hyderabad,Fresher,7.95,2025-08-25
970,Data Analyst,2,Infosys,Jaipur,0-2 Years,9.28,2025-10-19
971,Data Analyst,4,Accenture,Jaipur,0-2 Years,11.15,2025-06-04
972,Data Analyst,2,Infosys,Chennai,0-2 Years,10.68,2025-10-08
973,Data Analyst,1,TCS,Chennai,0-2 Years,12.51,2025-06-18
974,Data Analyst,1,TCS,Ahmedabad,2-5 Years,15.22,2025-08-05
975,Data Analyst,3,Wipro,Hyderabad,0-2 Years,11.46,2025-12-19
976,Data Analyst,8,IBM,Pune,Fresher,5.23,2025-09-19
977,Data Analyst,2,Infosys,Kolkata,0-2 Years,10.46,2025-03-25
978,Data Analyst,10,Tech Mahindra,Bangalore,0-2 Years,10.09,2025-05-14
979,Data Analyst,8,IBM,Delhi NCR,0-2 Years,9.1,2025-08-22
980,Data Analyst,15,KPMG,Delhi NCR,0-2 Years,11.91,2025-04-19
981,Data Analyst,1,TCS,Jaipur,5+ Years,23.94,2025-05-17
982,Data Analyst,10,Tech Mahindra,Delhi NCR,Fresher,7.51,2025-01-17
983,Data Analyst,15,KPMG,Mumbai,5+ Years,23.34,2025-11-21
984,Data Analyst,3,Wipro,Chennai,0-2 Years,11.44,2025-04-01
985,Data Analyst,6,Capgemini,Mumbai,0-2 Years,12.5,2025-02-24
986,Data Analyst,6,Capgemini,Bangalore,0-2 Years,11.61,2025-03-05
987,Data Analyst,15,KPMG,Mumbai,2-5 Years,19.3,2025-03-15
988,Data Analyst,5,Deloitte,Jaipur,0-2 Years,12.05,2025-06-30
989,Data Analyst,8,IBM,Bangalore,5+ Years,24.73,2025-08-10
990,Data Analyst,1,TCS,Delhi NCR,2-5 Years,16.03,2025-02-18
991,Data Analyst,11,Amazon,Pune,0-2 Years,11.75,2025-06-13
992,Data Analyst,9,HCL,Jaipur,0-2 Years,8.55,2025-05-05
993,Data Analyst,14,PwC,Bangalore,0-2 Years,12.7,2025-10-29
994,Data Analyst,13,Flipkart,Bangalore,2-5 Years,17.18,2025-01-07
995,Data Analyst,5,Deloitte,Kolkata,0-2 Years,9.8,2025-05-17
996,Data Analyst,3,Wipro,Hyderabad,0-2 Years,11.66,2025-08-11
997,Data Analyst,2,Infosys,Delhi NCR,0-2 Years,13.16,2025-04-28
998,Data Analyst,15,KPMG,Hyderabad,0-2 Years,12.77,2025-06-03
999,Data Analyst,8,IBM,Kolkata,0-2 Years,10.31,2025-08-25
1000,Data Analyst,13,Flipkart,Pune,2-5 Years,17.19,2025-11-11
1001,Data Analyst,6,Capgemini,Bangalore,2-5 Years,19.68,2025-04-01
1002,Data Analyst,2,Infosys,Pune,0-2 Years,12.61,2025-07-05
1003,Data Analyst,12,Microsoft,Bangalore,2-5 Years,18.07,2025-05-31
1004,Data Analyst,6,Capgemini,Bangalore,5+ Years,24.22,2025-02-07
1005,Data Analyst,12,Microsoft,Bangalore,0-2 Years,13.84,2025-08-04
1006,Data Analyst,7,Cognizant,Hyderabad,Fresher,8.47,2025-02-07
1007,Data Analyst,5,Deloitte,Chennai,0-2 Years,12.57,2025-11-20
1008,Data Analyst,15,KPMG,Kolkata,2-5 Years,16.76,2025-03-14
1009,Data Analyst,15,KPMG,Ahmedabad,0-2 Years,12.26,2025-06-11
1010,Data Analyst,4,Accenture,Mumbai,Fresher,7.86,2025-07-10
1011,Data Analyst,12,Microsoft,Hyderabad,5+ Years,25.58,2025-01-26
1012,Data Analyst,15,KPMG,Pune,0-2 Years,11.74,2025-12-11
1013,Data Analyst,7,Cognizant,Delhi NCR,0-2 Years,13.49,2025-08-18
1014,Data Analyst,6,Capgemini,Jaipur,2-5 Years,15.17,2025-02-04
1015,Data Analyst,14,PwC,Mumbai,0-2 Years,14.58,2025-07-19
1016,Data Analyst,15,KPMG,Kolkata,0-2 Years,11.24,2025-09-21
1017,Data Analyst,6,Capgemini,Mumbai,5+ Years,23.72,2025-09-09
1018,Data Analyst,7,Cognizant,Ahmedabad,2-5 Years,15.42,2025-04-09
1019,Data Analyst,11,Amazon,Bangalore,2-5 Years,17.62,2025-05-26
1020,Data Analyst,2,Infosys,Bangalore,2-5 Years,18.51,2025-06-12
1021,Data Analyst,1,TCS,Chennai,0-2 Years,12.13,2025-10-30
1022,Data Analyst,10,Tech Mahindra,Mumbai,2-5 Years,16.81,2025-05-11
1023,Data Analyst,8,IBM,Chennai,0-2 Years,11.47,2025-07-24
1024,Data Analyst,2,Infosys,Mumbai,0-2 Years,15.07,2025-09-07
1025,Data Analyst,8,IBM,Pune,0-2 Years,13.57,2025-05-27
1026,Data Analyst,9,HCL,Kolkata,0-2 Years,11.52,2025-11-02
1027,Data Analyst,8,IBM,Delhi NCR,2-5 Years,16.05,2025-06-02
1028,Data Analyst,3,Wipro,Mumbai,0-2 Years,12.64,2025-03-17
1029,Data Analyst,3,Wipro,Bangalore,2-5 Years,18.74,2025-09-09
1030,Data Analyst,15,KPMG,Ahmedabad,2-5 Years,14.77,2025-01-13
1031,Data Analyst,7,Cognizant,Hyderabad,2-5 Years,16.69,2025-01-19
1032,Data Analyst,13,Flipkart,Pune,0-2 Years,9.5,2025-02-08
1033,Data Analyst,8,IBM,Jaipur,2-5 Years,16.48,2025-11-28
1034,Data Analyst,8,IBM,Mumbai,2-5 Years,18.28,2025-09-25
1035,Data Analyst,14,PwC,Kolkata,0-2 Years,10.42,2025-11-30
1036,Data Analyst,6,Capgemini,Chennai,0-2 Years,13.39,2025-09-02
1037,Data Analyst,3,Wipro,Bangalore,2-5 Years,16.53,2025-04-23
1038,Data Analyst,5,Deloitte,Bangalore,0-2 Years,11.24,2025-09-23
1039,Data Analyst,4,Accenture,Mumbai,0-2 Years,12.77,2025-08-08
1040,Data Analyst,5,Deloitte,Kolkata,0-2 Years,12.26,2025-01-02
1041,Data Analyst,8,IBM,Pune,0-2 Years,13.52,2025-01-30
1042,Data Analyst,15,KPMG,Hyderabad,0-2 Years,11.45,2025-10-31
1043,Data Analyst,3,Wipro,Jaipur,Fresher,8.29,2025-03-27
1044,Data Analyst,11,Amazon,Ahmedabad,0-2 Years,10.95,2025-05-17
1045,Data Analyst,5,Deloitte,Chennai,2-5 Years,16.29,2025-01-12
1046,Data Analyst,10,Tech Mahindra,Hyderabad,0-2 Years,13.06,2025-04-20
1047,Data Analyst,10,Tech Mahindra,Delhi NCR,0-2 Years,11.78,2025-02-09
1048,Data Analyst,7,Cognizant,Jaipur,Fresher,5.11,2025-04-25
1049,Data Analyst,6,Capgemini,Kolkata,5+ Years,24.77,2025-12-28
1050,Data Analyst,4,Accenture,Kolkata,0-2 Years,12.66,2025-08-26
1051,Data Analyst,4,Accenture,Mumbai,Fresher,7.75,2025-10-05
1052,Data Analyst,1,TCS,Chennai,0-2 Years,11.97,2025-04-18
1053,Data Analyst,12,Microsoft,Chennai,0-2 Years,12.09,2025-04-27
1054,Data Analyst,12,Microsoft,Mumbai,0-2 Years,12.81,2025-01-13
1055,Data Analyst,3,Wipro,Ahmedabad,Fresher,6.34,2025-09-11
1056,Data Analyst,9,HCL,Bangalore,Fresher,8.19,2025-06-08
1057,Data Analyst,11,Amazon,Jaipur,2-5 Years,15.97,2025-09-23
1058,Data Analyst,2,Infosys,Kolkata,0-2 Years,12.41,2025-01-07
1059,Data Analyst,7,Cognizant,Kolkata,0-2 Years,11.65,2025-04-17
1060,Data Analyst,11,Amazon,Hyderabad,2-5 Years,16.56,2025-08-12
1061,Data Analyst,14,PwC,Bangalore,0-2 Years,13.93,2025-01-03
1062,Data Analyst,11,Amazon,Chennai,0-2 Years,8.08,2025-11-29
1063,Data Analyst,9,HCL,Ahmedabad,2-5 Years,17.38,2025-04-24
1064,Data Analyst,8,IBM,Hyderabad,Fresher,5.91,2025-02-16
1065,Data Analyst,11,Amazon,Hyderabad,0-2 Years,11.57,2025-02-13
1066,Data Analyst,12,Microsoft,Delhi NCR,5+ Years,21.66,2025-05-13
1067,Data Analyst,8,IBM,Chennai,0-2 Years,9.95,2025-12-18
1068,Data Analyst,12,Microsoft,Mumbai,Fresher,9.89,2025-04-19
1069,Data Analyst,2,Infosys,Pune,0-2 Years,10.94,2025-12-09
1070,Data Analyst,3,Wipro,Delhi NCR,0-2 Years,11.42,2025-08-02
1071,Data Analyst,8,IBM,Jaipur,0-2 Years,10.94,2025-09-19
1072,Data Analyst,1,TCS,Jaipur,Fresher,7.57,2025-12-03
1073,Data Analyst,2,Infosys,Mumbai,0-2 Years,12.59,2025-12-08
1074,Data Analyst,7,Cognizant,Chennai,Fresher,5.96,2025-06-18
1075,Data Analyst,6,Capgemini,Mumbai,2-5 Years,18.7,2025-01-07
1076,Data Analyst,11,Amazon,Pune,0-2 Years,10.91,2025-06-12
1077,Data Analyst,12,Microsoft,Mumbai,2-5 Years,15.63,2025-02-09
1078,Data Analyst,9,HCL,Pune,Fresher,6.99,2025-06-16
1079,Data Analyst,11,Amazon,Kolkata,Fresher,8.8,2025-08-25
1080,Data Analyst,9,HCL,Kolkata,2-5 Years,17.02,2025-12-25
1081,Data Analyst,14,PwC,Ahmedabad,0-2 Years,10.58,2025-04-30
1082,Data Analyst,6,Capgemini,Jaipur,0-2 Years,10.58,2025-02-03
1083,Data Analyst,5,Deloitte,Bangalore,5+ Years,24.61,2025-05-26
1084,Data Analyst,4,Accenture,Pune,0-2 Years,13.99,2025-10-15
1085,Data Analyst,8,IBM,Pune,0-2 Years,11.96,2025-01-07
1086,Data Analyst,15,KPMG,Ahmedabad,2-5 Years,16.52,2025-02-20
1087,Data Analyst,5,Deloitte,Mumbai,0-2 Years,13.74,2025-06-23
1088,Data Analyst,3,Wipro,Mumbai,2-5 Years,17.79,2025-09-27
1089,Data Analyst,2,Infosys,Kolkata,2-5 Years,15.69,2025-01-03
1090,Data Analyst,6,Capgemini,Delhi NCR,5+ Years,22.76,2025-10-18
1091,Data Analyst,15,KPMG,Kolkata,0-2 Years,10.91,2025-04-10
1092,Data Analyst,11,Amazon,Ahmedabad,Fresher,6.96,2025-10-13
1093,Data Analyst,15,KPMG,Hyderabad,2-5 Years,17.87,2025-10-17
1094,Data Analyst,5,Deloitte,Hyderabad,0-2 Years,12.06,2025-01-27
1095,Data Analyst,14,PwC,Pune,0-2 Years,12.38,2025-07-25
1096,Data Analyst,2,Infosys,Kolkata,Fresher,6.9,2025-11-13
1097,Data Analyst,7,Cognizant,Chennai,Fresher,7.59,2025-02-25
1098,Data Analyst,6,Capgemini,Bangalore,2-5 Years,15.6,2025-12-02
1099,Data Analyst,10,Tech Mahindra,Mumbai,5+ Years,25.6,2025-11-18
1100,Data Analyst,6,Capgemini,Chennai,2-5 Years,16.92,2025-09-17
1101,Data Analyst,6,Capgemini,Jaipur,5+ Years,24.2,2025-08-27
1102,Data Analyst,9,HCL,Mumbai,0-2 Years,9.02,2025-01-04
1103,Data Analyst,14,PwC,Mumbai,0-2 Years,15.01,2025-03-14
1104,Data Analyst,9,HCL,Mumbai,2-5 Years,17.33,2025-06-26
1105,Data Analyst,10,Tech Mahindra,Chennai,0-2 Years,12.83,2025-10-26
1106,Data Analyst,2,Infosys,Delhi NCR,2-5 Years,14.75,2025-01-27
1107,Data Analyst,1,TCS,Ahmedabad,0-2 Years,11.74,2025-07-21
1108,Data Analyst,8,IBM,Pune,0-2 Years,10.24,2025-11-29
1109,Data Analyst,4,Accenture,Ahmedabad,0-2 Years,10.25,2025-04-21
1110,Data Analyst,9,HCL,Ahmedabad,2-5 Years,18.3,2025-09-30
1111,Data Analyst,7,Cognizant,Chennai,2-5 Years,16.27,2025-06-18
1112,Data Analyst,8,IBM,Bangalore,0-2 Years,13.26,2025-03-13
1113,Data Analyst,13,Flipkart,Ahmedabad,2-5 Years,17.04,2025-02-03
1114,Data Analyst,6,Capgemini,Mumbai,2-5 Years,18.09,2025-11-04
1115,Data Analyst,2,Infosys,Bangalore,0-2 Years,13.18,2025-05-26
1116,Data Analyst,5,Deloitte,Chennai,0-2 Years,11.94,2025-07-09
1117,Data Analyst,1,TCS,Hyderabad,0-2 Years,14.88,2025-06-09
1118,Data Analyst,13,Flipkart,Ahmedabad,Fresher,6.93,2025-06-06
1119,Data Analyst,11,Amazon,Jaipur,0-2 Years,11.24,2025-01-05
1120,Data Analyst,4,Accenture,Delhi NCR,2-5 Years,17.26,2025-06-03
1121,Data Analyst,11,Amazon,Hyderabad,2-5 Years,18.33,2025-12-11
1122,Data Analyst,12,Microsoft,Jaipur,0-2 Years,12.42,2025-01-08
1123,Data Analyst,9,HCL,Delhi NCR,Fresher,7.77,2025-07-16
1124,Data Analyst,6,Capgemini,Delhi NCR,2-5 Years,14.63,2025-07-08
1125,Data Analyst,11,Amazon,Jaipur,2-5 Years,17.96,2025-04-24
1126,Data Analyst,4,Accenture,Pune,0-2 Years,10.12,2025-01-03
1127,Data Analyst,10,Tech Mahindra,Delhi NCR,Fresher,7.36,2025-02-07
1128,Data Analyst,11,Amazon,Jaipur,0-2 Years,10.09,2025-09-09
1129,Data Analyst,4,Accenture,Bangalore,2-5 Years,17.92,2025-05-13
1130,Data Analyst,3,Wipro,Delhi NCR,2-5 Years,16.39,2025-05-14
1131,Data Analyst,1,TCS,Hyderabad,Fresher,8.39,2025-06-26
1132,Data Analyst,6,Capgemini,Ahmedabad,2-5 Years,16.51,2025-04-23
1133,Data Analyst,13,Flipkart,Pune,2-5 Years,18.44,2025-07-28
1134,Data Analyst,11,Amazon,Chennai,2-5 Years,17.04,2025-10-26
1135,Data Analyst,15,KPMG,Chennai,2-5 Years,16.21,2025-05-22
1136,Data Analyst,3,Wipro,Kolkata,2-5 Years,17.16,2025-08-22
1137,Data Analyst,13,Flipkart,Pune,2-5 Years,17.93,2025-09-29
1138,Data Analyst,13,Flipkart,Chennai,5+ Years,22.03,2025-03-20
1139,Data Analyst,6,Capgemini,Kolkata,0-2 Years,11.72,2025-09-10
1140,Data Analyst,14,PwC,Mumbai,0-2 Years,13.34,2025-05-12
1141,Data Analyst,14,PwC,Mumbai,Fresher,8.14,2025-11-27
1142,Data Analyst,5,Deloitte,Mumbai,2-5 Years,19.15,2025-03-06
1143,Data Analyst,3,Wipro,Bangalore,2-5 Years,17.82,2025-08-14
1144,Data Analyst,6,Capgemini,Delhi NCR,5+ Years,23.15,2025-04-07
1145,Data Analyst,5,Deloitte,Bangalore,0-2 Years,12.79,2025-10-13
1146,Data Analyst,5,Deloitte,Ahmedabad,0-2 Years,11.02,2025-05-26
1147,Data Analyst,8,IBM,Hyderabad,Fresher,6.68,2025-04-07
1148,Data Analyst,2,Infosys,Bangalore,0-2 Years,11.27,2025-08-21
1149,Data Analyst,3,Wipro,Ahmedabad,5+ Years,24.91,2025-03-26
1150,Data Analyst,3,Wipro,Pune,5+ Years,22.48,2025-01-24
1151,Data Analyst,13,Flipkart,Bangalore,2-5 Years,16.81,2025-08-02
1152,Data Analyst,2,Infosys,Jaipur,0-2 Years,8.42,2025-03-09
1153,Data Analyst,3,Wipro,Kolkata,2-5 Years,15.23,2025-07-20
1154,Data Analyst,6,Capgemini,Bangalore,0-2 Years,11.41,2025-07-21
1155,Data Analyst,5,Deloitte,Jaipur,2-5 Years,17.97,2025-04-12
1156,Data Analyst,11,Amazon,Hyderabad,2-5 Years,18.21,2025-06-02
1157,Data Analyst,2,Infosys,Bangalore,0-2 Years,12.17,2025-01-28
1158,Data Analyst,12,Microsoft,Chennai,0-2 Years,14.2,2025-12-15
1159,Data Analyst,3,Wipro,Chennai,0-2 Years,12.68,2025-05-21
1160,Data Analyst,9,HCL,Pune,0-2 Years,11.11,2025-12-29
1161,Data Analyst,5,Deloitte,Chennai,0-2 Years,8.5,2025-07-08
1162,Data Analyst,15,KPMG,Bangalore,5+ Years,27.75,2025-08-24
1163,Data Analyst,7,Cognizant,Jaipur,0-2 Years,9.33,2025-07-07
1164,Data Analyst,10,Tech Mahindra,Pune,5+ Years,21.53,2025-03-29
1165,Data Analyst,12,Microsoft,Chennai,2-5 Years,17.73,2025-02-24
1166,Data Analyst,2,Infosys,Hyderabad,2-5 Years,19.93,2025-01-09
1167,Data Analyst,15,KPMG,Kolkata,2-5 Years,17.66,2025-05-10
1168,Data Analyst,11,Amazon,Delhi NCR,2-5 Years,16.68,2025-02-25
1169,Data Analyst,9,HCL,Kolkata,2-5 Years,16.71,2025-06-27
1170,Data Analyst,2,Infosys,Bangalore,2-5 Years,19.02,2025-04-30
1171,Data Analyst,5,Deloitte,Hyderabad,0-2 Years,12.91,2025-12-24
1172,Data Analyst,2,Infosys,Ahmedabad,Fresher,7.34,2025-04-15
1173,Data Analyst,8,IBM,Ahmedabad,0-2 Years,11.13,2025-10-02
1174,Data Analyst,10,Tech Mahindra,Mumbai,Fresher,8.42,2025-03-30
1175,Data Analyst,7,Cognizant,Chennai,0-2 Years,10.6,2025-10-16
1176,Data Analyst,12,Microsoft,Hyderabad,0-2 Years,11.66,2025-03-26
1177,Data Analyst,7,Cognizant,Kolkata,2-5 Years,13.97,2025-10-09
1178,Data Analyst,2,Infosys,Jaipur,5+ Years,22.88,2025-12-06
1179,Data Analyst,8,IBM,Delhi NCR,Fresher,5.81,2025-06-26
1180,Data Analyst,15,KPMG,Kolkata,0-2 Years,9.68,2025-09-01
1181,Data Analyst,5,Deloitte,Jaipur,2-5 Years,16.22,2025-04-25
1182,Data Analyst,5,Deloitte,Jaipur,0-2 Years,12.67,2025-07-01
1183,Data Analyst,5,Deloitte,Hyderabad,2-5 Years,18.1,2025-09-20
1184,Data Analyst,12,Microsoft,Jaipur,0-2 Years,9.12,2025-04-09
1185,Data Analyst,1,TCS,Kolkata,2-5 Years,14.81,2025-09-03
1186,Data Analyst,5,Deloitte,Jaipur,0-2 Years,12.13,2025-10-13
1187,Data Analyst,7,Cognizant,Kolkata,0-2 Years,9.82,2025-04-08
1188,Data Analyst,14,PwC,Hyderabad,Fresher,7.73,2025-11-07
1189,Data Analyst,10,Tech Mahindra,Mumbai,2-5 Years,18.16,2025-11-03
1190,Data Analyst,8,IBM,Jaipur,2-5 Years,14.84,2025-04-05
1191,Data Analyst,2,Infosys,Pune,Fresher,7.63,2025-09-25
1192,Data Analyst,9,HCL,Mumbai,0-2 Years,10.9,2025-05-12
1193,Data Analyst,11,Amazon,Mumbai,0-2 Years,11.78,2025-01-07
1194,Data Analyst,8,IBM,Ahmedabad,0-2 Years,11.38,2025-09-23
1195,Data Analyst,10,Tech Mahindra,Ahmedabad,2-5 Years,14.09,2025-12-30
1196,Data Analyst,14,PwC,Mumbai,2-5 Years,18.03,2025-04-05
1197,Data Analyst,2,Infosys,Bangalore,2-5 Years,17.98,2025-08-05
1198,Data Analyst,14,PwC,Bangalore,0-2 Years,13.66,2025-05-16
1199,Data Analyst,1,TCS,Chennai,2-5 Years,16.77,2025-03-12
1200,Data Analyst,9,HCL,Pune,2-5 Years,18.14,2025-08-17
1201,Data Analyst,1,TCS,Jaipur,0-2 Years,11.15,2025-09-10
1202,Data Analyst,3,Wipro,Bangalore,0-2 Years,12.48,2025-10-01
1203,Data Analyst,4,Accenture,Bangalore,2-5 Years,18.15,2025-08-20
1204,Data Analyst,3,Wipro,Hyderabad,0-2 Years,12.65,2025-07-26
1205,Data Analyst,8,IBM,Delhi NCR,0-2 Years,11.06,2025-03-27
1206,Data Analyst,4,Accenture,Bangalore,0-2 Years,13.05,2025-04-22
1207,Data Analyst,15,KPMG,Jaipur,0-2 Years,10.16,2025-09-15
1208,Data Analyst,3,Wipro,Bangalore,Fresher,8.2,2025-05-17
1209,Data Analyst,11,Amazon,Hyderabad,Fresher,6.32,2025-02-05
1210,Data Analyst,14,PwC,Jaipur,2-5 Years,18.1,2025-04-09
1211,Data Analyst,15,KPMG,Bangalore,2-5 Years,16.51,2025-12-01
1212,Data Analyst,15,KPMG,Chennai,0-2 Years,10.67,2025-09-09
1213,Data Analyst,1,TCS,Kolkata,0-2 Years,10.14,2025-01-16
1214,Data Analyst,1,TCS,Ahmedabad,5+ Years,24.07,2025-07-28
1215,Data Analyst,14,PwC,Kolkata,0-2 Years,10.65,2025-03-08
1216,Data Analyst,12,Microsoft,Mumbai,0-2 Years,14.0,2025-01-15
1217,Data Analyst,1,TCS,Bangalore,0-2 Years,12.19,2025-09-26
1218,Data Analyst,8,IBM,Delhi NCR,0-2 Years,11.33,2025-07-18
1219,Data Analyst,4,Accenture,Pune,0-2 Years,10.5,2025-04-10
1220,Data Analyst,6,Capgemini,Jaipur,2-5 Years,18.57,2025-01-03
1221,Data Analyst,1,TCS,Bangalore,0-2 Years,11.57,2025-11-20
1222,Data Analyst,12,Microsoft,Kolkata,0-2 Years,11.37,2025-06-23
1223,Data Analyst,5,Deloitte,Bangalore,2-5 Years,18.76,2025-02-14
1224,Data Analyst,7,Cognizant,Delhi NCR,2-5 Years,16.5,2025-02-26
1225,Data Analyst,13,Flipkart,Mumbai,2-5 Years,17.28,2025-02-24
1226,Data Analyst,11,Amazon,Chennai,2-5 Years,16.34,2025-09-08
1227,Data Analyst,2,Infosys,Jaipur,0-2 Years,11.05,2025-06-03
1228,Data Analyst,4,Accenture,Hyderabad,0-2 Years,11.82,2025-02-27
1229,Data Analyst,4,Accenture,Ahmedabad,0-2 Years,12.16,2025-12-18
1230,Data Analyst,5,Deloitte,Hyderabad,2-5 Years,19.65,2025-12-21
1231,Data Analyst,4,Accenture,Jaipur,0-2 Years,10.33,2025-08-27
1232,Data Analyst,4,Accenture,Mumbai,2-5 Years,15.86,2025-09-28
1233,Data Analyst,3,Wipro,Mumbai,2-5 Years,17.39,2025-10-03
1234,Data Analyst,11,Amazon,Pune,2-5 Years,19.6,2025-08-29
1235,Data Analyst,12,Microsoft,Mumbai,2-5 Years,16.54,2025-02-16
1236,Data Analyst,11,Amazon,Pune,0-2 Years,13.47,2025-10-05
1237,Data Analyst,6,Capgemini,Hyderabad,0-2 Years,14.01,2025-06-26
1238,Data Analyst,6,Capgemini,Pune,0-2 Years,10.84,2025-07-23
1239,Data Analyst,3,Wipro,Pune,5+ Years,24.18,2025-02-19
1240,Data Analyst,10,Tech Mahindra,Hyderabad,0-2 Years,13.95,2025-05-19
1241,Data Analyst,8,IBM,Hyderabad,5+ Years,23.55,2025-09-10
1242,Data Analyst,7,Cognizant,Jaipur,0-2 Years,10.76,2025-10-08
1243,Data Analyst,3,Wipro,Jaipur,Fresher,6.3,2025-05-12
1244,Data Analyst,14,PwC,Ahmedabad,0-2 Years,9.78,2025-02-25
1245,Data Analyst,12,Microsoft,Chennai,Fresher,6.72,2025-08-23
1246,Data Analyst,3,Wipro,Hyderabad,0-2 Years,10.53,2025-05-19
1247,Data Analyst,3,Wipro,Hyderabad,0-2 Years,12.04,2025-12-31
1248,Data Analyst,14,PwC,Bangalore,2-5 Years,17.08,2025-07-20
1249,Data Analyst,12,Microsoft,Ahmedabad,0-2 Years,11.28,2025-07-26
1250,Data Analyst,15,KPMG,Hyderabad,0-2 Years,10.13,2025-12-15
1251,Data Analyst,1,TCS,Hyderabad,5+ Years,24.4,2025-07-31
1252,Data Analyst,12,Microsoft,Mumbai,0-2 Years,13.5,2025-08-12
1253,Data Analyst,3,Wipro,Kolkata,0-2 Years,8.61,2025-01-12
1254,Data Analyst,12,Microsoft,Chennai,0-2 Years,11.95,2025-10-17
1255,Data Analyst,6,Capgemini,Pune,5+ Years,24.97,2025-08-27
1256,Data Analyst,3,Wipro,Ahmedabad,0-2 Years,9.55,2025-04-05
1257,Data Analyst,5,Deloitte,Ahmedabad,0-2 Years,13.01,2025-12-20
1258,Data Analyst,13,Flipkart,Jaipur,0-2 Years,11.5,2025-09-30
1259,Data Analyst,10,Tech Mahindra,Chennai,2-5 Years,15.65,2025-07-09
1260,Data Analyst,1,TCS,Bangalore,2-5 Years,17.93,2025-09-10
1261,Data Analyst,14,PwC,Chennai,5+ Years,24.17,2025-02-12
1262,Data Analyst,12,Microsoft,Bangalore,2-5 Years,18.09,2025-07-06
1263,Data Analyst,10,Tech Mahindra,Kolkata,0-2 Years,11.65,2025-05-07
1264,Data Analyst,5,Deloitte,Bangalore,Fresher,7.9,2025-10-27
1265,Data Analyst,13,Flipkart,Pune,0-2 Years,11.7,2025-07-01
1266,Data Analyst,9,HCL,Bangalore,2-5 Years,16.3,2025-10-18
1267,Data Analyst,3,Wipro,Jaipur,5+ Years,22.87,2025-02-16
1268,Data Analyst,4,Accenture,Hyderabad,0-2 Years,10.92,2025-04-07
1269,Data Analyst,14,PwC,Bangalore,0-2 Years,12.12,2025-12-03
1270,Data Analyst,4,Accenture,Kolkata,0-2 Years,12.48,2025-02-25
1271,Data Analyst,13,Flipkart,Ahmedabad,2-5 Years,17.31,2025-10-22
1272,Data Analyst,12,Microsoft,Pune,2-5 Years,17.23,2025-03-16
1273,Data Analyst,8,IBM,Jaipur,Fresher,5.69,2025-03-22
1274,Data Analyst,15,KPMG,Ahmedabad,0-2 Years,10.62,2025-11-26
1275,Data Analyst,4,Accenture,Mumbai,0-2 Years,13.96,2025-12-27
1276,Data Analyst,9,HCL,Delhi NCR,0-2 Years,11.17,2025-06-13
1277,Data Analyst,7,Cognizant,Pune,0-2 Years,14.28,2025-12-30
1278,Data Analyst,2,Infosys,Hyderabad,2-5 Years,17.47,2025-03-13
1279,Data Analyst,10,Tech Mahindra,Chennai,2-5 Years,16.73,2025-03-09
1280,Data Analyst,10,Tech Mahindra,Ahmedabad,5+ Years,22.63,2025-11-18
1281,Data Analyst,8,IBM,Chennai,0-2 Years,11.66,2025-07-05
1282,Data Analyst,2,Infosys,Ahmedabad,Fresher,6.82,2025-11-17
1283,Data Analyst,13,Flipkart,Delhi NCR,Fresher,7.85,2025-09-19
1284,Data Analyst,5,Deloitte,Bangalore,2-5 Years,19.15,2025-02-10
1285,Data Analyst,9,HCL,Hyderabad,Fresher,7.06,2025-10-16
1286,Data Analyst,11,Amazon,Mumbai,Fresher,6.9,2025-09-01
1287,Data Analyst,14,PwC,Kolkata,0-2 Years,8.8,2025-02-17
1288,Data Analyst,10,Tech Mahindra,Pune,0-2 Years,12.11,2025-02-28
1289,Data Analyst,4,Accenture,Hyderabad,0-2 Years,10.68,2025-06-17
1290,Data Analyst,13,Flipkart,Mumbai,2-5 Years,14.92,2025-03-07
1291,Data Analyst,14,PwC,Mumbai,2-5 Years,17.97,2025-02-11
1292,Data Analyst,15,KPMG,Pune,2-5 Years,19.49,2025-05-24
1293,Data Analyst,5,Deloitte,Chennai,0-2 Years,11.49,2025-03-10
1294,Data Analyst,2,Infosys,Pune,0-2 Years,12.51,2025-07-17
1295,Data Analyst,15,KPMG,Mumbai,2-5 Years,17.6,2025-11-06
1296,Data Analyst,1,TCS,Chennai,5+ Years,23.38,2025-07-30
1297,Data Analyst,14,PwC,Hyderabad,0-2 Years,13.1,2025-07-04
1298,Data Analyst,7,Cognizant,Mumbai,5+ Years,24.15,2025-09-04
1299,Data Analyst,12,Microsoft,Delhi NCR,2-5 Years,16.32,2025-03-28
1300,Data Analyst,11,Amazon,Jaipur,Fresher,7.39,2025-07-01
1301,Data Analyst,14,PwC,Chennai,Fresher,6.7,2025-06-15
1302,Data Analyst,3,Wipro,Bangalore,2-5 Years,19.19,2025-01-05
1303,Data Analyst,3,Wipro,Hyderabad,5+ Years,23.79,2025-10-07
1304,Data Analyst,8,IBM,Kolkata,0-2 Years,10.09,2025-12-21
1305,Data Analyst,8,IBM,Jaipur,0-2 Years,11.64,2025-12-31
1306,Data Analyst,4,Accenture,Pune,0-2 Years,10.42,2025-09-09
1307,Data Analyst,13,Flipkart,Jaipur,Fresher,7.03,2025-09-25
1308,Data Analyst,5,Deloitte,Hyderabad,0-2 Years,11.99,2025-02-09
1309,Data Analyst,14,PwC,Chennai,2-5 Years,17.8,2025-08-13
1310,Data Analyst,13,Flipkart,Delhi NCR,0-2 Years,11.57,2025-04-28
1311,Data Analyst,1,TCS,Bangalore,2-5 Years,17.97,2025-06-13
1312,Data Analyst,14,PwC,Hyderabad,0-2 Years,12.98,2025-09-23
1313,Data Analyst,11,Amazon,Chennai,0-2 Years,13.17,2025-03-16
1314,Data Analyst,12,Microsoft,Jaipur,2-5 Years,16.67,2025-12-07
1315,Data Analyst,1,TCS,Jaipur,Fresher,7.01,2025-03-06
1316,Data Analyst,2,Infosys,Kolkata,0-2 Years,9.43,2025-05-04
1317,Data Analyst,8,IBM,Delhi NCR,2-5 Years,14.72,2025-07-04
1318,Data Analyst,12,Microsoft,Bangalore,2-5 Years,17.63,2025-11-11
1319,Data Analyst,13,Flipkart,Hyderabad,2-5 Years,16.27,2025-09-14
1320,Data Analyst,6,Capgemini,Hyderabad,0-2 Years,11.78,2025-03-31
1321,Data Analyst,10,Tech Mahindra,Kolkata,0-2 Years,11.07,2025-12-12
1322,Data Analyst,1,TCS,Ahmedabad,0-2 Years,11.64,2025-03-04
1323,Data Analyst,9,HCL,Hyderabad,2-5 Years,16.92,2025-06-15
1324,Data Analyst,14,PwC,Kolkata,0-2 Years,11.58,2025-02-27
1325,Data Analyst,9,HCL,Ahmedabad,2-5 Years,16.08,2025-08-03
1326,Data Analyst,9,HCL,Delhi NCR,0-2 Years,8.63,2025-03-30
1327,Data Analyst,13,Flipkart,Delhi NCR,0-2 Years,9.87,2025-04-05
1328,Data Analyst,5,Deloitte,Pune,0-2 Years,11.33,2025-09-14
1329,Data Analyst,11,Amazon,Hyderabad,2-5 Years,15.55,2025-07-14
1330,Data Analyst,11,Amazon,Kolkata,0-2 Years,11.72,2025-07-19
1331,Data Analyst,14,PwC,Chennai,0-2 Years,13.34,2025-09-07
1332,Data Analyst,11,Amazon,Mumbai,0-2 Years,13.96,2025-10-05
1333,Data Analyst,13,Flipkart,Delhi NCR,0-2 Years,10.74,2025-03-29
1334,Data Analyst,8,IBM,Mumbai,0-2 Years,14.29,2025-01-18
1335,Data Analyst,10,Tech Mahindra,Kolkata,0-2 Years,11.18,2025-07-21
1336,Data Analyst,2,Infosys,Hyderabad,2-5 Years,16.6,2025-07-15
1337,Data Analyst,8,IBM,Mumbai,2-5 Years,16.76,2025-06-22
1338,Data Analyst,4,Accenture,Bangalore,0-2 Years,12.64,2025-01-04
1339,Data Analyst,8,IBM,Delhi NCR,0-2 Years,10.53,2025-05-19
1340,Data Analyst,5,Deloitte,Pune,0-2 Years,11.7,2025-06-21
1341,Data Analyst,12,Microsoft,Jaipur,5+ Years,23.19,2025-01-10
1342,Data Analyst,6,Capgemini,Bangalore,0-2 Years,13.0,2025-06-19
1343,Data Analyst,5,Deloitte,Pune,Fresher,8.02,2025-08-25
1344,Data Analyst,6,Capgemini,Delhi NCR,0-2 Years,12.43,2025-06-17
1345,Data Analyst,9,HCL,Bangalore,0-2 Years,14.14,2025-06-20
1346,Data Analyst,5,Deloitte,Chennai,0-2 Years,9.72,2025-10-20
1347,Data Analyst,1,TCS,Chennai,0-2 Years,8.44,2025-10-24
1348,Data Analyst,3,Wipro,Chennai,2-5 Years,17.62,2025-05-14
1349,Data Analyst,4,Accenture,Ahmedabad,Fresher,5.36,2025-10-14
1350,Data Analyst,11,Amazon,Jaipur,0-2 Years,10.73,2025-07-24
1351,Data Analyst,13,Flipkart,Ahmedabad,2-5 Years,14.6,2025-04-18
1352,Data Analyst,12,Microsoft,Jaipur,2-5 Years,13.84,2025-01-31
1353,Data Analyst,3,Wipro,Mumbai,2-5 Years,18.15,2025-01-13
1354,Data Analyst,2,Infosys,Ahmedabad,2-5 Years,16.91,2025-08-18
1355,Data Analyst,3,Wipro,Delhi NCR,2-5 Years,15.31,2025-09-02
1356,Data Analyst,10,Tech Mahindra,Mumbai,2-5 Years,14.39,2025-09-25
1357,Data Analyst,7,Cognizant,Jaipur,0-2 Years,10.34,2025-03-31
1358,Data Analyst,15,KPMG,Chennai,5+ Years,23.97,2025-04-20
1359,Data Analyst,4,Accenture,Pune,0-2 Years,9.73,2025-01-06
1360,Data Analyst,10,Tech Mahindra,Pune,2-5 Years,16.72,2025-12-14
1361,Data Analyst,9,HCL,Mumbai,2-5 Years,17.48,2025-09-19
1362,Data Analyst,6,Capgemini,Kolkata,0-2 Years,11.7,2025-12-16
1363,Data Analyst,3,Wipro,Delhi NCR,0-2 Years,11.14,2025-06-11
1364,Data Analyst,3,Wipro,Bangalore,0-2 Years,11.83,2025-03-18
1365,Data Analyst,14,PwC,Chennai,2-5 Years,17.94,2025-03-01
1366,Data Analyst,9,HCL,Kolkata,Fresher,6.81,2025-06-06
1367,Data Analyst,12,Microsoft,Chennai,Fresher,7.47,2025-06-11
1368,Data Analyst,1,TCS,Chennai,0-2 Years,10.38,2025-10-20
1369,Data Analyst,15,KPMG,Pune,5+ Years,22.97,2025-03-01
1370,Data Analyst,15,KPMG,Pune,0-2 Years,10.44,2025-07-17
1371,Data Analyst,15,KPMG,Delhi NCR,Fresher,6.79,2025-04-21
1372,Data Analyst,12,Microsoft,Ahmedabad,Fresher,9.05,2025-05-26
1373,Data Analyst,12,Microsoft,Delhi NCR,0-2 Years,9.35,2025-10-06
1374,Data Analyst,12,Microsoft,Jaipur,2-5 Years,14.06,2025-07-23
1375,Data Analyst,6,Capgemini,Ahmedabad,Fresher,8.77,2025-06-06
1376,Data Analyst,8,IBM,Bangalore,2-5 Years,17.75,2025-11-22
1377,Data Analyst,10,Tech Mahindra,Hyderabad,0-2 Years,11.2,2025-01-10
1378,Data Analyst,6,Capgemini,Chennai,0-2 Years,12.75,2025-07-07
1379,Data Analyst,14,PwC,Mumbai,0-2 Years,11.77,2025-06-05
1380,Data Analyst,1,TCS,Ahmedabad,2-5 Years,18.19,2025-07-04
1381,Data Analyst,7,Cognizant,Jaipur,2-5 Years,16.81,2025-02-03
1382,Data Analyst,10,Tech Mahindra,Delhi NCR,0-2 Years,10.41,2025-02-17
1383,Data Analyst,6,Capgemini,Kolkata,0-2 Years,13.59,2025-12-08
1384,Data Analyst,7,Cognizant,Ahmedabad,2-5 Years,15.27,2025-09-18
1385,Data Analyst,10,Tech Mahindra,Jaipur,0-2 Years,11.89,2025-08-14
1386,Data Analyst,4,Accenture,Mumbai,2-5 Years,17.86,2025-11-21
1387,Data Analyst,12,Microsoft,Bangalore,2-5 Years,19.56,2025-05-25
1388,Data Analyst,5,Deloitte,Hyderabad,2-5 Years,18.87,2025-04-03
1389,Data Analyst,4,Accenture,Delhi NCR,2-5 Years,16.04,2025-05-29
1390,Data Analyst,12,Microsoft,Jaipur,0-2 Years,10.1,2025-09-12
1391,Data Analyst,9,HCL,Hyderabad,2-5 Years,17.55,2025-10-22
1392,Data Analyst,9,HCL,Jaipur,0-2 Years,10.19,2025-01-13
1393,Data Analyst,9,HCL,Kolkata,2-5 Years,18.42,2025-05-26
1394,Data Analyst,7,Cognizant,Delhi NCR,0-2 Years,11.16,2025-03-24
1395,Data Analyst,11,Amazon,Ahmedabad,0-2 Years,10.56,2025-11-25
1396,Data Analyst,9,HCL,Ahmedabad,0-2 Years,11.22,2025-06-24
1397,Data Analyst,10,Tech Mahindra,Ahmedabad,0-2 Years,9.38,2025-06-26
1398,Data Analyst,12,Microsoft,Bangalore,2-5 Years,16.83,2025-10-21
1399,Data Analyst,10,Tech Mahindra,Pune,5+ Years,24.94,2025-11-08
1400,Data Analyst,10,Tech Mahindra,Pune,0-2 Years,10.71,2025-01-29
1401,Data Analyst,2,Infosys,Jaipur,0-2 Years,9.74,2025-12-13
1402,Data Analyst,10,Tech Mahindra,Chennai,0-2 Years,12.14,2025-08-05
1403,Data Analyst,3,Wipro,Hyderabad,0-2 Years,13.42,2025-04-20
1404,Data Analyst,7,Cognizant,Hyderabad,Fresher,8.86,2025-04-23
1405,Data Analyst,8,IBM,Mumbai,2-5 Years,18.7,2025-12-16
1406,Data Analyst,10,Tech Mahindra,Chennai,2-5 Years,15.59,2025-05-17
1407,Data Analyst,13,Flipkart,Kolkata,0-2 Years,9.29,2025-02-05
1408,Data Analyst,6,Capgemini,Pune,0-2 Years,13.3,2025-12-10
1409,Data Analyst,10,Tech Mahindra,Bangalore,Fresher,8.61,2025-03-13
1410,Data Analyst,3,Wipro,Kolkata,2-5 Years,15.7,2025-08-09
1411,Data Analyst,5,Deloitte,Jaipur,0-2 Years,12.59,2025-06-20
1412,Data Analyst,14,PwC,Delhi NCR,2-5 Years,16.67,2025-10-17
1413,Data Analyst,4,Accenture,Hyderabad,Fresher,8.55,2025-12-14
1414,Data Analyst,1,TCS,Delhi NCR,Fresher,9.6,2025-08-04
1415,Data Analyst,13,Flipkart,Kolkata,0-2 Years,10.23,2026-01-01
1416,Data Analyst,9,HCL,Bangalore,0-2 Years,14.11,2025-06-08
1417,Data Analyst,12,Microsoft,Chennai,0-2 Years,11.57,2025-05-28
1418,Data Analyst,10,Tech Mahindra,Kolkata,5+ Years,23.32,2025-01-15
1419,Data Analyst,13,Flipkart,Bangalore,2-5 Years,19.83,2025-11-23
1420,Data Analyst,5,Deloitte,Chennai,2-5 Years,17.11,2025-03-19
1421,Data Analyst,3,Wipro,Chennai,Fresher,8.15,2025-12-24
1422,Data Analyst,3,Wipro,Chennai,Fresher,8.79,2025-07-09
1423,Data Analyst,14,PwC,Jaipur,2-5 Years,15.56,2025-08-03
1424,Data Analyst,11,Amazon,Ahmedabad,Fresher,5.99,2025-07-16
1425,Data Analyst,12,Microsoft,Bangalore,Fresher,7.75,2025-04-13
1426,Data Analyst,5,Deloitte,Bangalore,0-2 Years,10.64,2025-08-05
1427,Data Analyst,9,HCL,Hyderabad,Fresher,10.47,2025-04-07
1428,Data Analyst,4,Accenture,Kolkata,Fresher,5.68,2025-07-26
1429,Data Analyst,9,HCL,Kolkata,0-2 Years,10.73,2025-04-25
1430,Data Analyst,13,Flipkart,Kolkata,2-5 Years,15.67,2025-01-10
1431,Data Analyst,1,TCS,Chennai,0-2 Years,11.87,2025-05-14
1432,Data Analyst,8,IBM,Ahmedabad,0-2 Years,11.98,2025-06-19
1433,Data Analyst,5,Deloitte,Ahmedabad,Fresher,8.03,2025-12-04
1434,Data Analyst,13,Flipkart,Jaipur,0-2 Years,10.3,2025-08-14
1435,Data Analyst,13,Flipkart,Hyderabad,0-2 Years,11.8,2025-08-23
1436,Data Analyst,12,Microsoft,Jaipur,2-5 Years,16.34,2025-08-28
1437,Data Analyst,6,Capgemini,Kolkata,0-2 Years,10.7,2025-08-15
1438,Data Analyst,14,PwC,Bangalore,0-2 Years,14.93,2025-04-17
1439,Data Analyst,1,TCS,Kolkata,0-2 Years,11.59,2025-06-12
1440,Data Analyst,2,Infosys,Ahmedabad,2-5 Years,16.88,2025-11-30
1441,Data Analyst,11,Amazon,Delhi NCR,Fresher,7.8,2025-08-01
1442,Data Analyst,10,Tech Mahindra,Mumbai,5+ Years,25.91,2025-07-13
1443,Data Analyst,13,Flipkart,Ahmedabad,0-2 Years,11.22,2025-01-07
1444,Data Analyst,13,Flipkart,Jaipur,0-2 Years,9.44,2025-09-14
1445,Data Analyst,8,IBM,Delhi NCR,2-5 Years,16.48,2025-03-09
1446,Data Analyst,10,Tech Mahindra,Jaipur,2-5 Years,15.22,2025-09-10
1447,Data Analyst,9,HCL,Jaipur,0-2 Years,10.37,2025-12-10
1448,Data Analyst,5,Deloitte,Pune,2-5 Years,17.2,2025-01-07
1449,Data Analyst,2,Infosys,Hyderabad,Fresher,9.49,2025-03-13
1450,Data Analyst,4,Accenture,Jaipur,0-2 Years,11.03,2025-03-07
1451,Data Analyst,11,Amazon,Ahmedabad,0-2 Years,11.37,2025-09-13
1452,Data Analyst,15,KPMG,Chennai,5+ Years,25.54,2025-07-17
1453,Data Analyst,8,IBM,Mumbai,0-2 Years,12.79,2025-09-11
1454,Data Analyst,14,PwC,Ahmedabad,5+ Years,26.12,2025-06-11
1455,Data Analyst,10,Tech Mahindra,Jaipur,0-2 Years,11.68,2025-07-31
1456,Data Analyst,11,Amazon,Bangalore,2-5 Years,15.89,2025-07-19
1457,Data Analyst,7,Cognizant,Chennai,2-5 Years,17.4,2025-05-28
1458,Data Analyst,14,PwC,Ahmedabad,2-5 Years,16.46,2025-11-22
1459,Data Analyst,3,Wipro,Pune,2-5 Years,18.05,2025-02-22
1460,Data Analyst,13,Flipkart,Kolkata,0-2 Years,11.81,2025-08-09
1461,Data Analyst,2,Infosys,Kolkata,0-2 Years,10.83,2025-08-01
1462,Data Analyst,5,Deloitte,Pune,2-5 Years,15.03,2025-03-02
1463,Data Analyst,4,Accenture,Ahmedabad,0-2 Years,10.75,2025-01-30
1464,Data Analyst,5,Deloitte,Mumbai,5+ Years,23.48,2025-10-17
1465,Data Analyst,12,Microsoft,Delhi NCR,2-5 Years,15.3,2025-11-26
1466,Data Analyst,3,Wipro,Kolkata,0-2 Years,11.71,2025-07-07
1467,Data Analyst,11,Amazon,Pune,0-2 Years,13.5,2025-06-18
1468,Data Analyst,4,Accenture,Delhi NCR,2-5 Years,16.47,2025-09-13
1469,Data Analyst,14,PwC,Ahmedabad,5+ Years,21.56,2025-10-22
1470,Data Analyst,12,Microsoft,Bangalore,0-2 Years,13.53,2025-08-02
1471,Data Analyst,14,PwC,Hyderabad,Fresher,9.44,2025-03-10
1472,Data Analyst,9,HCL,Ahmedabad,2-5 Years,15.27,2025-07-05
1473,Data Analyst,3,Wipro,Bangalore,Fresher,8.84,2025-02-03
1474,Data Analyst,11,Amazon,Mumbai,0-2 Years,12.52,2025-08-26
1475,Data Analyst,10,Tech Mahindra,Chennai,2-5 Years,15.56,2025-11-10
1476,Data Analyst,2,Infosys,Jaipur,0-2 Years,11.78,2025-01-06
1477,Data Analyst,6,Capgemini,Ahmedabad,5+ Years,22.85,2025-11-18
1478,Data Analyst,15,KPMG,Bangalore,2-5 Years,18.5,2025-12-31
1479,Data Analyst,1,TCS,Ahmedabad,0-2 Years,9.94,2025-01-19
1480,Data Analyst,14,PwC,Bangalore,0-2 Years,12.48,2025-02-15
1481,Data Analyst,6,Capgemini,Delhi NCR,0-2 Years,11.87,2025-05-31
1482,Data Analyst,4,Accenture,Pune,0-2 Years,11.05,2025-10-24
1483,Data Analyst,12,Microsoft,Ahmedabad,0-2 Years,13.07,2025-07-16
1484,Data Analyst,13,Flipkart,Pune,2-5 Years,16.02,2025-09-14
1485,Data Analyst,11,Amazon,Bangalore,2-5 Years,18.27,2025-12-28
1486,Data Analyst,3,Wipro,Mumbai,0-2 Years,13.62,2025-05-09
1487,Data Analyst,12,Microsoft,Pune,0-2 Years,9.8,2025-01-17
1488,Data Analyst,5,Deloitte,Hyderabad,0-2 Years,9.89,2025-02-17
1489,Data Analyst,3,Wipro,Jaipur,0-2 Years,9.17,2025-01-26
1490,Data Analyst,14,PwC,Kolkata,Fresher,8.52,2025-05-12
1491,Data Analyst,4,Accenture,Ahmedabad,Fresher,6.34,2025-03-04
1492,Data Analyst,6,Capgemini,Mumbai,0-2 Years,15.57,2025-11-06
1493,Data Analyst,14,PwC,Delhi NCR,0-2 Years,10.32,2025-01-30
1494,Data Analyst,14,PwC,Hyderabad,2-5 Years,17.22,2025-05-31
1495,Data Analyst,14,PwC,Pune,Fresher,9.35,2025-05-29
1496,Data Analyst,14,PwC,Jaipur,2-5 Years,18.41,2025-10-30
1497,Data Analyst,8,IBM,Bangalore,2-5 Years,20.47,2025-04-15
1498,Data Analyst,13,Flipkart,Hyderabad,0-2 Years,13.45,2025-10-20
1499,Data Analyst,10,Tech Mahindra,Delhi NCR,0-2 Years,12.23,2025-08-06
1500,Data Analyst,8,IBM,Hyderabad,5+ Years,24.71,2025-08-22
1501,Data Analyst,11,Amazon,Pune,2-5 Years,17.43,2025-04-28
1502,Data Analyst,6,Capgemini,Hyderabad,2-5 Years,16.34,2025-09-22
1503,Data Analyst,15,KPMG,Mumbai,5+ Years,23.52,2025-01-22
1504,Data Analyst,13,Flipkart,Kolkata,5+ Years,23.0,2025-04-03
1505,Data Analyst,1,TCS,Chennai,0-2 Years,11.3,2025-08-07
1506,Data Analyst,8,IBM,Ahmedabad,5+ Years,22.46,2025-05-16
1507,Data Analyst,10,Tech Mahindra,Delhi NCR,0-2 Years,11.84,2025-06-26
1508,Data Analyst,9,HCL,Delhi NCR,0-2 Years,12.15,2025-04-08
1509,Data Analyst,12,Microsoft,Ahmedabad,0-2 Years,11.11,2025-09-18
1510,Data Analyst,6,Capgemini,Delhi NCR,Fresher,8.77,2025-04-24
1511,Data Analyst,5,Deloitte,Pune,2-5 Years,15.13,2025-07-15
1512,Data Analyst,3,Wipro,Mumbai,Fresher,8.27,2025-11-01
1513,Data Analyst,2,Infosys,Jaipur,5+ Years,22.14,2025-01-08
1514,Data Analyst,5,Deloitte,Chennai,2-5 Years,14.26,2025-01-08
1515,Data Analyst,12,Microsoft,Bangalore,2-5 Years,17.9,2025-04-16
1516,Data Analyst,13,Flipkart,Delhi NCR,5+ Years,22.85,2025-06-10
1517,Data Analyst,7,Cognizant,Bangalore,Fresher,10.82,2025-09-07
1518,Data Analyst,3,Wipro,Hyderabad,0-2 Years,12.76,2025-09-09
1519,Data Analyst,6,Capgemini,Ahmedabad,2-5 Years,14.77,2025-01-12
1520,Data Analyst,10,Tech Mahindra,Jaipur,2-5 Years,18.22,2025-01-05
1521,Data Analyst,10,Tech Mahindra,Delhi NCR,2-5 Years,17.47,2025-07-01
1522,Data Analyst,6,Capgemini,Pune,0-2 Years,12.2,2025-03-26
1523,Data Analyst,11,Amazon,Pune,0-2 Years,11.23,2025-12-11
1524,Data Analyst,13,Flipkart,Kolkata,2-5 Years,14.85,2025-09-28
1525,Data Analyst,1,TCS,Mumbai,Fresher,8.05,2025-08-25
1526,Data Analyst,15,KPMG,Bangalore,Fresher,10.31,2025-04-30
1527,Data Analyst,1,TCS,Delhi NCR,Fresher,9.26,2025-01-29
1528,Data Analyst,6,Capgemini,Hyderabad,2-5 Years,18.85,2025-03-12
1529,Data Analyst,5,Deloitte,Kolkata,2-5 Years,15.41,2025-01-18
1530,Data Analyst,14,PwC,Kolkata,2-5 Years,14.66,2025-11-15
1531,Data Analyst,4,Accenture,Mumbai,Fresher,8.67,2025-07-22
1532,Data Analyst,12,Microsoft,Ahmedabad,5+ Years,20.88,2025-11-07
1533,Data Analyst,4,Accenture,Hyderabad,2-5 Years,17.39,2025-03-04
1534,Data Analyst,13,Flipkart,Jaipur,2-5 Years,15.82,2025-03-31
1535,Data Analyst,13,Flipkart,Kolkata,0-2 Years,10.44,2025-06-18
1536,Data Analyst,1,TCS,Ahmedabad,Fresher,5.09,2025-07-03
1537,Data Analyst,3,Wipro,Bangalore,0-2 Years,13.62,2025-07-18
1538,Data Analyst,11,Amazon,Ahmedabad,Fresher,6.36,2025-07-01
1539,Data Analyst,4,Accenture,Delhi NCR,Fresher,5.6,2025-01-12
1540,Data Analyst,3,Wipro,Jaipur,2-5 Years,12.55,2025-06-09
1541,Data Analyst,10,Tech Mahindra,Bangalore,2-5 Years,17.97,2025-02-17
1542,Data Analyst,14,PwC,Jaipur,Fresher,9.13,2025-09-28
1543,Data Analyst,6,Capgemini,Delhi NCR,0-2 Years,12.99,2025-03-18
1544,Data Analyst,10,Tech Mahindra,Jaipur,0-2 Years,10.45,2025-10-30
1545,Data Analyst,15,KPMG,Pune,0-2 Years,10.78,2025-11-13
1546,Data Analyst,13,Flipkart,Bangalore,2-5 Years,18.56,2025-07-26
1547,Data Analyst,9,HCL,Bangalore,2-5 Years,16.8,2025-07-23
1548,Data Analyst,8,IBM,Pune,0-2 Years,11.86,2025-10-26
1549,Data Analyst,9,HCL,Chennai,5+ Years,24.42,2025-08-15
1550,Data Analyst,10,Tech Mahindra,Bangalore,0-2 Years,14.47,2025-05-22
1551,Data Analyst,1,TCS,Chennai,0-2 Years,11.38,2025-01-04
1552,Data Analyst,5,Deloitte,Ahmedabad,0-2 Years,10.76,2025-10-09
1553,Data Analyst,14,PwC,Bangalore,0-2 Years,11.95,2025-10-05
1554,Data Analyst,9,HCL,Kolkata,2-5 Years,15.01,2025-11-23
1555,Data Analyst,6,Capgemini,Ahmedabad,0-2 Years,10.73,2025-04-29
1556,Data Analyst,5,Deloitte,Pune,Fresher,7.94,2025-10-03
1557,Data Analyst,14,PwC,Kolkata,0-2 Years,12.1,2025-07-17
1558,Data Analyst,8,IBM,Kolkata,0-2 Years,10.04,2025-04-21
1559,Data Analyst,4,Accenture,Pune,0-2 Years,13.29,2025-07-07
1560,Data Analyst,10,Tech Mahindra,Pune,0-2 Years,11.17,2025-06-23
1561,Data Analyst,1,TCS,Ahmedabad,2-5 Years,15.97,2025-04-23
1562,Data Analyst,2,Infosys,Kolkata,2-5 Years,15.1,2025-02-22
1563,Data Analyst,5,Deloitte,Hyderabad,2-5 Years,14.09,2025-07-10
1564,Data Analyst,6,Capgemini,Bangalore,2-5 Years,19.06,2025-12-11
1565,Data Analyst,3,Wipro,Ahmedabad,Fresher,7.88,2025-10-01
1566,Data Analyst,11,Amazon,Hyderabad,Fresher,7.66,2025-02-09
1567,Data Analyst,15,KPMG,Hyderabad,2-5 Years,17.08,2025-03-26
1568,Data Analyst,5,Deloitte,Kolkata,0-2 Years,11.62,2025-11-18
1569,Data Analyst,4,Accenture,Hyderabad,2-5 Years,15.12,2025-11-28
1570,Data Analyst,1,TCS,Pune,0-2 Years,10.87,2025-01-13
1571,Data Analyst,13,Flipkart,Bangalore,Fresher,9.95,2025-07-30
1572,Data Analyst,12,Microsoft,Hyderabad,5+ Years,22.49,2025-11-03
1573,Data Analyst,3,Wipro,Mumbai,2-5 Years,17.85,2025-10-21
1574,Data Analyst,15,KPMG,Ahmedabad,2-5 Years,14.37,2025-07-26
1575,Data Analyst,7,Cognizant,Jaipur,0-2 Years,11.56,2025-02-11
1576,Data Analyst,12,Microsoft,Jaipur,0-2 Years,10.96,2025-10-05
1577,Data Analyst,6,Capgemini,Bangalore,Fresher,7.06,2025-05-19
1578,Data Analyst,2,Infosys,Kolkata,5+ Years,24.4,2025-04-02
1579,Data Analyst,13,Flipkart,Chennai,0-2 Years,10.62,2025-03-05
1580,Data Analyst,12,Microsoft,Ahmedabad,0-2 Years,10.03,2025-05-09
1581,Data Analyst,3,Wipro,Jaipur,2-5 Years,16.24,2025-10-22
1582,Data Analyst,6,Capgemini,Hyderabad,0-2 Years,13.38,2025-08-09
1583,Data Analyst,5,Deloitte,Jaipur,Fresher,5.78,2025-05-01
1584,Data Analyst,3,Wipro,Bangalore,Fresher,9.07,2025-05-10
1585,Data Analyst,14,PwC,Kolkata,2-5 Years,16.51,2025-09-20
1586,Data Analyst,4,Accenture,Mumbai,0-2 Years,13.33,2025-02-19
1587,Data Analyst,15,KPMG,Ahmedabad,0-2 Years,11.21,2025-07-26
1588,Data Analyst,9,HCL,Bangalore,2-5 Years,17.56,2025-04-12
1589,Data Analyst,14,PwC,Chennai,2-5 Years,15.51,2025-09-13
1590,Data Analyst,3,Wipro,Kolkata,5+ Years,23.1,2025-01-28
1591,Data Analyst,6,Capgemini,Delhi NCR,Fresher,5.71,2025-10-11
1592,Data Analyst,14,PwC,Ahmedabad,0-2 Years,7.49,2025-12-06
1593,Data Analyst,10,Tech Mahindra,Jaipur,0-2 Years,11.52,2025-03-07
1594,Data Analyst,5,Deloitte,Hyderabad,2-5 Years,18.08,2025-11-04
1595,Data Analyst,13,Flipkart,Delhi NCR,Fresher,4.16,2025-09-12
1596,Data Analyst,10,Tech Mahindra,Mumbai,0-2 Years,11.29,2025-01-05
1597,Data Analyst,4,Accenture,Kolkata,5+ Years,23.74,2025-06-20
1598,Data Analyst,9,HCL,Bangalore,2-5 Years,20.47,2025-10-05
1599,Data Analyst,8,IBM,Pune,Fresher,7.52,2025-05-22
1600,Data Analyst,10,Tech Mahindra,Mumbai,0-2 Years,11.63,2025-04-13
1601,Data Analyst,5,Deloitte,Pune,0-2 Years,11.28,2025-11-30
1602,Data Analyst,1,TCS,Mumbai,0-2 Years,14.15,2025-06-04
1603,Data Analyst,12,Microsoft,Mumbai,0-2 Years,11.72,2025-10-04
1604,Data Analyst,13,Flipkart,Jaipur,0-2 Years,10.04,2025-12-15
1605,Data Analyst,13,Flipkart,Jaipur,0-2 Years,10.42,2025-12-16
1606,Data Analyst,6,Capgemini,Chennai,2-5 Years,15.36,2025-08-24
1607,Data Analyst,11,Amazon,Jaipur,0-2 Years,11.15,2025-05-27
1608,Data Analyst,15,KPMG,Bangalore,0-2 Years,14.95,2025-05-16
1609,Data Analyst,8,IBM,Hyderabad,0-2 Years,12.39,2025-02-03
1610,Data Analyst,5,Deloitte,Jaipur,0-2 Years,10.7,2025-10-28
1611,Data Analyst,9,HCL,Delhi NCR,5+ Years,22.65,2025-03-03
1612,Data Analyst,7,Cognizant,Pune,5+ Years,21.62,2025-12-26
1613,Data Analyst,13,Flipkart,Ahmedabad,2-5 Years,17.06,2025-11-18
1614,Data Analyst,8,IBM,Hyderabad,0-2 Years,11.91,2025-05-12
1615,Data Analyst,6,Capgemini,Pune,Fresher,7.28,2025-10-05
1616,Data Analyst,15,KPMG,Pune,2-5 Years,20.33,2025-02-13
1617,Data Analyst,12,Microsoft,Ahmedabad,2-5 Years,16.36,2025-05-24
1618,Data Analyst,5,Deloitte,Bangalore,2-5 Years,17.1,2025-06-19
1619,Data Analyst,14,PwC,Ahmedabad,2-5 Years,15.49,2025-05-28
1620,Data Analyst,5,Deloitte,Mumbai,5+ Years,25.88,2025-06-07
1621,Data Analyst,7,Cognizant,Mumbai,0-2 Years,12.64,2025-05-27
1622,Data Analyst,3,Wipro,Pune,0-2 Years,9.77,2025-09-12
1623,Data Analyst,3,Wipro,Mumbai,2-5 Years,18.6,2025-10-08
1624,Data Analyst,14,PwC,Mumbai,0-2 Years,11.7,2025-03-06
1625,Data Analyst,5,Deloitte,Kolkata,0-2 Years,13.25,2025-03-21
1626,Data Analyst,14,PwC,Bangalore,Fresher,10.3,2025-01-23
1627,Data Analyst,11,Amazon,Jaipur,5+ Years,22.46,2025-12-13
1628,Data Analyst,3,Wipro,Mumbai,Fresher,10.04,2025-11-07
1629,Data Analyst,7,Cognizant,Mumbai,2-5 Years,17.58,2025-10-26
1630,Data Analyst,15,KPMG,Bangalore,2-5 Years,19.02,2025-02-28
1631,Data Analyst,12,Microsoft,Chennai,0-2 Years,12.08,2025-05-10
1632,Data Analyst,3,Wipro,Kolkata,5+ Years,21.98,2025-12-31
1633,Data Analyst,10,Tech Mahindra,Ahmedabad,0-2 Years,10.23,2025-08-03
1634,Data Analyst,15,KPMG,Chennai,2-5 Years,17.74,2025-03-01
1635,Data Analyst,5,Deloitte,Pune,2-5 Years,16.1,2025-09-30
1636,Data Analyst,5,Deloitte,Delhi NCR,Fresher,6.52,2025-06-14
1637,Data Analyst,14,PwC,Jaipur,Fresher,5.85,2025-04-23
1638,Data Analyst,7,Cognizant,Pune,2-5 Years,17.01,2025-05-05
1639,Data Analyst,8,IBM,Jaipur,2-5 Years,18.48,2025-09-19
1640,Data Analyst,2,Infosys,Hyderabad,0-2 Years,10.72,2025-06-17
1641,Data Analyst,11,Amazon,Jaipur,2-5 Years,16.03,2025-08-18
1642,Data Analyst,5,Deloitte,Chennai,2-5 Years,18.19,2025-03-15
1643,Data Analyst,10,Tech Mahindra,Kolkata,2-5 Years,15.9,2025-07-09
1644,Data Analyst,9,HCL,Chennai,0-2 Years,12.04,2025-12-05
1645,Data Analyst,7,Cognizant,Ahmedabad,5+ Years,21.73,2025-01-31
1646,Data Analyst,1,TCS,Delhi NCR,0-2 Years,11.51,2025-01-31
1647,Data Analyst,11,Amazon,Delhi NCR,0-2 Years,10.78,2025-04-10
1648,Data Analyst,13,Flipkart,Jaipur,2-5 Years,17.18,2025-04-07
1649,Data Analyst,13,Flipkart,Pune,Fresher,8.92,2025-08-19
1650,Data Analyst,6,Capgemini,Pune,Fresher,10.61,2025-03-18
1651,Data Analyst,13,Flipkart,Ahmedabad,2-5 Years,16.7,2025-10-02
1652,Data Analyst,4,Accenture,Pune,2-5 Years,16.89,2025-06-17
1653,Data Analyst,2,Infosys,Jaipur,2-5 Years,16.23,2025-10-28
1654,Data Analyst,11,Amazon,Ahmedabad,5+ Years,22.58,2025-03-17
1655,Data Analyst,11,Amazon,Pune,0-2 Years,11.91,2025-08-23
1656,Data Analyst,3,Wipro,Ahmedabad,0-2 Years,10.65,2025-12-26
1657,Data Analyst,2,Infosys,Ahmedabad,Fresher,7.2,2025-04-19
1658,Data Analyst,13,Flipkart,Ahmedabad,0-2 Years,12.58,2025-05-20
1659,Data Analyst,3,Wipro,Kolkata,0-2 Years,9.79,2025-12-19
1660,Data Analyst,6,Capgemini,Chennai,0-2 Years,12.87,2025-10-01
1661,Data Analyst,5,Deloitte,Chennai,2-5 Years,18.08,2025-05-09
1662,Data Analyst,1,TCS,Kolkata,2-5 Years,15.86,2025-07-07
1663,Data Analyst,13,Flipkart,Mumbai,0-2 Years,9.95,2025-04-05
1664,Data Analyst,13,Flipkart,Mumbai,0-2 Years,11.77,2025-02-11
1665,Data Analyst,14,PwC,Mumbai,2-5 Years,19.06,2025-01-20
1666,Data Analyst,8,IBM,Delhi NCR,Fresher,6.97,2025-02-07
1667,Data Analyst,15,KPMG,Kolkata,5+ Years,21.8,2025-09-04
1668,Data Analyst,6,Capgemini,Pune,2-5 Years,15.89,2025-03-28
1669,Data Analyst,3,Wipro,Kolkata,5+ Years,24.01,2025-11-14
1670,Data Analyst,13,Flipkart,Hyderabad,0-2 Years,12.66,2025-05-19
1671,Data Analyst,12,Microsoft,Pune,0-2 Years,11.21,2025-10-07
1672,Data Analyst,14,PwC,Delhi NCR,0-2 Years,10.56,2025-10-02
1673,Data Analyst,14,PwC,Jaipur,0-2 Years,10.53,2025-01-26
1674,Data Analyst,1,TCS,Delhi NCR,2-5 Years,14.89,2025-09-19
1675,Data Analyst,14,PwC,Chennai,0-2 Years,13.44,2025-04-07
1676,Data Analyst,6,Capgemini,Hyderabad,Fresher,7.61,2025-10-10
1677,Data Analyst,9,HCL,Pune,0-2 Years,12.96,2025-12-27
1678,Data Analyst,9,HCL,Ahmedabad,0-2 Years,12.83,2025-02-13
1679,Data Analyst,13,Flipkart,Mumbai,2-5 Years,18.7,2025-04-25
1680,Data Analyst,11,Amazon,Ahmedabad,Fresher,6.48,2025-10-03
1681,Data Analyst,8,IBM,Kolkata,5+ Years,23.48,2025-05-14
1682,Data Analyst,14,PwC,Ahmedabad,0-2 Years,10.97,2025-09-18
1683,Data Analyst,1,TCS,Kolkata,0-2 Years,9.92,2025-10-20
1684,Data Analyst,4,Accenture,Kolkata,0-2 Years,11.39,2025-12-01
1685,Data Analyst,13,Flipkart,Delhi NCR,5+ Years,21.59,2025-04-19
1686,Data Analyst,8,IBM,Ahmedabad,2-5 Years,17.43,2025-01-03
1687,Data Analyst,8,IBM,Chennai,2-5 Years,15.94,2025-02-17
1688,Data Analyst,13,Flipkart,Delhi NCR,0-2 Years,11.24,2025-09-26
1689,Data Analyst,7,Cognizant,Kolkata,Fresher,7.34,2025-08-12
1690,Data Analyst,6,Capgemini,Chennai,0-2 Years,11.19,2025-03-06
1691,Data Analyst,3,Wipro,Delhi NCR,Fresher,7.7,2025-05-20
1692,Data Analyst,7,Cognizant,Jaipur,2-5 Years,15.43,2025-07-09
1693,Data Analyst,7,Cognizant,Mumbai,0-2 Years,13.55,2025-10-03
1694,Data Analyst,7,Cognizant,Mumbai,Fresher,6.88,2025-12-16
1695,Data Analyst,9,HCL,Chennai,5+ Years,23.65,2025-10-27
1696,Data Analyst,15,KPMG,Ahmedabad,0-2 Years,13.33,2025-09-19
1697,Data Analyst,6,Capgemini,Chennai,0-2 Years,10.3,2025-12-16
1698,Data Analyst,1,TCS,Hyderabad,0-2 Years,11.19,2025-05-08
1699,Data Analyst,3,Wipro,Pune,0-2 Years,12.12,2026-01-01
1700,Data Analyst,4,Accenture,Jaipur,2-5 Years,16.22,2025-11-01
1701,Data Analyst,6,Capgemini,Bangalore,Fresher,9.42,2025-02-06
1702,Data Analyst,12,Microsoft,Bangalore,0-2 Years,13.59,2025-12-13
1703,Data Analyst,6,Capgemini,Ahmedabad,0-2 Years,11.76,2025-10-25
1704,Data Analyst,6,Capgemini,Ahmedabad,0-2 Years,12.33,2025-09-30
1705,Data Analyst,6,Capgemini,Delhi NCR,Fresher,7.49,2025-11-10
1706,Data Analyst,13,Flipkart,Pune,Fresher,7.21,2025-04-13
1707,Data Analyst,8,IBM,Jaipur,0-2 Years,11.81,2025-11-22
1708,Data Analyst,12,Microsoft,Bangalore,Fresher,11.28,2025-07-19
1709,Data Analyst,14,PwC,Pune,0-2 Years,11.34,2025-03-28
1710,Data Analyst,2,Infosys,Jaipur,0-2 Years,9.83,2025-03-08
1711,Data Analyst,10,Tech Mahindra,Jaipur,2-5 Years,17.33,2025-11-09
1712,Data Analyst,6,Capgemini,Jaipur,2-5 Years,15.86,2025-11-19
1713,Data Analyst,7,Cognizant,Hyderabad,2-5 Years,14.39,2025-09-30
1714,Data Analyst,14,PwC,Hyderabad,5+ Years,25.02,2025-10-02
1715,Data Analyst,6,Capgemini,Delhi NCR,Fresher,6.36,2025-08-07
1716,Data Analyst,15,KPMG,Mumbai,0-2 Years,12.39,2025-01-25
1717,Data Analyst,2,Infosys,Kolkata,2-5 Years,16.4,2025-09-11
1718,Data Analyst,7,Cognizant,Ahmedabad,0-2 Years,11.23,2025-09-10
1719,Data Analyst,4,Accenture,Mumbai,2-5 Years,18.35,2025-05-06
1720,Data Analyst,1,TCS,Kolkata,0-2 Years,10.48,2025-01-02
1721,Data Analyst,15,KPMG,Ahmedabad,0-2 Years,11.62,2025-03-20
1722,Data Analyst,4,Accenture,Bangalore,0-2 Years,12.69,2025-11-12
1723,Data Analyst,8,IBM,Hyderabad,Fresher,8.89,2025-04-03
1724,Data Analyst,14,PwC,Bangalore,2-5 Years,18.74,2025-04-12
1725,Data Analyst,2,Infosys,Bangalore,Fresher,7.88,2025-05-05
1726,Data Analyst,15,KPMG,Bangalore,2-5 Years,19.3,2025-02-14
1727,Data Analyst,8,IBM,Pune,5+ Years,22.86,2025-08-11
1728,Data Analyst,10,Tech Mahindra,Chennai,0-2 Years,12.47,2025-04-20
1729,Data Analyst,11,Amazon,Delhi NCR,2-5 Years,16.44,2025-08-16
1730,Data Analyst,4,Accenture,Pune,2-5 Years,18.71,2025-08-17
1731,Data Analyst,12,Microsoft,Hyderabad,2-5 Years,16.73,2025-01-09
1732,Data Analyst,11,Amazon,Chennai,2-5 Years,16.08,2025-02-07
1733,Data Analyst,9,HCL,Pune,0-2 Years,11.48,2025-04-29
1734,Data Analyst,15,KPMG,Delhi NCR,2-5 Years,15.64,2025-11-22
1735,Data Analyst,10,Tech Mahindra,Hyderabad,0-2 Years,12.96,2025-01-05
1736,Data Analyst,6,Capgemini,Mumbai,0-2 Years,10.56,2025-03-27
1737,Data Analyst,1,TCS,Delhi NCR,2-5 Years,14.74,2025-11-15
1738,Data Analyst,9,HCL,Ahmedabad,Fresher,5.72,2025-10-10
1739,Data Analyst,6,Capgemini,Pune,0-2 Years,12.64,2025-08-02
1740,Data Analyst,7,Cognizant,Kolkata,2-5 Years,18.05,2025-03-25
1741,Data Analyst,1,TCS,Hyderabad,5+ Years,23.87,2025-06-16
1742,Data Analyst,10,Tech Mahindra,Mumbai,0-2 Years,12.3,2025-09-20
1743,Data Analyst,4,Accenture,Mumbai,0-2 Years,12.58,2025-02-28
1744,Data Analyst,13,Flipkart,Ahmedabad,2-5 Years,17.39,2025-06-08
1745,Data Analyst,11,Amazon,Chennai,5+ Years,22.39,2026-01-01
1746,Data Analyst,11,Amazon,Hyderabad,5+ Years,24.29,2025-11-07
1747,Data Analyst,2,Infosys,Jaipur,0-2 Years,12.17,2025-08-14
1748,Data Analyst,12,Microsoft,Delhi NCR,2-5 Years,16.6,2025-02-13
1749,Data Analyst,9,HCL,Jaipur,5+ Years,23.23,2025-12-10
1750,Data Analyst,9,HCL,Jaipur,0-2 Years,12.2,2025-05-15
1751,Data Analyst,13,Flipkart,Mumbai,2-5 Years,14.26,2025-10-09
1752,Data Analyst,6,Capgemini,Kolkata,2-5 Years,16.81,2025-05-23
1753,Data Analyst,12,Microsoft,Chennai,Fresher,6.72,2025-08-27
1754,Data Analyst,5,Deloitte,Mumbai,0-2 Years,10.3,2025-12-11
1755,Data Analyst,14,PwC,Jaipur,0-2 Years,11.61,2025-01-31
1756,Data Analyst,1,TCS,Bangalore,5+ Years,26.65,2025-10-27
1757,Data Analyst,2,Infosys,Pune,5+ Years,23.34,2025-05-06
1758,Data Analyst,15,KPMG,Hyderabad,0-2 Years,13.14,2025-09-18
1759,Data Analyst,5,Deloitte,Kolkata,2-5 Years,17.93,2025-01-13
1760,Data Analyst,9,HCL,Delhi NCR,2-5 Years,17.58,2025-11-08
1761,Data Analyst,7,Cognizant,Ahmedabad,2-5 Years,17.97,2025-10-19
1762,Data Analyst,12,Microsoft,Delhi NCR,5+ Years,23.89,2025-03-20
1763,Data Analyst,7,Cognizant,Chennai,0-2 Years,11.59,2025-04-03
1764,Data Analyst,7,Cognizant,Delhi NCR,0-2 Years,9.08,2025-01-19
1765,Data Analyst,7,Cognizant,Pune,5+ Years,23.2,2025-03-02
1766,Data Analyst,2,Infosys,Bangalore,2-5 Years,16.99,2025-10-27
1767,Data Analyst,9,HCL,Jaipur,Fresher,9.61,2025-04-06
1768,Data Analyst,7,Cognizant,Ahmedabad,0-2 Years,10.79,2025-03-22
1769,Data Analyst,3,Wipro,Bangalore,Fresher,9.15,2025-03-02
1770,Data Analyst,11,Amazon,Jaipur,0-2 Years,11.66,2025-02-18
1771,Data Analyst,9,HCL,Bangalore,0-2 Years,13.05,2025-05-02
1772,Data Analyst,8,IBM,Hyderabad,Fresher,10.03,2025-08-29
1773,Data Analyst,1,TCS,Jaipur,2-5 Years,15.25,2025-09-04
1774,Data Analyst,4,Accenture,Delhi NCR,0-2 Years,11.23,2025-04-19
1775,Data Analyst,8,IBM,Hyderabad,Fresher,7.11,2025-12-09
1776,Data Analyst,10,Tech Mahindra,Jaipur,2-5 Years,14.42,2025-07-13
1777,Data Analyst,6,Capgemini,Hyderabad,0-2 Years,11.27,2025-09-24
1778,Data Analyst,12,Microsoft,Kolkata,2-5 Years,15.96,2025-04-03
1779,Data Analyst,12,Microsoft,Kolkata,0-2 Years,10.48,2025-09-05
1780,Data Analyst,10,Tech Mahindra,Kolkata,2-5 Years,15.17,2025-10-14
1781,Data Analyst,14,PwC,Kolkata,0-2 Years,9.31,2025-08-11
1782,Data Analyst,6,Capgemini,Chennai,0-2 Years,11.4,2025-06-12
1783,Data Analyst,3,Wipro,Mumbai,2-5 Years,15.69,2025-09-29
1784,Data Analyst,6,Capgemini,Bangalore,0-2 Years,13.91,2025-05-07
1785,Data Analyst,1,TCS,Kolkata,5+ Years,23.1,2025-08-02
1786,Data Analyst,6,Capgemini,Ahmedabad,2-5 Years,14.25,2025-11-21
1787,Data Analyst,6,Capgemini,Bangalore,2-5 Years,17.63,2025-08-27
1788,Data Analyst,7,Cognizant,Hyderabad,5+ Years,23.1,2025-08-13
1789,Data Analyst,14,PwC,Ahmedabad,Fresher,7.38,2025-05-08
1790,Data Analyst,1,TCS,Chennai,0-2 Years,13.11,2025-01-15
1791,Data Analyst,11,Amazon,Ahmedabad,0-2 Years,8.75,2025-06-19
1792,Data Analyst,9,HCL,Ahmedabad,0-2 Years,11.14,2025-08-31
1793,Data Analyst,1,TCS,Delhi NCR,Fresher,6.81,2025-12-02
1794,Data Analyst,8,IBM,Hyderabad,2-5 Years,17.81,2025-08-20
1795,Data Analyst,5,Deloitte,Bangalore,2-5 Years,18.26,2025-02-20
1796,Data Analyst,13,Flipkart,Kolkata,0-2 Years,10.1,2025-05-09
1797,Data Analyst,8,IBM,Delhi NCR,5+ Years,22.62,2025-07-18
1798,Data Analyst,5,Deloitte,Delhi NCR,0-2 Years,10.04,2025-11-22
1799,Data Analyst,4,Accenture,Hyderabad,2-5 Years,18.29,2025-12-16
1800,Data Analyst,2,Infosys,Delhi NCR,0-2 Years,11.03,2025-02-13
1801,Data Analyst,9,HCL,Bangalore,Fresher,11.28,2025-01-16
1802,Data Analyst,3,Wipro,Jaipur,2-5 Years,15.93,2025-01-17
1803,Data Analyst,10,Tech Mahindra,Delhi NCR,Fresher,6.15,2025-03-21
1804,Data Analyst,11,Amazon,Bangalore,5+ Years,23.18,2025-12-30
1805,Data Analyst,5,Deloitte,Mumbai,5+ Years,22.34,2025-11-16
1806,Data Analyst,1,TCS,Chennai,2-5 Years,14.6,2025-06-10
1807,Data Analyst,6,Capgemini,Kolkata,2-5 Years,16.32,2025-07-06
1808,Data Analyst,12,Microsoft,Chennai,0-2 Years,12.11,2025-08-09
1809,Data Analyst,3,Wipro,Mumbai,2-5 Years,15.6,2025-09-23
1810,Data Analyst,13,Flipkart,Jaipur,5+ Years,24.07,2025-02-10
1811,Data Analyst,12,Microsoft,Delhi NCR,0-2 Years,10.42,2025-03-01
1812,Data Analyst,9,HCL,Jaipur,2-5 Years,16.18,2025-10-31
1813,Data Analyst,11,Amazon,Pune,0-2 Years,13.43,2025-11-17
1814,Data Analyst,12,Microsoft,Pune,0-2 Years,12.58,2025-09-07
1815,Data Analyst,10,Tech Mahindra,Jaipur,2-5 Years,15.68,2025-02-02
1816,Data Analyst,12,Microsoft,Chennai,2-5 Years,15.43,2025-08-14
1817,Data Analyst,11,Amazon,Bangalore,0-2 Years,10.42,2025-07-13
1818,Data Analyst,12,Microsoft,Pune,2-5 Years,15.64,2025-01-25
1819,Data Analyst,10,Tech Mahindra,Chennai,0-2 Years,11.25,2025-04-22
1820,Data Analyst,13,Flipkart,Chennai,Fresher,6.32,2025-11-09
1821,Data Analyst,7,Cognizant,Bangalore,0-2 Years,12.84,2025-01-20
1822,Data Analyst,11,Amazon,Delhi NCR,5+ Years,23.09,2025-06-19
1823,Data Analyst,2,Infosys,Mumbai,0-2 Years,12.23,2025-07-20
1824,Data Analyst,8,IBM,Delhi NCR,0-2 Years,10.22,2025-03-25
1825,Data Analyst,5,Deloitte,Bangalore,5+ Years,25.2,2025-10-04
1826,Data Analyst,6,Capgemini,Kolkata,5+ Years,23.53,2025-07-09
1827,Data Analyst,4,Accenture,Hyderabad,Fresher,6.69,2025-09-01
1828,Data Analyst,14,PwC,Mumbai,Fresher,10.19,2025-11-08
1829,Data Analyst,4,Accenture,Delhi NCR,0-2 Years,10.88,2025-04-02
1830,Data Analyst,13,Flipkart,Delhi NCR,2-5 Years,16.02,2025-04-18
1831,Data Analyst,1,TCS,Jaipur,0-2 Years,11.85,2025-08-23
1832,Data Analyst,3,Wipro,Chennai,0-2 Years,11.78,2025-05-10
1833,Data Analyst,3,Wipro,Jaipur,0-2 Years,12.14,2025-10-18
1834,Data Analyst,10,Tech Mahindra,Hyderabad,Fresher,8.34,2025-05-11
1835,Data Analyst,13,Flipkart,Pune,0-2 Years,10.77,2025-01-31
1836,Data Analyst,2,Infosys,Delhi NCR,0-2 Years,11.43,2025-04-04
1837,Data Analyst,8,IBM,Chennai,0-2 Years,10.13,2025-06-21
1838,Data Analyst,12,Microsoft,Bangalore,2-5 Years,18.13,2025-04-14
1839,Data Analyst,1,TCS,Pune,2-5 Years,16.46,2025-03-06
1840,Data Analyst,5,Deloitte,Delhi NCR,2-5 Years,15.75,2025-07-17
1841,Data Analyst,13,Flipkart,Jaipur,2-5 Years,15.85,2025-02-27
1842,Data Analyst,13,Flipkart,Pune,2-5 Years,14.24,2025-07-29
1843,Data Analyst,13,Flipkart,Ahmedabad,2-5 Years,15.34,2025-07-11
1844,Data Analyst,2,Infosys,Ahmedabad,0-2 Years,11.11,2025-08-09
1845,Data Analyst,11,Amazon,Pune,5+ Years,23.69,2025-01-17
1846,Data Analyst,6,Capgemini,Bangalore,0-2 Years,11.77,2025-07-17
1847,Data Analyst,1,TCS,Mumbai,2-5 Years,19.02,2025-08-16
1848,Data Analyst,9,HCL,Chennai,2-5 Years,15.46,2025-10-30
1849,Data Analyst,6,Capgemini,Chennai,2-5 Years,17.66,2025-03-10
1850,Data Analyst,9,HCL,Delhi NCR,0-2 Years,11.51,2025-04-13
1851,Data Analyst,12,Microsoft,Hyderabad,2-5 Years,16.22,2025-01-26
1852,Data Analyst,2,Infosys,Bangalore,5+ Years,27.13,2025-02-02
1853,Data Analyst,12,Microsoft,Jaipur,Fresher,5.57,2025-06-22
1854,Data Analyst,1,TCS,Hyderabad,0-2 Years,13.1,2025-08-27
1855,Data Analyst,1,TCS,Mumbai,5+ Years,25.7,2025-02-12
1856,Data Analyst,8,IBM,Bangalore,2-5 Years,17.2,2025-11-25
1857,Data Analyst,11,Amazon,Bangalore,5+ Years,26.67,2025-10-15
1858,Data Analyst,10,Tech Mahindra,Kolkata,0-2 Years,10.7,2025-12-30
1859,Data Analyst,7,Cognizant,Delhi NCR,0-2 Years,11.35,2025-01-30
1860,Data Analyst,7,Cognizant,Bangalore,0-2 Years,13.31,2025-01-05
1861,Data Analyst,13,Flipkart,Ahmedabad,5+ Years,22.84,2025-01-27
1862,Data Analyst,8,IBM,Pune,0-2 Years,12.47,2025-06-21
1863,Data Analyst,11,Amazon,Ahmedabad,5+ Years,23.95,2025-10-11
1864,Data Analyst,3,Wipro,Delhi NCR,0-2 Years,8.9,2025-03-26
1865,Data Analyst,3,Wipro,Ahmedabad,Fresher,8.57,2025-03-15
1866,Data Analyst,7,Cognizant,Pune,Fresher,5.51,2025-02-02
1867,Data Analyst,13,Flipkart,Chennai,0-2 Years,12.74,2025-10-20
1868,Data Analyst,11,Amazon,Bangalore,0-2 Years,14.35,2025-09-09
1869,Data Analyst,4,Accenture,Bangalore,5+ Years,23.69,2025-12-30
1870,Data Analyst,12,Microsoft,Chennai,0-2 Years,11.01,2025-02-28
1871,Data Analyst,12,Microsoft,Delhi NCR,2-5 Years,14.67,2025-12-09
1872,Data Analyst,9,HCL,Delhi NCR,Fresher,6.74,2025-05-04
1873,Data Analyst,9,HCL,Kolkata,2-5 Years,15.63,2025-02-24
1874,Data Analyst,7,Cognizant,Mumbai,0-2 Years,13.44,2025-07-27
1875,Data Analyst,6,Capgemini,Ahmedabad,0-2 Years,12.57,2025-07-19
1876,Data Analyst,8,IBM,Jaipur,0-2 Years,12.67,2025-02-13
1877,Data Analyst,14,PwC,Delhi NCR,Fresher,6.33,2025-01-15
1878,Data Analyst,15,KPMG,Hyderabad,Fresher,7.75,2025-08-04
1879,Data Analyst,4,Accenture,Ahmedabad,2-5 Years,13.98,2025-11-14
1880,Data Analyst,3,Wipro,Pune,2-5 Years,15.53,2025-09-23
1881,Data Analyst,2,Infosys,Mumbai,0-2 Years,13.66,2025-04-10
1882,Data Analyst,13,Flipkart,Jaipur,2-5 Years,17.94,2025-11-27
1883,Data Analyst,10,Tech Mahindra,Chennai,0-2 Years,10.02,2025-05-31
1884,Data Analyst,9,HCL,Kolkata,0-2 Years,10.29,2025-11-26
1885,Data Analyst,13,Flipkart,Hyderabad,Fresher,7.97,2025-06-22
1886,Data Analyst,1,TCS,Jaipur,2-5 Years,16.34,2025-08-30
1887,Data Analyst,7,Cognizant,Delhi NCR,5+ Years,22.03,2025-04-16
1888,Data Analyst,6,Capgemini,Bangalore,5+ Years,25.51,2025-06-02
1889,Data Analyst,6,Capgemini,Mumbai,5+ Years,23.93,2025-09-10
1890,Data Analyst,13,Flipkart,Delhi NCR,0-2 Years,10.98,2025-11-18
1891,Data Analyst,12,Microsoft,Hyderabad,0-2 Years,12.66,2025-02-10
1892,Data Analyst,4,Accenture,Hyderabad,2-5 Years,17.01,2025-10-09
1893,Data Analyst,8,IBM,Ahmedabad,5+ Years,22.48,2025-03-19
1894,Data Analyst,1,TCS,Chennai,5+ Years,23.37,2025-07-01
1895,Data Analyst,10,Tech Mahindra,Kolkata,2-5 Years,15.89,2025-06-25
1896,Data Analyst,11,Amazon,Mumbai,Fresher,8.06,2025-06-11
1897,Data Analyst,15,KPMG,Jaipur,0-2 Years,10.69,2025-04-26
1898,Data Analyst,8,IBM,Mumbai,0-2 Years,14.42,2025-03-15
1899,Data Analyst,14,PwC,Hyderabad,0-2 Years,12.67,2025-03-27
1900,Data Analyst,4,Accenture,Jaipur,0-2 Years,10.65,2025-03-30
1901,Data Analyst,10,Tech Mahindra,Chennai,0-2 Years,12.34,2025-02-06
1902,Data Analyst,13,Flipkart,Kolkata,2-5 Years,15.6,2025-12-10
1903,Data Analyst,8,IBM,Bangalore,2-5 Years,19.41,2025-05-26
1904,Data Analyst,3,Wipro,Chennai,Fresher,7.94,2025-02-08
1905,Data Analyst,11,Amazon,Delhi NCR,2-5 Years,15.87,2025-06-04
1906,Data Analyst,14,PwC,Jaipur,2-5 Years,16.54,2025-07-24
1907,Data Analyst,4,Accenture,Delhi NCR,2-5 Years,14.11,2025-03-05
1908,Data Analyst,2,Infosys,Hyderabad,2-5 Years,15.65,2025-03-09
1909,Data Analyst,13,Flipkart,Pune,0-2 Years,10.07,2025-08-05
1910,Data Analyst,12,Microsoft,Mumbai,Fresher,8.67,2025-03-31
1911,Data Analyst,3,Wipro,Bangalore,0-2 Years,15.08,2025-05-18
1912,Data Analyst,11,Amazon,Hyderabad,Fresher,10.68,2025-05-19
1913,Data Analyst,14,PwC,Ahmedabad,5+ Years,23.77,2025-07-18
1914,Data Analyst,3,Wipro,Pune,Fresher,8.1,2025-10-28
1915,Data Analyst,3,Wipro,Jaipur,0-2 Years,8.84,2025-06-10
1916,Data Analyst,3,Wipro,Kolkata,0-2 Years,10.35,2025-12-06
1917,Data Analyst,7,Cognizant,Hyderabad,0-2 Years,11.05,2025-08-28
1918,Data Analyst,9,HCL,Pune,0-2 Years,10.75,2025-12-28
1919,Data Analyst,14,PwC,Hyderabad,0-2 Years,11.8,2025-01-28
1920,Data Analyst,13,Flipkart,Delhi NCR,0-2 Years,10.43,2025-09-03
1921,Data Analyst,14,PwC,Jaipur,0-2 Years,8.62,2025-10-01
1922,Data Analyst,4,Accenture,Pune,0-2 Years,12.4,2025-07-10
1923,Data Analyst,11,Amazon,Ahmedabad,0-2 Years,9.71,2025-07-24
1924,Data Analyst,12,Microsoft,Chennai,2-5 Years,16.79,2025-02-15
1925,Data Analyst,5,Deloitte,Jaipur,5+ Years,25.49,2025-02-14
1926,Data Analyst,9,HCL,Bangalore,2-5 Years,16.9,2025-10-18
1927,Data Analyst,6,Capgemini,Delhi NCR,2-5 Years,12.96,2025-12-14
1928,Data Analyst,15,KPMG,Pune,0-2 Years,11.16,2025-04-03
1929,Data Analyst,12,Microsoft,Mumbai,0-2 Years,13.82,2025-06-27
1930,Data Analyst,4,Accenture,Bangalore,0-2 Years,15.35,2025-10-15
1931,Data Analyst,9,HCL,Pune,0-2 Years,10.02,2025-02-14
1932,Data Analyst,4,Accenture,Delhi NCR,2-5 Years,16.6,2025-07-11
1933,Data Analyst,10,Tech Mahindra,Jaipur,2-5 Years,15.44,2025-05-07
1934,Data Analyst,5,Deloitte,Pune,Fresher,7.37,2025-11-15
1935,Data Analyst,7,Cognizant,Jaipur,2-5 Years,19.17,2025-12-31
1936,Data Analyst,7,Cognizant,Kolkata,0-2 Years,9.2,2025-07-09
1937,Data Analyst,6,Capgemini,Ahmedabad,0-2 Years,11.3,2025-09-02
1938,Data Analyst,4,Accenture,Hyderabad,2-5 Years,17.56,2025-10-30
1939,Data Analyst,9,HCL,Hyderabad,0-2 Years,13.3,2025-11-15
1940,Data Analyst,10,Tech Mahindra,Pune,0-2 Years,11.62,2025-10-24
1941,Data Analyst,2,Infosys,Bangalore,0-2 Years,13.37,2025-11-05
1942,Data Analyst,10,Tech Mahindra,Bangalore,0-2 Years,12.53,2025-02-07
1943,Data Analyst,2,Infosys,Jaipur,0-2 Years,11.32,2025-05-15
1944,Data Analyst,15,KPMG,Hyderabad,2-5 Years,16.59,2025-12-18
1945,Data Analyst,7,Cognizant,Ahmedabad,2-5 Years,16.75,2025-08-01
1946,Data Analyst,8,IBM,Delhi NCR,5+ Years,22.56,2025-09-22
1947,Data Analyst,2,Infosys,Delhi NCR,0-2 Years,11.45,2025-10-15
1948,Data Analyst,1,TCS,Ahmedabad,Fresher,6.96,2025-05-18
1949,Data Analyst,6,Capgemini,Jaipur,2-5 Years,17.35,2025-04-04
1950,Data Analyst,3,Wipro,Mumbai,0-2 Years,12.44,2025-02-06
1951,Data Analyst,2,Infosys,Hyderabad,0-2 Years,9.87,2025-06-30
1952,Data Analyst,2,Infosys,Mumbai,0-2 Years,14.01,2025-08-16
1953,Data Analyst,12,Microsoft,Jaipur,2-5 Years,14.91,2025-12-10
1954,Data Analyst,10,Tech Mahindra,Ahmedabad,5+ Years,22.22,2025-05-19
1955,Data Analyst,1,TCS,Ahmedabad,2-5 Years,15.29,2025-03-07
1956,Data Analyst,5,Deloitte,Delhi NCR,2-5 Years,17.65,2025-02-22
1957,Data Analyst,9,HCL,Ahmedabad,2-5 Years,13.44,2025-03-03
1958,Data Analyst,1,TCS,Ahmedabad,5+ Years,26.77,2025-02-07
1959,Data Analyst,5,Deloitte,Jaipur,0-2 Years,12.27,2025-03-24
1960,Data Analyst,15,KPMG,Ahmedabad,2-5 Years,16.27,2025-09-14
1961,Data Analyst,15,KPMG,Pune,2-5 Years,16.43,2025-09-16
1962,Data Analyst,10,Tech Mahindra,Chennai,0-2 Years,11.84,2025-10-06
1963,Data Analyst,14,PwC,Bangalore,Fresher,9.63,2025-09-30
1964,Data Analyst,13,Flipkart,Chennai,0-2 Years,12.27,2025-08-02
1965,Data Analyst,14,PwC,Pune,5+ Years,24.17,2025-07-06
1966,Data Analyst,9,HCL,Kolkata,2-5 Years,16.11,2025-03-29
1967,Data Analyst,8,IBM,Bangalore,0-2 Years,12.76,2025-03-21
1968,Data Analyst,14,PwC,Delhi NCR,Fresher,6.82,2025-04-23
1969,Data Analyst,5,Deloitte,Kolkata,2-5 Years,15.77,2025-12-07
1970,Data Analyst,2,Infosys,Chennai,2-5 Years,17.86,2025-05-19
1971,Data Analyst,9,HCL,Pune,Fresher,8.21,2025-03-02
1972,Data Analyst,5,Deloitte,Ahmedabad,2-5 Years,12.47,2025-03-31
1973,Data Analyst,3,Wipro,Ahmedabad,Fresher,7.79,2025-09-12
1974,Data Analyst,1,TCS,Chennai,2-5 Years,16.73,2025-03-06
1975,Data Analyst,12,Microsoft,Chennai,0-2 Years,11.48,2025-01-26
1976,Data Analyst,9,HCL,Bangalore,Fresher,8.53,2025-01-11
1977,Data Analyst,6,Capgemini,Jaipur,0-2 Years,12.35,2025-02-10
1978,Data Analyst,5,Deloitte,Bangalore,2-5 Years,19.14,2025-06-15
1979,Data Analyst,15,KPMG,Kolkata,0-2 Years,10.07,2025-01-12
1980,Data Analyst,4,Accenture,Mumbai,2-5 Years,17.99,2025-09-26
1981,Data Analyst,2,Infosys,Ahmedabad,2-5 Years,14.83,2025-09-02
1982,Data Analyst,11,Amazon,Kolkata,Fresher,5.34,2025-02-25
1983,Data Analyst,7,Cognizant,Hyderabad,0-2 Years,11.25,2025-06-02
1984,Data Analyst,12,Microsoft,Delhi NCR,0-2 Years,12.03,2025-06-11
1985,Data Analyst,13,Flipkart,Bangalore,Fresher,10.14,2025-12-14
1986,Data Analyst,12,Microsoft,Chennai,0-2 Years,12.12,2025-12-14
1987,Data Analyst,14,PwC,Delhi NCR,5+ Years,23.87,2025-06-17
1988,Data Analyst,13,Flipkart,Delhi NCR,Fresher,7.62,2025-08-14
1989,Data Analyst,15,KPMG,Hyderabad,0-2 Years,11.23,2025-06-29
1990,Data Analyst,13,Flipkart,Bangalore,Fresher,9.52,2025-01-13
1991,Data Analyst,10,Tech Mahindra,Hyderabad,5+ Years,24.96,2025-11-15
1992,Data Analyst,10,Tech Mahindra,Bangalore,2-5 Years,18.91,2025-12-31
1993,Data Analyst,11,Amazon,Mumbai,2-5 Years,18.93,2025-09-13
1994,Data Analyst,2,Infosys,Pune,0-2 Years,12.35,2025-01-29
1995,Data Analyst,14,PwC,Delhi NCR,Fresher,7.42,2025-04-16
1996,Data Analyst,6,Capgemini,Pune,2-5 Years,17.78,2025-06-15
1997,Data Analyst,15,KPMG,Pune,2-5 Years,16.47,2025-02-28
1998,Data Analyst,7,Cognizant,Ahmedabad,2-5 Years,14.94,2025-06-16
1999,Data Analyst,2,Infosys,Hyderabad,5+ Years,23.8,2025-07-03
2000,Data Analyst,12,Microsoft,Mumbai,2-5 Years,16.61,2025-10-13
2001,Data Analyst,14,PwC,Pune,2-5 Years,15.69,2025-03-27
2002,Data Analyst,11,Amazon,Ahmedabad,2-5 Years,15.83,2025-09-18
2003,Data Analyst,7,Cognizant,Bangalore,5+ Years,24.05,2025-04-26
2004,Data Analyst,10,Tech Mahindra,Mumbai,2-5 Years,17.13,2025-11-05
2005,Data Analyst,13,Flipkart,Pune,Fresher,5.23,2025-06-12
2006,Data Analyst,7,Cognizant,Bangalore,0-2 Years,13.26,2025-06-19
2007,Data Analyst,2,Infosys,Mumbai,0-2 Years,12.5,2025-09-23
2008,Data Analyst,11,Amazon,Mumbai,2-5 Years,16.52,2025-08-01
2009,Data Analyst,4,Accenture,Hyderabad,0-2 Years,12.79,2025-02-12
2010,Data Analyst,11,Amazon,Jaipur,2-5 Years,17.13,2025-12-27
2011,Data Analyst,12,Microsoft,Mumbai,0-2 Years,10.57,2025-02-10
2012,Data Analyst,1,TCS,Ahmedabad,2-5 Years,15.08,2025-08-13
2013,Data Analyst,9,HCL,Bangalore,5+ Years,24.08,2025-10-21
2014,Data Analyst,9,HCL,Ahmedabad,Fresher,5.87,2025-05-26
2015,Data Analyst,12,Microsoft,Jaipur,Fresher,8.0,2025-03-07
2016,Data Analyst,12,Microsoft,Mumbai,2-5 Years,17.27,2025-11-20
2017,Data Analyst,6,Capgemini,Bangalore,5+ Years,24.68,2025-09-06
2018,Data Analyst,9,HCL,Delhi NCR,0-2 Years,8.6,2025-11-07
2019,Data Analyst,15,KPMG,Bangalore,0-2 Years,13.76,2025-11-14
2020,Data Analyst,9,HCL,Jaipur,0-2 Years,9.51,2025-09-11
2021,Data Analyst,7,Cognizant,Ahmedabad,0-2 Years,11.07,2025-01-15
2022,Data Analyst,8,IBM,Ahmedabad,2-5 Years,16.33,2025-02-05
2023,Data Analyst,6,Capgemini,Ahmedabad,0-2 Years,12.63,2025-07-20
2024,Data Analyst,3,Wipro,Ahmedabad,0-2 Years,9.43,2025-07-23
2025,Data Analyst,10,Tech Mahindra,Chennai,0-2 Years,7.88,2025-01-05
2026,Data Analyst,4,Accenture,Kolkata,0-2 Years,11.22,2025-05-25
2027,Data Analyst,8,IBM,Delhi NCR,0-2 Years,13.16,2025-04-27
2028,Data Analyst,3,Wipro,Bangalore,Fresher,10.49,2025-03-08
2029,Data Analyst,13,Flipkart,Mumbai,Fresher,8.75,2025-08-14
2030,Data Analyst,3,Wipro,Chennai,0-2 Years,10.91,2025-06-16
2031,Data Analyst,8,IBM,Mumbai,0-2 Years,13.47,2025-01-18
2032,Data Analyst,9,HCL,Mumbai,2-5 Years,16.33,2025-05-17
2033,Data Analyst,9,HCL,Chennai,Fresher,8.07,2025-03-30
2034,Data Analyst,13,Flipkart,Chennai,0-2 Years,12.11,2025-05-10
2035,Data Analyst,15,KPMG,Pune,0-2 Years,12.77,2025-05-08
2036,Data Analyst,6,Capgemini,Mumbai,Fresher,11.81,2025-09-03
2037,Data Analyst,6,Capgemini,Chennai,0-2 Years,11.97,2025-06-21
2038,Data Analyst,8,IBM,Bangalore,0-2 Years,12.39,2025-08-26
2039,Data Analyst,11,Amazon,Mumbai,5+ Years,24.47,2025-03-16
2040,Data Analyst,7,Cognizant,Pune,0-2 Years,9.38,2025-10-29
2041,Data Analyst,1,TCS,Hyderabad,0-2 Years,11.17,2025-05-03
2042,Data Analyst,10,Tech Mahindra,Delhi NCR,5+ Years,22.51,2025-02-09
2043,Data Analyst,5,Deloitte,Bangalore,0-2 Years,12.37,2026-01-01
2044,Data Analyst,2,Infosys,Kolkata,Fresher,7.18,2025-09-25
2045,Data Analyst,7,Cognizant,Kolkata,5+ Years,22.01,2025-08-09
2046,Data Analyst,15,KPMG,Hyderabad,0-2 Years,13.35,2025-05-20
2047,Data Analyst,2,Infosys,Jaipur,2-5 Years,16.0,2025-05-09
2048,Data Analyst,12,Microsoft,Mumbai,2-5 Years,17.49,2025-11-23
2049,Data Analyst,3,Wipro,Hyderabad,0-2 Years,11.61,2025-10-16
2050,Data Analyst,11,Amazon,Bangalore,Fresher,9.19,2025-11-18
2051,Data Analyst,5,Deloitte,Chennai,0-2 Years,12.49,2025-04-12
2052,Data Analyst,14,PwC,Hyderabad,2-5 Years,15.96,2025-06-28
2053,Data Analyst,10,Tech Mahindra,Ahmedabad,Fresher,6.21,2025-05-18
2054,Data Analyst,3,Wipro,Mumbai,0-2 Years,12.14,2025-11-04
2055,Data Analyst,7,Cognizant,Pune,0-2 Years,9.88,2025-08-08
2056,Data Analyst,15,KPMG,Ahmedabad,2-5 Years,15.02,2025-07-10
2057,Data Analyst,8,IBM,Pune,2-5 Years,15.93,2025-01-04
2058,Data Analyst,3,Wipro,Ahmedabad,Fresher,8.05,2025-10-30
2059,Data Analyst,15,KPMG,Jaipur,0-2 Years,11.32,2025-07-14
2060,Data Analyst,7,Cognizant,Hyderabad,2-5 Years,17.23,2025-05-08
2061,Data Analyst,15,KPMG,Kolkata,0-2 Years,12.02,2025-12-15
2062,Data Analyst,14,PwC,Bangalore,Fresher,8.84,2025-02-14
2063,Data Analyst,7,Cognizant,Kolkata,2-5 Years,16.47,2025-03-09
2064,Data Analyst,15,KPMG,Delhi NCR,2-5 Years,15.88,2025-11-19
2065,Data Analyst,13,Flipkart,Chennai,0-2 Years,11.82,2025-01-20
2066,Data Analyst,7,Cognizant,Kolkata,Fresher,6.3,2025-03-22
2067,Data Analyst,7,Cognizant,Bangalore,0-2 Years,10.07,2025-06-28
2068,Data Analyst,12,Microsoft,Jaipur,5+ Years,22.84,2025-07-14
2069,Data Analyst,2,Infosys,Chennai,5+ Years,25.21,2025-06-28
2070,Data Analyst,10,Tech Mahindra,Ahmedabad,Fresher,8.11,2025-05-22
2071,Data Analyst,5,Deloitte,Bangalore,Fresher,10.16,2025-12-15
2072,Data Analyst,11,Amazon,Jaipur,0-2 Years,12.48,2025-04-20
2073,Data Analyst,13,Flipkart,Chennai,Fresher,7.61,2025-07-27
2074,Data Analyst,12,Microsoft,Chennai,2-5 Years,16.74,2025-06-27
2075,Data Analyst,7,Cognizant,Jaipur,Fresher,6.26,2025-12-01
2076,Data Analyst,15,KPMG,Bangalore,0-2 Years,12.62,2025-11-29
2077,Data Analyst,9,HCL,Kolkata,Fresher,7.74,2025-11-18
2078,Data Analyst,10,Tech Mahindra,Kolkata,Fresher,8.44,2025-12-17
2079,Data Analyst,11,Amazon,Ahmedabad,0-2 Years,10.83,2025-01-26
2080,Data Analyst,14,PwC,Pune,Fresher,6.96,2025-11-04
2081,Data Analyst,5,Deloitte,Hyderabad,0-2 Years,12.0,2025-03-18
2082,Data Analyst,2,Infosys,Ahmedabad,0-2 Years,11.72,2025-01-05
2083,Data Analyst,7,Cognizant,Chennai,0-2 Years,9.77,2025-04-27
2084,Data Analyst,13,Flipkart,Ahmedabad,2-5 Years,13.24,2025-02-11
2085,Data Analyst,5,Deloitte,Ahmedabad,0-2 Years,10.34,2025-05-23
2086,Data Analyst,8,IBM,Bangalore,Fresher,7.54,2025-10-26
2087,Data Analyst,9,HCL,Kolkata,0-2 Years,10.39,2025-11-27
2088,Data Analyst,7,Cognizant,Chennai,Fresher,7.32,2025-04-03
2089,Data Analyst,1,TCS,Chennai,2-5 Years,15.96,2025-08-18
2090,Data Analyst,5,Deloitte,Pune,0-2 Years,13.24,2025-04-11
2091,Data Analyst,4,Accenture,Kolkata,5+ Years,23.39,2025-07-26
2092,Data Analyst,15,KPMG,Delhi NCR,0-2 Years,11.36,2025-06-16
2093,Data Analyst,4,Accenture,Jaipur,2-5 Years,16.75,2025-10-12
2094,Data Analyst,4,Accenture,Pune,2-5 Years,15.13,2025-12-15
2095,Data Analyst,15,KPMG,Jaipur,Fresher,8.25,2025-10-14
2096,Data Analyst,10,Tech Mahindra,Mumbai,5+ Years,24.41,2025-09-20
2097,Data Analyst,13,Flipkart,Kolkata,Fresher,7.8,2025-07-26
2098,Data Analyst,15,KPMG,Pune,0-2 Years,10.21,2025-07-01
2099,Data Analyst,9,HCL,Kolkata,0-2 Years,9.14,2025-09-20
2100,Data Analyst,13,Flipkart,Mumbai,0-2 Years,13.48,2025-10-25
2101,Data Analyst,2,Infosys,Jaipur,2-5 Years,16.45,2025-05-01
2102,Data Analyst,13,Flipkart,Mumbai,0-2 Years,11.42,2025-07-07
2103,Data Analyst,13,Flipkart,Bangalore,2-5 Years,16.96,2025-03-21
2104,Data Analyst,6,Capgemini,Delhi NCR,2-5 Years,17.35,2025-01-12
2105,Data Analyst,1,TCS,Mumbai,5+ Years,23.07,2025-08-02
2106,Data Analyst,15,KPMG,Pune,5+ Years,25.47,2025-09-26
2107,Data Analyst,7,Cognizant,Delhi NCR,Fresher,5.92,2025-01-12
2108,Data Analyst,3,Wipro,Hyderabad,0-2 Years,12.77,2025-10-22
2109,Data Analyst,4,Accenture,Ahmedabad,2-5 Years,15.61,2025-01-26
2110,Data Analyst,2,Infosys,Chennai,2-5 Years,17.22,2025-01-19
2111,Data Analyst,1,TCS,Ahmedabad,0-2 Years,10.35,2025-01-24
2112,Data Analyst,7,Cognizant,Delhi NCR,2-5 Years,15.8,2025-10-26
2113,Data Analyst,11,Amazon,Pune,0-2 Years,11.55,2025-05-22
2114,Data Analyst,10,Tech Mahindra,Hyderabad,0-2 Years,10.8,2025-06-30
2115,Data Analyst,9,HCL,Hyderabad,2-5 Years,17.89,2025-06-25
2116,Data Analyst,13,Flipkart,Ahmedabad,0-2 Years,10.38,2025-08-06
2117,Data Analyst,4,Accenture,Ahmedabad,2-5 Years,15.73,2025-03-17
2118,Data Analyst,6,Capgemini,Kolkata,2-5 Years,14.81,2025-06-13
2119,Data Analyst,4,Accenture,Delhi NCR,2-5 Years,12.93,2025-09-08
2120,Data Analyst,12,Microsoft,Delhi NCR,2-5 Years,15.77,2025-03-22
2121,Data Analyst,14,PwC,Delhi NCR,5+ Years,25.9,2025-09-19
2122,Data Analyst,1,TCS,Mumbai,0-2 Years,13.44,2025-12-29
2123,Data Analyst,14,PwC,Hyderabad,2-5 Years,16.98,2025-03-20
2124,Data Analyst,14,PwC,Pune,0-2 Years,11.18,2025-03-28
2125,Data Analyst,7,Cognizant,Hyderabad,0-2 Years,12.03,2025-02-24
2126,Data Analyst,12,Microsoft,Mumbai,0-2 Years,13.16,2025-01-28
2127,Data Analyst,11,Amazon,Mumbai,2-5 Years,16.08,2025-12-05
2128,Data Analyst,3,Wipro,Jaipur,0-2 Years,12.34,2025-11-30
2129,Data Analyst,9,HCL,Delhi NCR,0-2 Years,11.86,2025-10-20
2130,Data Analyst,10,Tech Mahindra,Chennai,2-5 Years,17.36,2025-07-03
2131,Data Analyst,9,HCL,Bangalore,0-2 Years,13.53,2025-06-15
2132,Data Analyst,11,Amazon,Hyderabad,0-2 Years,12.02,2025-05-06
2133,Data Analyst,14,PwC,Mumbai,0-2 Years,13.31,2025-07-19
2134,Data Analyst,13,Flipkart,Ahmedabad,0-2 Years,11.71,2025-03-06
2135,Data Analyst,5,Deloitte,Bangalore,Fresher,8.58,2025-06-14
2136,Data Analyst,4,Accenture,Pune,0-2 Years,10.81,2025-09-27
2137,Data Analyst,6,Capgemini,Chennai,0-2 Years,11.62,2025-01-12
2138,Data Analyst,13,Flipkart,Jaipur,Fresher,8.86,2025-04-10
2139,Data Analyst,10,Tech Mahindra,Bangalore,2-5 Years,16.51,2025-04-15
2140,Data Analyst,8,IBM,Kolkata,5+ Years,21.24,2025-04-02
2141,Data Analyst,10,Tech Mahindra,Pune,2-5 Years,16.7,2025-08-13
2142,Data Analyst,5,Deloitte,Hyderabad,2-5 Years,17.06,2025-05-29
2143,Data Analyst,7,Cognizant,Ahmedabad,2-5 Years,16.21,2025-06-13
2144,Data Analyst,1,TCS,Mumbai,Fresher,8.79,2025-12-26
2145,Data Analyst,8,IBM,Bangalore,2-5 Years,17.73,2025-09-23
2146,Data Analyst,1,TCS,Kolkata,0-2 Years,12.79,2025-02-21
2147,Data Analyst,15,KPMG,Kolkata,2-5 Years,14.08,2025-05-22
2148,Data Analyst,1,TCS,Hyderabad,0-2 Years,11.01,2025-06-04
2149,Data Analyst,1,TCS,Hyderabad,2-5 Years,16.88,2025-05-08
2150,Data Analyst,12,Microsoft,Chennai,Fresher,5.53,2025-07-22
2151,Data Analyst,4,Accenture,Kolkata,2-5 Years,15.79,2025-10-08
2152,Data Analyst,5,Deloitte,Mumbai,0-2 Years,14.49,2025-12-09
2153,Data Analyst,3,Wipro,Hyderabad,0-2 Years,12.03,2025-10-26
2154,Data Analyst,12,Microsoft,Hyderabad,2-5 Years,17.28,2025-01-02
2155,Data Analyst,6,Capgemini,Mumbai,5+ Years,22.99,2025-06-22
2156,Data Analyst,5,Deloitte,Kolkata,Fresher,6.26,2025-12-14
2157,Data Analyst,10,Tech Mahindra,Pune,Fresher,7.05,2025-10-02
2158,Data Analyst,11,Amazon,Delhi NCR,2-5 Years,15.62,2025-11-11
2159,Data Analyst,10,Tech Mahindra,Hyderabad,2-5 Years,18.54,2025-10-13
2160,Data Analyst,9,HCL,Ahmedabad,2-5 Years,16.67,2025-11-15
2161,Data Analyst,3,Wipro,Hyderabad,0-2 Years,10.67,2025-09-19
2162,Data Analyst,11,Amazon,Delhi NCR,0-2 Years,11.3,2025-10-16
2163,Data Analyst,8,IBM,Chennai,Fresher,8.1,2025-03-11
2164,Data Analyst,8,IBM,Kolkata,0-2 Years,12.37,2025-05-05
2165,Data Analyst,10,Tech Mahindra,Pune,2-5 Years,18.4,2025-01-24
2166,Data Analyst,6,Capgemini,Jaipur,2-5 Years,14.78,2025-01-02
2167,Data Analyst,3,Wipro,Pune,5+ Years,22.53,2025-09-03
2168,Data Analyst,14,PwC,Pune,0-2 Years,9.99,2025-07-18
2169,Data Analyst,6,Capgemini,Kolkata,0-2 Years,10.72,2025-09-03
2170,Data Analyst,1,TCS,Kolkata,2-5 Years,16.56,2025-04-03
2171,Data Analyst,3,Wipro,Mumbai,5+ Years,25.68,2025-03-18
2172,Data Analyst,4,Accenture,Hyderabad,0-2 Years,11.91,2025-12-23
2173,Data Analyst,11,Amazon,Bangalore,2-5 Years,17.62,2025-12-08
2174,Data Analyst,4,Accenture,Ahmedabad,0-2 Years,11.18,2025-03-19
2175,Data Analyst,13,Flipkart,Bangalore,5+ Years,24.0,2025-12-24
2176,Data Analyst,9,HCL,Jaipur,0-2 Years,13.51,2025-04-14
2177,Data Analyst,4,Accenture,Kolkata,Fresher,5.07,2025-12-25
2178,Data Analyst,7,Cognizant,Jaipur,0-2 Years,11.22,2025-01-29
2179,Data Analyst,10,Tech Mahindra,Delhi NCR,0-2 Years,13.43,2025-05-21
2180,Data Analyst,15,KPMG,Jaipur,5+ Years,23.01,2025-09-08
2181,Data Analyst,1,TCS,Ahmedabad,0-2 Years,10.77,2025-09-02
2182,Data Analyst,11,Amazon,Hyderabad,0-2 Years,11.57,2025-03-13
2183,Data Analyst,12,Microsoft,Bangalore,2-5 Years,17.78,2025-06-09
2184,Data Analyst,1,TCS,Ahmedabad,2-5 Years,17.65,2025-06-17
2185,Data Analyst,15,KPMG,Pune,2-5 Years,13.85,2025-11-18
2186,Data Analyst,8,IBM,Mumbai,0-2 Years,14.34,2025-08-29
2187,Data Analyst,1,TCS,Hyderabad,0-2 Years,10.29,2025-03-04
2188,Data Analyst,15,KPMG,Bangalore,Fresher,8.68,2025-11-01
2189,Data Analyst,5,Deloitte,Kolkata,0-2 Years,10.48,2025-12-08
2190,Data Analyst,14,PwC,Delhi NCR,0-2 Years,11.71,2025-07-04
2191,Data Analyst,5,Deloitte,Jaipur,2-5 Years,14.08,2025-01-27
2192,Data Analyst,1,TCS,Mumbai,5+ Years,25.05,2025-10-28
2193,Data Analyst,12,Microsoft,Pune,0-2 Years,13.93,2025-12-30
2194,Data Analyst,7,Cognizant,Jaipur,0-2 Years,9.36,2025-08-02
2195,Data Analyst,3,Wipro,Hyderabad,Fresher,8.23,2025-08-27
2196,Data Analyst,13,Flipkart,Chennai,2-5 Years,15.71,2025-06-27
2197,Data Analyst,15,KPMG,Delhi NCR,2-5 Years,16.51,2025-10-23
2198,Data Analyst,14,PwC,Jaipur,Fresher,7.02,2025-08-05
2199,Data Analyst,3,Wipro,Ahmedabad,2-5 Years,15.23,2025-05-30
2200,Data Analyst,9,HCL,Mumbai,Fresher,9.09,2025-11-25
2201,Data Analyst,4,Accenture,Hyderabad,0-2 Years,14.17,2025-01-05
2202,Data Analyst,2,Infosys,Delhi NCR,5+ Years,22.77,2025-09-04
2203,Data Analyst,5,Deloitte,Hyderabad,5+ Years,24.86,2025-04-13
2204,Data Analyst,11,Amazon,Chennai,0-2 Years,9.95,2025-12-30
2205,Data Analyst,10,Tech Mahindra,Chennai,Fresher,6.35,2025-02-09
2206,Data Analyst,15,KPMG,Hyderabad,0-2 Years,12.57,2025-10-12
2207,Data Analyst,10,Tech Mahindra,Chennai,2-5 Years,18.28,2025-02-10
2208,Data Analyst,11,Amazon,Kolkata,0-2 Years,11.43,2025-11-23
2209,Data Analyst,2,Infosys,Mumbai,0-2 Years,12.12,2025-04-21
2210,Data Analyst,15,KPMG,Delhi NCR,0-2 Years,11.0,2025-10-15
2211,Data Analyst,4,Accenture,Ahmedabad,5+ Years,21.5,2025-07-19
2212,Data Analyst,2,Infosys,Bangalore,0-2 Years,13.73,2025-01-09
2213,Data Analyst,2,Infosys,Delhi NCR,0-2 Years,12.06,2025-09-29
2214,Data Analyst,12,Microsoft,Pune,5+ Years,22.96,2025-03-05
2215,Data Analyst,8,IBM,Bangalore,Fresher,8.44,2025-02-22
2216,Data Analyst,11,Amazon,Ahmedabad,2-5 Years,16.32,2025-04-22
2217,Data Analyst,14,PwC,Ahmedabad,0-2 Years,10.48,2025-11-08
2218,Data Analyst,13,Flipkart,Ahmedabad,Fresher,6.92,2025-01-09
2219,Data Analyst,4,Accenture,Jaipur,0-2 Years,13.52,2025-01-26
2220,Data Analyst,5,Deloitte,Pune,0-2 Years,11.2,2025-03-24
2221,Data Analyst,6,Capgemini,Hyderabad,2-5 Years,16.57,2025-07-09
2222,Data Analyst,7,Cognizant,Mumbai,2-5 Years,16.72,2025-11-04
2223,Data Analyst,8,IBM,Pune,0-2 Years,12.39,2025-12-26
2224,Data Analyst,7,Cognizant,Chennai,0-2 Years,11.28,2025-02-07
2225,Data Analyst,7,Cognizant,Chennai,0-2 Years,10.72,2025-07-14
2226,Data Analyst,11,Amazon,Kolkata,0-2 Years,12.59,2025-09-09
2227,Data Analyst,9,HCL,Delhi NCR,0-2 Years,12.7,2025-04-09
2228,Data Analyst,7,Cognizant,Delhi NCR,0-2 Years,10.28,2025-04-13
2229,Data Analyst,12,Microsoft,Delhi NCR,2-5 Years,13.76,2025-05-23
2230,Data Analyst,12,Microsoft,Mumbai,2-5 Years,18.71,2025-04-30
2231,Data Analyst,3,Wipro,Mumbai,0-2 Years,11.68,2025-11-07
2232,Data Analyst,15,KPMG,Mumbai,Fresher,9.45,2025-02-07
2233,Data Analyst,2,Infosys,Mumbai,Fresher,6.14,2025-06-10
2234,Data Analyst,9,HCL,Pune,2-5 Years,17.57,2025-05-24
2235,Data Analyst,11,Amazon,Pune,0-2 Years,10.05,2025-10-07
2236,Data Analyst,10,Tech Mahindra,Ahmedabad,0-2 Years,11.88,2025-06-18
2237,Data Analyst,4,Accenture,Ahmedabad,0-2 Years,11.02,2025-03-29
2238,Data Analyst,1,TCS,Kolkata,0-2 Years,9.86,2025-06-23
2239,Data Analyst,7,Cognizant,Jaipur,0-2 Years,10.51,2025-02-25
2240,Data Analyst,3,Wipro,Jaipur,0-2 Years,11.82,2025-06-09
2241,Data Analyst,4,Accenture,Hyderabad,0-2 Years,12.13,2025-05-27
2242,Data Analyst,5,Deloitte,Jaipur,0-2 Years,11.7,2025-04-22
2243,Data Analyst,1,TCS,Ahmedabad,0-2 Years,13.37,2025-05-30
2244,Data Analyst,4,Accenture,Mumbai,0-2 Years,10.62,2025-08-28
2245,Data Analyst,15,KPMG,Hyderabad,5+ Years,25.94,2025-12-15
2246,Data Analyst,10,Tech Mahindra,Pune,0-2 Years,11.63,2025-06-01
2247,Data Analyst,10,Tech Mahindra,Pune,2-5 Years,15.42,2025-07-20
2248,Data Analyst,15,KPMG,Chennai,Fresher,5.9,2025-01-25
2249,Data Analyst,10,Tech Mahindra,Kolkata,0-2 Years,10.77,2025-03-01
2250,Data Analyst,12,Microsoft,Delhi NCR,2-5 Years,17.11,2025-01-27
2251,Data Analyst,10,Tech Mahindra,Kolkata,0-2 Years,10.85,2025-09-01
2252,Data Analyst,3,Wipro,Chennai,0-2 Years,13.31,2025-04-13
2253,Data Analyst,12,Microsoft,Bangalore,0-2 Years,11.26,2025-09-08
2254,Data Analyst,11,Amazon,Pune,0-2 Years,11.49,2025-08-13
2255,Data Analyst,11,Amazon,Ahmedabad,2-5 Years,14.5,2025-06-08
2256,Data Analyst,9,HCL,Kolkata,2-5 Years,16.44,2025-04-27
2257,Data Analyst,12,Microsoft,Jaipur,2-5 Years,17.06,2025-07-30
2258,Data Analyst,11,Amazon,Mumbai,0-2 Years,12.0,2025-11-09
2259,Data Analyst,3,Wipro,Ahmedabad,0-2 Years,7.87,2025-06-07
2260,Data Analyst,13,Flipkart,Hyderabad,2-5 Years,17.24,2025-07-08
2261,Data Analyst,2,Infosys,Jaipur,0-2 Years,11.52,2025-02-25
2262,Data Analyst,11,Amazon,Pune,0-2 Years,11.99,2025-04-23
2263,Data Analyst,5,Deloitte,Hyderabad,2-5 Years,18.48,2025-06-13
2264,Data Analyst,8,IBM,Mumbai,0-2 Years,11.21,2025-03-21
2265,Data Analyst,8,IBM,Kolkata,2-5 Years,16.82,2025-03-07
2266,Data Analyst,2,Infosys,Delhi NCR,0-2 Years,12.43,2025-03-21
2267,Data Analyst,3,Wipro,Pune,0-2 Years,9.37,2025-03-03
2268,Data Analyst,14,PwC,Delhi NCR,0-2 Years,11.38,2025-09-21
2269,Data Analyst,2,Infosys,Chennai,2-5 Years,15.89,2025-12-08
2270,Data Analyst,8,IBM,Mumbai,2-5 Years,17.4,2025-11-09
2271,Data Analyst,8,IBM,Chennai,Fresher,7.92,2025-07-22
2272,Data Analyst,15,KPMG,Chennai,0-2 Years,10.92,2025-01-26
2273,Data Analyst,1,TCS,Hyderabad,Fresher,7.19,2025-10-06
2274,Data Analyst,6,Capgemini,Hyderabad,2-5 Years,17.04,2025-05-20
2275,Data Analyst,11,Amazon,Chennai,2-5 Years,15.2,2025-08-03
2276,Data Analyst,5,Deloitte,Delhi NCR,2-5 Years,14.7,2025-06-28
2277,Data Analyst,7,Cognizant,Bangalore,2-5 Years,18.82,2025-11-22
2278,Data Analyst,2,Infosys,Kolkata,0-2 Years,9.62,2025-02-22
2279,Data Analyst,5,Deloitte,Kolkata,2-5 Years,16.8,2025-09-06
2280,Data Analyst,13,Flipkart,Chennai,2-5 Years,17.06,2025-04-25
2281,Data Analyst,9,HCL,Bangalore,2-5 Years,15.93,2025-09-08
2282,Data Analyst,9,HCL,Mumbai,2-5 Years,16.69,2025-12-24
2283,Data Analyst,3,Wipro,Delhi NCR,0-2 Years,12.43,2025-02-22
2284,Data Analyst,3,Wipro,Bangalore,Fresher,7.82,2025-09-12
2285,Data Analyst,3,Wipro,Hyderabad,5+ Years,23.44,2025-08-17
2286,Data Analyst,3,Wipro,Delhi NCR,0-2 Years,11.55,2025-03-03
2287,Data Analyst,3,Wipro,Pune,2-5 Years,17.44,2025-03-11
2288,Data Analyst,3,Wipro,Jaipur,0-2 Years,10.7,2025-11-24
2289,Data Analyst,11,Amazon,Delhi NCR,Fresher,6.28,2025-12-20
2290,Data Analyst,9,HCL,Chennai,0-2 Years,13.21,2025-11-22
2291,Data Analyst,10,Tech Mahindra,Pune,2-5 Years,18.59,2025-08-30
2292,Data Analyst,15,KPMG,Hyderabad,2-5 Years,18.17,2025-03-30
2293,Data Analyst,7,Cognizant,Chennai,0-2 Years,11.6,2025-03-16
2294,Data Analyst,6,Capgemini,Hyderabad,0-2 Years,11.03,2025-06-20
2295,Data Analyst,10,Tech Mahindra,Jaipur,2-5 Years,15.0,2025-07-21
2296,Data Analyst,7,Cognizant,Bangalore,2-5 Years,18.63,2025-11-18
2297,Data Analyst,14,PwC,Jaipur,2-5 Years,16.5,2025-06-26
2298,Data Analyst,11,Amazon,Mumbai,0-2 Years,14.18,2025-04-10
2299,Data Analyst,15,KPMG,Pune,Fresher,8.28,2025-09-19
2300,Data Analyst,1,TCS,Delhi NCR,0-2 Years,9.2,2025-03-03
2301,Data Analyst,2,Infosys,Delhi NCR,2-5 Years,17.26,2025-10-14
2302,Data Analyst,5,Deloitte,Hyderabad,2-5 Years,15.8,2025-07-23
2303,Data Analyst,15,KPMG,Jaipur,0-2 Years,10.54,2025-06-15
2304,Data Analyst,12,Microsoft,Hyderabad,2-5 Years,17.3,2025-11-14
2305,Data Analyst,5,Deloitte,Jaipur,Fresher,9.39,2025-05-07
2306,Data Analyst,3,Wipro,Chennai,0-2 Years,15.23,2025-08-28
2307,Data Analyst,13,Flipkart,Kolkata,2-5 Years,16.73,2025-02-04
2308,Data Analyst,7,Cognizant,Mumbai,0-2 Years,12.28,2025-08-06
2309,Data Analyst,5,Deloitte,Ahmedabad,0-2 Years,11.64,2025-07-15
2310,Data Analyst,13,Flipkart,Chennai,0-2 Years,12.57,2025-07-16
2311,Data Analyst,12,Microsoft,Hyderabad,0-2 Years,11.62,2025-08-12
2312,Data Analyst,1,TCS,Kolkata,2-5 Years,18.15,2025-09-30
2313,Data Analyst,2,Infosys,Bangalore,2-5 Years,18.28,2025-02-11
2314,Data Analyst,2,Infosys,Bangalore,Fresher,9.6,2025-08-18
2315,Data Analyst,8,IBM,Ahmedabad,2-5 Years,16.8,2025-06-28
2316,Data Analyst,11,Amazon,Delhi NCR,5+ Years,23.51,2025-08-08
2317,Data Analyst,5,Deloitte,Kolkata,2-5 Years,17.01,2025-06-29
2318,Data Analyst,4,Accenture,Bangalore,2-5 Years,17.26,2025-03-19
2319,Data Analyst,7,Cognizant,Delhi NCR,0-2 Years,10.33,2025-04-08
2320,Data Analyst,1,TCS,Ahmedabad,Fresher,5.68,2025-10-22
2321,Data Analyst,13,Flipkart,Jaipur,0-2 Years,11.53,2025-01-24
2322,Data Analyst,15,KPMG,Kolkata,2-5 Years,16.93,2025-01-11
2323,Data Analyst,14,PwC,Ahmedabad,2-5 Years,16.55,2025-02-04
2324,Data Analyst,2,Infosys,Hyderabad,2-5 Years,19.01,2025-01-05
2325,Data Analyst,3,Wipro,Jaipur,0-2 Years,10.99,2025-12-07
2326,Data Analyst,7,Cognizant,Jaipur,2-5 Years,16.8,2025-04-24
2327,Data Analyst,14,PwC,Jaipur,2-5 Years,14.69,2025-02-17
2328,Data Analyst,11,Amazon,Pune,0-2 Years,11.04,2025-11-21
2329,Data Analyst,7,Cognizant,Hyderabad,0-2 Years,12.83,2025-12-27
2330,Data Analyst,15,KPMG,Ahmedabad,0-2 Years,12.02,2025-08-06
2331,Data Analyst,11,Amazon,Kolkata,2-5 Years,15.65,2025-06-26
2332,Data Analyst,6,Capgemini,Jaipur,0-2 Years,10.91,2025-06-26
2333,Data Analyst,6,Capgemini,Jaipur,0-2 Years,9.18,2025-08-14
2334,Data Analyst,9,HCL,Mumbai,2-5 Years,17.07,2025-07-30
2335,Data Analyst,15,KPMG,Hyderabad,0-2 Years,13.07,2025-02-12
2336,Data Analyst,6,Capgemini,Jaipur,Fresher,7.69,2025-10-20
2337,Data Analyst,2,Infosys,Pune,Fresher,8.1,2025-08-19
2338,Data Analyst,14,PwC,Hyderabad,0-2 Years,12.06,2025-08-21
2339,Data Analyst,8,IBM,Kolkata,5+ Years,23.01,2025-10-27
2340,Data Analyst,3,Wipro,Hyderabad,0-2 Years,11.21,2025-10-07
2341,Data Analyst,12,Microsoft,Bangalore,2-5 Years,18.84,2025-07-24
2342,Data Analyst,2,Infosys,Hyderabad,2-5 Years,17.51,2025-11-05
2343,Data Analyst,4,Accenture,Ahmedabad,0-2 Years,11.59,2025-04-11
2344,Data Analyst,6,Capgemini,Delhi NCR,0-2 Years,10.37,2025-04-24
2345,Data Analyst,9,HCL,Chennai,0-2 Years,8.92,2025-03-06
2346,Data Analyst,3,Wipro,Kolkata,0-2 Years,12.32,2025-01-14
2347,Data Analyst,15,KPMG,Ahmedabad,2-5 Years,15.43,2025-10-07
2348,Data Analyst,14,PwC,Bangalore,2-5 Years,16.96,2025-03-19
2349,Data Analyst,10,Tech Mahindra,Ahmedabad,5+ Years,23.83,2025-05-28
2350,Data Analyst,11,Amazon,Chennai,0-2 Years,11.03,2025-03-22
2351,Data Analyst,10,Tech Mahindra,Pune,2-5 Years,17.77,2025-07-25
2352,Data Analyst,3,Wipro,Bangalore,2-5 Years,18.74,2025-04-01
2353,Data Analyst,14,PwC,Jaipur,2-5 Years,16.82,2025-01-05
2354,Data Analyst,4,Accenture,Mumbai,2-5 Years,15.86,2025-09-30
2355,Data Analyst,6,Capgemini,Delhi NCR,0-2 Years,12.45,2025-05-25
2356,Data Analyst,1,TCS,Ahmedabad,2-5 Years,16.31,2025-06-27
2357,Data Analyst,14,PwC,Chennai,2-5 Years,16.06,2025-07-08
2358,Data Analyst,1,TCS,Jaipur,2-5 Years,16.17,2025-05-18
2359,Data Analyst,14,PwC,Bangalore,2-5 Years,15.87,2025-07-10
2360,Data Analyst,2,Infosys,Delhi NCR,2-5 Years,16.49,2025-04-27
2361,Data Analyst,8,IBM,Bangalore,2-5 Years,16.76,2025-05-17
2362,Data Analyst,1,TCS,Hyderabad,0-2 Years,10.38,2025-08-14
2363,Data Analyst,15,KPMG,Jaipur,0-2 Years,9.17,2025-03-15
2364,Data Analyst,11,Amazon,Bangalore,0-2 Years,14.34,2025-07-07
2365,Data Analyst,14,PwC,Kolkata,0-2 Years,10.24,2025-05-08
2366,Data Analyst,6,Capgemini,Pune,0-2 Years,13.34,2025-01-23
2367,Data Analyst,3,Wipro,Pune,0-2 Years,10.86,2025-04-18
2368,Data Analyst,1,TCS,Hyderabad,2-5 Years,14.95,2025-05-30
2369,Data Analyst,13,Flipkart,Ahmedabad,2-5 Years,14.66,2025-09-30
2370,Data Analyst,3,Wipro,Hyderabad,0-2 Years,13.48,2025-04-05
2371,Data Analyst,10,Tech Mahindra,Pune,0-2 Years,11.31,2025-05-19
2372,Data Analyst,9,HCL,Chennai,0-2 Years,10.84,2025-11-21
2373,Data Analyst,14,PwC,Pune,2-5 Years,16.69,2025-08-06
2374,Data Analyst,8,IBM,Kolkata,0-2 Years,11.6,2025-09-20
2375,Data Analyst,12,Microsoft,Jaipur,0-2 Years,12.34,2025-06-29
2376,Data Analyst,6,Capgemini,Ahmedabad,0-2 Years,12.74,2025-07-03
2377,Data Analyst,10,Tech Mahindra,Hyderabad,2-5 Years,16.57,2025-07-20
2378,Data Analyst,12,Microsoft,Hyderabad,2-5 Years,15.41,2025-06-25
2379,Data Analyst,12,Microsoft,Hyderabad,2-5 Years,16.5,2025-11-25
2380,Data Analyst,6,Capgemini,Kolkata,Fresher,7.31,2025-03-09
2381,Data Analyst,5,Deloitte,Jaipur,0-2 Years,9.84,2025-03-11
2382,Data Analyst,11,Amazon,Hyderabad,0-2 Years,10.85,2025-07-14
2383,Data Analyst,9,HCL,Chennai,2-5 Years,16.91,2025-08-22
2384,Data Analyst,13,Flipkart,Jaipur,0-2 Years,10.94,2025-02-25
2385,Data Analyst,14,PwC,Ahmedabad,2-5 Years,16.04,2025-02-05
2386,Data Analyst,3,Wipro,Kolkata,5+ Years,22.09,2025-04-10
2387,Data Analyst,6,Capgemini,Chennai,0-2 Years,11.22,2025-08-13
2388,Data Analyst,5,Deloitte,Delhi NCR,0-2 Years,9.89,2025-11-20
2389,Data Analyst,14,PwC,Chennai,2-5 Years,17.57,2025-03-02
2390,Data Analyst,14,PwC,Kolkata,0-2 Years,12.24,2025-07-16
2391,Data Analyst,2,Infosys,Jaipur,Fresher,4.78,2025-08-03
2392,Data Analyst,11,Amazon,Mumbai,2-5 Years,16.38,2025-10-25
2393,Data Analyst,13,Flipkart,Delhi NCR,Fresher,5.2,2025-12-18
2394,Data Analyst,4,Accenture,Pune,2-5 Years,15.72,2025-11-23
2395,Data Analyst,6,Capgemini,Bangalore,0-2 Years,12.9,2025-06-26
2396,Data Analyst,1,TCS,Mumbai,0-2 Years,10.76,2025-10-27
2397,Data Analyst,13,Flipkart,Delhi NCR,0-2 Years,9.89,2025-07-25
2398,Data Analyst,14,PwC,Chennai,Fresher,6.3,2025-07-21
2399,Data Analyst,9,HCL,Jaipur,0-2 Years,11.25,2025-12-22
2400,Data Analyst,12,Microsoft,Jaipur,5+ Years,23.08,2025-10-17
2401,Data Analyst,15,KPMG,Bangalore,0-2 Years,12.13,2025-11-15
2402,Data Analyst,10,Tech Mahindra,Kolkata,0-2 Years,11.21,2025-10-30
2403,Data Analyst,13,Flipkart,Mumbai,Fresher,7.84,2025-06-04
2404,Data Analyst,9,HCL,Chennai,2-5 Years,16.17,2025-02-19
2405,Data Analyst,9,HCL,Chennai,0-2 Years,13.51,2025-08-17
2406,Data Analyst,14,PwC,Hyderabad,5+ Years,25.61,2025-03-19
2407,Data Analyst,10,Tech Mahindra,Mumbai,Fresher,6.94,2025-04-17
2408,Data Analyst,10,Tech Mahindra,Ahmedabad,0-2 Years,12.0,2025-11-11
2409,Data Analyst,14,PwC,Chennai,0-2 Years,12.47,2025-11-04
2410,Data Analyst,14,PwC,Hyderabad,Fresher,6.62,2025-05-26
2411,Data Analyst,3,Wipro,Jaipur,2-5 Years,16.98,2025-09-07
2412,Data Analyst,15,KPMG,Pune,2-5 Years,18.35,2025-12-11
2413,Data Analyst,15,KPMG,Delhi NCR,0-2 Years,9.65,2025-07-19
2414,Data Analyst,12,Microsoft,Jaipur,2-5 Years,14.9,2025-12-28
2415,Data Analyst,4,Accenture,Mumbai,0-2 Years,13.72,2025-09-03
2416,Data Analyst,1,TCS,Jaipur,Fresher,7.33,2025-07-01
2417,Data Analyst,13,Flipkart,Chennai,2-5 Years,17.16,2025-09-06
2418,Data Analyst,12,Microsoft,Pune,2-5 Years,16.91,2025-11-10
2419,Data Analyst,12,Microsoft,Hyderabad,2-5 Years,17.47,2025-07-19
2420,Data Analyst,4,Accenture,Hyderabad,0-2 Years,10.41,2025-05-12
2421,Data Analyst,7,Cognizant,Bangalore,2-5 Years,19.26,2025-06-21
2422,Data Analyst,1,TCS,Kolkata,5+ Years,24.4,2025-07-17
2423,Data Analyst,2,Infosys,Hyderabad,Fresher,7.72,2025-07-01
2424,Data Analyst,8,IBM,Mumbai,0-2 Years,12.45,2025-12-15
2425,Data Analyst,1,TCS,Hyderabad,0-2 Years,10.16,2025-01-20
2426,Data Analyst,14,PwC,Delhi NCR,5+ Years,23.62,2025-01-08
2427,Data Analyst,10,Tech Mahindra,Mumbai,2-5 Years,18.19,2025-06-27
2428,Data Analyst,13,Flipkart,Jaipur,0-2 Years,10.93,2025-05-31
2429,Data Analyst,5,Deloitte,Chennai,2-5 Years,17.85,2025-12-23
2430,Data Analyst,13,Flipkart,Kolkata,0-2 Years,10.6,2025-03-22
2431,Data Analyst,4,Accenture,Delhi NCR,2-5 Years,16.68,2025-12-23
2432,Data Analyst,11,Amazon,Bangalore,2-5 Years,16.78,2025-10-19
2433,Data Analyst,2,Infosys,Pune,0-2 Years,11.47,2025-04-23
2434,Data Analyst,13,Flipkart,Mumbai,2-5 Years,17.29,2025-03-23
2435,Data Analyst,15,KPMG,Bangalore,0-2 Years,13.27,2025-08-25
2436,Data Analyst,13,Flipkart,Pune,2-5 Years,16.06,2025-02-08
2437,Data Analyst,15,KPMG,Chennai,2-5 Years,16.34,2025-01-01
2438,Data Analyst,1,TCS,Jaipur,5+ Years,23.99,2025-11-25
2439,Data Analyst,2,Infosys,Jaipur,0-2 Years,10.48,2025-04-14
2440,Data Analyst,1,TCS,Ahmedabad,2-5 Years,14.07,2025-04-16
2441,Data Analyst,10,Tech Mahindra,Mumbai,0-2 Years,14.6,2025-04-23
2442,Data Analyst,13,Flipkart,Hyderabad,0-2 Years,13.66,2025-06-07
2443,Data Analyst,2,Infosys,Hyderabad,5+ Years,22.45,2025-04-05
2444,Data Analyst,14,PwC,Delhi NCR,0-2 Years,11.83,2025-11-21
2445,Data Analyst,5,Deloitte,Hyderabad,0-2 Years,11.4,2025-01-22
2446,Data Analyst,2,Infosys,Kolkata,2-5 Years,16.32,2025-09-27
2447,Data Analyst,5,Deloitte,Mumbai,5+ Years,24.85,2025-11-02
2448,Data Analyst,13,Flipkart,Chennai,5+ Years,23.22,2025-10-15
2449,Data Analyst,15,KPMG,Hyderabad,0-2 Years,11.06,2025-05-28
2450,Data Analyst,10,Tech Mahindra,Ahmedabad,0-2 Years,10.17,2025-03-24
2451,Data Analyst,7,Cognizant,Bangalore,Fresher,7.9,2025-07-26
2452,Data Analyst,6,Capgemini,Pune,2-5 Years,15.5,2025-05-15
2453,Data Analyst,6,Capgemini,Delhi NCR,2-5 Years,15.92,2025-07-07
2454,Data Analyst,2,Infosys,Bangalore,2-5 Years,17.14,2025-10-12
2455,Data Analyst,11,Amazon,Mumbai,0-2 Years,13.32,2025-01-24
2456,Data Analyst,5,Deloitte,Chennai,0-2 Years,13.28,2025-11-23
2457,Data Analyst,14,PwC,Bangalore,Fresher,8.3,2025-08-18
2458,Data Analyst,1,TCS,Mumbai,Fresher,8.79,2025-12-22
2459,Data Analyst,2,Infosys,Bangalore,0-2 Years,13.6,2025-12-13
2460,Data Analyst,2,Infosys,Mumbai,0-2 Years,13.07,2025-04-08
2461,Data Analyst,15,KPMG,Delhi NCR,Fresher,7.09,2025-02-07
2462,Data Analyst,12,Microsoft,Delhi NCR,0-2 Years,11.89,2025-11-17
2463,Data Analyst,5,Deloitte,Hyderabad,2-5 Years,17.58,2025-04-27
2464,Data Analyst,2,Infosys,Chennai,5+ Years,22.01,2025-02-28
2465,Data Analyst,10,Tech Mahindra,Pune,0-2 Years,12.54,2025-04-18
2466,Data Analyst,10,Tech Mahindra,Pune,2-5 Years,17.56,2025-10-29
2467,Data Analyst,3,Wipro,Bangalore,2-5 Years,17.08,2025-11-12
2468,Data Analyst,3,Wipro,Hyderabad,5+ Years,24.05,2025-04-14
2469,Data Analyst,11,Amazon,Ahmedabad,0-2 Years,11.82,2025-03-12
2470,Data Analyst,7,Cognizant,Chennai,2-5 Years,16.25,2025-12-13
2471,Data Analyst,15,KPMG,Bangalore,2-5 Years,19.29,2025-10-13
2472,Data Analyst,11,Amazon,Pune,2-5 Years,19.34,2025-12-26
2473,Data Analyst,15,KPMG,Pune,Fresher,6.56,2025-07-07
2474,Data Analyst,8,IBM,Kolkata,0-2 Years,9.34,2025-01-07
2475,Data Analyst,2,Infosys,Mumbai,0-2 Years,12.86,2025-08-22
2476,Data Analyst,5,Deloitte,Bangalore,2-5 Years,18.87,2025-08-07
2477,Data Analyst,5,Deloitte,Hyderabad,Fresher,7.72,2025-01-09
2478,Data Analyst,5,Deloitte,Mumbai,0-2 Years,14.24,2025-09-25
2479,Data Analyst,8,IBM,Bangalore,0-2 Years,11.39,2025-10-04
2480,Data Analyst,15,KPMG,Bangalore,Fresher,9.83,2025-02-07
2481,Data Analyst,7,Cognizant,Bangalore,0-2 Years,12.27,2025-12-15
2482,Data Analyst,11,Amazon,Pune,2-5 Years,18.56,2025-05-10
2483,Data Analyst,2,Infosys,Bangalore,0-2 Years,15.39,2025-11-27
2484,Data Analyst,5,Deloitte,Hyderabad,5+ Years,23.08,2025-08-30
2485,Data Analyst,8,IBM,Hyderabad,0-2 Years,11.34,2025-08-28
2486,Data Analyst,5,Deloitte,Ahmedabad,2-5 Years,17.03,2025-10-21
2487,Data Analyst,10,Tech Mahindra,Chennai,0-2 Years,11.04,2025-10-22
2488,Data Analyst,12,Microsoft,Delhi NCR,2-5 Years,15.95,2025-08-19
2489,Data Analyst,8,IBM,Delhi NCR,2-5 Years,16.03,2025-03-02
2490,Data Analyst,15,KPMG,Chennai,5+ Years,21.2,2025-02-18
2491,Data Analyst,2,Infosys,Mumbai,Fresher,8.48,2025-02-26
2492,Data Analyst,10,Tech Mahindra,Ahmedabad,Fresher,6.17,2025-07-27
2493,Data Analyst,14,PwC,Hyderabad,2-5 Years,16.41,2025-12-25
2494,Data Analyst,5,Deloitte,Mumbai,Fresher,10.23,2025-05-18
2495,Data Analyst,13,Flipkart,Ahmedabad,0-2 Years,9.49,2025-07-12
2496,Data Analyst,1,TCS,Mumbai,2-5 Years,18.48,2025-10-30
2497,Data Analyst,5,Deloitte,Chennai,5+ Years,23.17,2025-12-04
2498,Data Analyst,12,Microsoft,Jaipur,0-2 Years,10.66,2025-04-24
2499,Data Analyst,13,Flipkart,Mumbai,0-2 Years,13.45,2025-12-09
2500,Data Analyst,5,Deloitte,Ahmedabad,5+ Years,23.41,2025-08-24
2501,Data Analyst,3,Wipro,Delhi NCR,2-5 Years,16.68,2025-01-01
2502,Data Analyst,6,Capgemini,Bangalore,2-5 Years,19.16,2025-07-28
2503,Data Analyst,14,PwC,Hyderabad,0-2 Years,11.6,2025-02-12
2504,Data Analyst,13,Flipkart,Chennai,2-5 Years,15.77,2025-01-26
2505,Data Analyst,12,Microsoft,Mumbai,0-2 Years,11.2,2025-07-20
2506,Data Analyst,13,Flipkart,Bangalore,0-2 Years,12.01,2025-04-03
2507,Data Analyst,14,PwC,Jaipur,2-5 Years,19.54,2025-12-07
2508,Data Analyst,9,HCL,Bangalore,Fresher,10.49,2025-07-26
2509,Data Analyst,3,Wipro,Hyderabad,Fresher,6.38,2025-08-14
2510,Data Analyst,1,TCS,Ahmedabad,0-2 Years,9.41,2025-05-22
2511,Data Analyst,6,Capgemini,Pune,0-2 Years,12.08,2025-04-13
2512,Data Analyst,15,KPMG,Chennai,2-5 Years,17.16,2025-06-09
2513,Data Analyst,14,PwC,Delhi NCR,2-5 Years,16.66,2025-12-28
2514,Data Analyst,4,Accenture,Mumbai,0-2 Years,12.19,2025-02-11
2515,Data Analyst,6,Capgemini,Mumbai,0-2 Years,12.35,2025-12-19
2516,Data Analyst,10,Tech Mahindra,Mumbai,Fresher,8.89,2025-08-24
2517,Data Analyst,6,Capgemini,Jaipur,2-5 Years,16.1,2025-08-24
2518,Data Analyst,1,TCS,Bangalore,2-5 Years,15.34,2025-01-25
2519,Data Analyst,4,Accenture,Delhi NCR,Fresher,6.72,2025-06-24
2520,Data Analyst,10,Tech Mahindra,Delhi NCR,5+ Years,21.98,2025-09-08
2521,Data Analyst,13,Flipkart,Chennai,5+ Years,23.71,2025-04-04
2522,Data Analyst,4,Accenture,Pune,0-2 Years,15.08,2025-04-02
2523,Data Analyst,7,Cognizant,Bangalore,0-2 Years,13.44,2025-10-02
2524,Data Analyst,8,IBM,Kolkata,0-2 Years,10.62,2025-08-10
2525,Data Analyst,4,Accenture,Pune,0-2 Years,12.61,2025-07-07
2526,Data Analyst,8,IBM,Mumbai,2-5 Years,18.08,2025-09-20
2527,Data Analyst,3,Wipro,Delhi NCR,0-2 Years,11.5,2025-02-20
2528,Data Analyst,2,Infosys,Bangalore,0-2 Years,13.73,2025-10-27
2529,Data Analyst,9,HCL,Mumbai,2-5 Years,19.97,2025-02-06
2530,Data Analyst,15,KPMG,Chennai,2-5 Years,15.14,2025-07-30
2531,Data Analyst,11,Amazon,Bangalore,2-5 Years,18.57,2025-04-10
2532,Data Analyst,13,Flipkart,Chennai,2-5 Years,15.39,2025-09-16
2533,Data Analyst,2,Infosys,Jaipur,0-2 Years,11.67,2025-11-09
2534,Data Analyst,14,PwC,Jaipur,2-5 Years,14.9,2025-01-16
2535,Data Analyst,3,Wipro,Delhi NCR,Fresher,6.5,2025-09-07
2536,Data Analyst,4,Accenture,Pune,0-2 Years,11.15,2025-06-16
2537,Data Analyst,14,PwC,Delhi NCR,0-2 Years,12.17,2025-05-09
2538,Data Analyst,15,KPMG,Pune,0-2 Years,12.6,2025-03-24
2539,Data Analyst,5,Deloitte,Ahmedabad,2-5 Years,14.51,2025-05-30
2540,Data Analyst,15,KPMG,Pune,2-5 Years,16.57,2025-01-09
2541,Data Analyst,12,Microsoft,Mumbai,2-5 Years,16.65,2025-11-19
2542,Data Analyst,6,Capgemini,Chennai,0-2 Years,9.99,2025-08-10
2543,Data Analyst,13,Flipkart,Mumbai,0-2 Years,12.24,2025-07-10
2544,Data Analyst,7,Cognizant,Mumbai,Fresher,8.13,2025-01-14
2545,Data Analyst,1,TCS,Chennai,2-5 Years,19.41,2025-11-14
2546,Data Analyst,6,Capgemini,Delhi NCR,0-2 Years,11.52,2025-09-27
2547,Data Analyst,2,Infosys,Ahmedabad,Fresher,5.35,2025-01-09
2548,Data Analyst,3,Wipro,Kolkata,Fresher,6.32,2025-07-31
2549,Data Analyst,5,Deloitte,Ahmedabad,0-2 Years,12.23,2025-03-02
2550,Data Analyst,1,TCS,Kolkata,2-5 Years,18.51,2025-03-30
2551,Data Analyst,8,IBM,Hyderabad,Fresher,6.1,2025-11-13
2552,Data Analyst,1,TCS,Bangalore,0-2 Years,10.74,2025-11-27
2553,Data Analyst,13,Flipkart,Delhi NCR,0-2 Years,13.25,2025-10-01
2554,Data Analyst,8,IBM,Jaipur,2-5 Years,16.47,2025-02-15
2555,Data Analyst,1,TCS,Bangalore,2-5 Years,16.96,2025-03-12
2556,Data Analyst,1,TCS,Pune,0-2 Years,12.14,2025-10-20
2557,Data Analyst,1,TCS,Kolkata,0-2 Years,7.84,2025-08-01
2558,Data Analyst,11,Amazon,Hyderabad,0-2 Years,12.0,2025-06-30
2559,Data Analyst,12,Microsoft,Mumbai,2-5 Years,17.89,2025-05-22
2560,Data Analyst,1,TCS,Chennai,Fresher,8.61,2025-12-31
2561,Data Analyst,8,IBM,Kolkata,0-2 Years,9.78,2025-02-06
2562,Data Analyst,11,Amazon,Chennai,2-5 Years,16.6,2025-03-19
2563,Data Analyst,9,HCL,Bangalore,0-2 Years,11.89,2025-01-17
2564,Data Analyst,5,Deloitte,Ahmedabad,0-2 Years,11.31,2025-02-28
2565,Data Analyst,8,IBM,Chennai,2-5 Years,15.43,2025-12-04
2566,Data Analyst,3,Wipro,Kolkata,2-5 Years,15.51,2025-11-22
2567,Data Analyst,11,Amazon,Jaipur,2-5 Years,14.81,2025-01-21
2568,Data Analyst,8,IBM,Ahmedabad,2-5 Years,16.78,2025-11-06
2569,Data Analyst,1,TCS,Pune,0-2 Years,12.53,2025-07-30
2570,Data Analyst,10,Tech Mahindra,Pune,2-5 Years,16.22,2025-04-30
2571,Data Analyst,4,Accenture,Bangalore,2-5 Years,18.05,2025-07-19
2572,Data Analyst,2,Infosys,Pune,2-5 Years,14.76,2025-01-13
2573,Data Analyst,9,HCL,Hyderabad,0-2 Years,11.64,2025-06-07
2574,Data Analyst,12,Microsoft,Delhi NCR,2-5 Years,15.94,2025-05-27
2575,Data Analyst,12,Microsoft,Ahmedabad,2-5 Years,19.14,2025-07-23
2576,Data Analyst,13,Flipkart,Chennai,Fresher,6.17,2025-03-30
2577,Data Analyst,11,Amazon,Chennai,0-2 Years,13.26,2025-10-23
2578,Data Analyst,2,Infosys,Ahmedabad,Fresher,8.2,2025-01-31
2579,Data Analyst,8,IBM,Delhi NCR,5+ Years,23.34,2025-07-03
2580,Data Analyst,11,Amazon,Hyderabad,5+ Years,26.11,2025-12-26
2581,Data Analyst,3,Wipro,Ahmedabad,0-2 Years,11.45,2025-08-27
2582,Data Analyst,1,TCS,Ahmedabad,2-5 Years,16.47,2025-07-27
2583,Data Analyst,15,KPMG,Bangalore,2-5 Years,17.94,2025-03-07
2584,Data Analyst,13,Flipkart,Mumbai,2-5 Years,18.97,2025-04-16
2585,Data Analyst,2,Infosys,Pune,5+ Years,24.82,2025-10-30
2586,Data Analyst,5,Deloitte,Ahmedabad,5+ Years,22.25,2025-07-14
2587,Data Analyst,4,Accenture,Hyderabad,0-2 Years,10.42,2025-03-09
2588,Data Analyst,1,TCS,Bangalore,0-2 Years,12.76,2025-03-25
2589,Data Analyst,14,PwC,Bangalore,0-2 Years,12.04,2025-11-29
2590,Data Analyst,8,IBM,Mumbai,0-2 Years,12.42,2025-12-28
2591,Data Analyst,8,IBM,Mumbai,2-5 Years,18.98,2025-08-20
2592,Data Analyst,13,Flipkart,Delhi NCR,2-5 Years,15.45,2025-11-21
2593,Data Analyst,8,IBM,Hyderabad,Fresher,7.95,2025-10-02
2594,Data Analyst,12,Microsoft,Hyderabad,0-2 Years,12.07,2025-03-14
2595,Data Analyst,4,Accenture,Bangalore,0-2 Years,14.02,2025-02-26
2596,Data Analyst,3,Wipro,Jaipur,0-2 Years,8.3,2025-12-09
2597,Data Analyst,13,Flipkart,Delhi NCR,0-2 Years,10.27,2025-04-27
2598,Data Analyst,2,Infosys,Ahmedabad,5+ Years,23.25,2025-01-13
2599,Data Analyst,13,Flipkart,Ahmedabad,2-5 Years,17.44,2025-05-23
2600,Data Analyst,7,Cognizant,Mumbai,2-5 Years,16.91,2025-01-01
2601,Data Analyst,8,IBM,Chennai,0-2 Years,9.25,2025-11-29
2602,Data Analyst,7,Cognizant,Bangalore,2-5 Years,18.74,2025-07-21
2603,Data Analyst,13,Flipkart,Ahmedabad,2-5 Years,15.24,2025-02-18
2604,Data Analyst,5,Deloitte,Delhi NCR,2-5 Years,14.57,2025-01-06
2605,Data Analyst,7,Cognizant,Mumbai,0-2 Years,11.75,2025-05-08
2606,Data Analyst,4,Accenture,Kolkata,0-2 Years,10.78,2025-09-25
2607,Data Analyst,9,HCL,Delhi NCR,5+ Years,22.27,2025-09-27
2608,Data Analyst,4,Accenture,Jaipur,2-5 Years,13.35,2025-06-05
2609,Data Analyst,4,Accenture,Kolkata,0-2 Years,12.08,2025-04-26
2610,Data Analyst,6,Capgemini,Hyderabad,5+ Years,25.53,2025-05-04
2611,Data Analyst,6,Capgemini,Kolkata,0-2 Years,11.78,2025-07-17
2612,Data Analyst,5,Deloitte,Bangalore,0-2 Years,11.63,2025-01-15
2613,Data Analyst,2,Infosys,Hyderabad,Fresher,7.76,2025-05-27
2614,Data Analyst,15,KPMG,Kolkata,2-5 Years,15.99,2025-07-19
2615,Data Analyst,14,PwC,Pune,0-2 Years,12.22,2025-10-19
2616,Data Analyst,12,Microsoft,Jaipur,0-2 Years,11.8,2025-09-04
2617,Data Analyst,4,Accenture,Bangalore,2-5 Years,17.12,2025-10-30
2618,Data Analyst,2,Infosys,Mumbai,2-5 Years,17.6,2025-03-05
2619,Data Analyst,6,Capgemini,Bangalore,Fresher,9.55,2025-06-29
2620,Data Analyst,9,HCL,Jaipur,0-2 Years,12.75,2025-07-12
2621,Data Analyst,14,PwC,Delhi NCR,0-2 Years,11.85,2025-06-24
2622,Data Analyst,8,IBM,Bangalore,0-2 Years,13.95,2025-08-09
2623,Data Analyst,11,Amazon,Pune,2-5 Years,16.6,2025-03-21
2624,Data Analyst,9,HCL,Hyderabad,0-2 Years,13.69,2025-10-26
2625,Data Analyst,15,KPMG,Bangalore,Fresher,9.49,2025-06-01
2626,Data Analyst,9,HCL,Mumbai,0-2 Years,11.47,2025-12-31
2627,Data Analyst,7,Cognizant,Jaipur,0-2 Years,12.68,2025-08-03
2628,Data Analyst,8,IBM,Jaipur,Fresher,7.84,2025-04-09
2629,Data Analyst,6,Capgemini,Kolkata,2-5 Years,15.47,2025-12-25
2630,Data Analyst,14,PwC,Kolkata,Fresher,6.42,2025-03-16
2631,Data Analyst,13,Flipkart,Kolkata,0-2 Years,11.36,2025-01-07
2632,Data Analyst,4,Accenture,Jaipur,Fresher,7.56,2025-03-07
2633,Data Analyst,15,KPMG,Hyderabad,Fresher,8.24,2025-12-13
2634,Data Analyst,4,Accenture,Mumbai,2-5 Years,17.87,2025-11-03
2635,Data Analyst,2,Infosys,Ahmedabad,0-2 Years,13.04,2025-12-13
2636,Data Analyst,10,Tech Mahindra,Pune,2-5 Years,17.79,2025-06-13
2637,Data Analyst,12,Microsoft,Hyderabad,5+ Years,24.23,2025-05-13
2638,Data Analyst,7,Cognizant,Chennai,0-2 Years,12.63,2025-01-18
2639,Data Analyst,11,Amazon,Hyderabad,Fresher,6.76,2025-02-13
2640,Data Analyst,7,Cognizant,Delhi NCR,2-5 Years,16.48,2025-11-21
2641,Data Analyst,13,Flipkart,Mumbai,0-2 Years,14.67,2025-09-07
2642,Data Analyst,5,Deloitte,Ahmedabad,0-2 Years,10.74,2025-11-19
2643,Data Analyst,7,Cognizant,Delhi NCR,2-5 Years,14.98,2025-12-07
2644,Data Analyst,10,Tech Mahindra,Kolkata,5+ Years,22.22,2025-06-22
2645,Data Analyst,12,Microsoft,Ahmedabad,2-5 Years,14.69,2025-07-28
2646,Data Analyst,2,Infosys,Chennai,2-5 Years,15.56,2025-04-11
2647,Data Analyst,13,Flipkart,Ahmedabad,Fresher,6.56,2025-01-04
2648,Data Analyst,12,Microsoft,Ahmedabad,2-5 Years,14.31,2025-03-23
2649,Data Analyst,9,HCL,Chennai,2-5 Years,16.52,2025-12-21
2650,Data Analyst,2,Infosys,Bangalore,2-5 Years,19.08,2025-01-30
2651,Data Analyst,6,Capgemini,Mumbai,0-2 Years,11.41,2025-12-18
2652,Data Analyst,12,Microsoft,Pune,0-2 Years,13.32,2025-12-10
2653,Data Analyst,14,PwC,Delhi NCR,2-5 Years,16.61,2025-10-02
2654,Data Analyst,7,Cognizant,Bangalore,Fresher,10.24,2025-04-17
2655,Data Analyst,15,KPMG,Ahmedabad,2-5 Years,15.21,2025-04-28
2656,Data Analyst,11,Amazon,Jaipur,2-5 Years,17.03,2025-01-20
2657,Data Analyst,9,HCL,Mumbai,2-5 Years,16.19,2025-11-16
2658,Data Analyst,13,Flipkart,Jaipur,2-5 Years,17.07,2025-04-11
2659,Data Analyst,5,Deloitte,Jaipur,5+ Years,23.21,2025-08-29
2660,Data Analyst,15,KPMG,Mumbai,0-2 Years,13.16,2025-03-10
2661,Data Analyst,9,HCL,Delhi NCR,0-2 Years,9.59,2025-12-28
2662,Data Analyst,9,HCL,Hyderabad,2-5 Years,15.93,2025-05-18
2663,Data Analyst,7,Cognizant,Pune,0-2 Years,12.22,2025-12-15
2664,Data Analyst,1,TCS,Hyderabad,2-5 Years,15.86,2025-04-16
2665,Data Analyst,2,Infosys,Delhi NCR,0-2 Years,11.56,2025-02-01
2666,Data Analyst,9,HCL,Kolkata,Fresher,5.36,2025-10-21
2667,Data Analyst,9,HCL,Hyderabad,2-5 Years,18.02,2025-12-08
2668,Data Analyst,13,Flipkart,Bangalore,2-5 Years,16.52,2025-04-02
2669,Data Analyst,2,Infosys,Jaipur,0-2 Years,11.66,2025-01-30
2670,Data Analyst,8,IBM,Chennai,2-5 Years,17.25,2025-02-23
2671,Data Analyst,9,HCL,Jaipur,Fresher,6.16,2025-05-25
2672,Data Analyst,14,PwC,Jaipur,0-2 Years,11.7,2025-08-29
2673,Data Analyst,9,HCL,Jaipur,2-5 Years,16.31,2025-12-20
2674,Data Analyst,6,Capgemini,Bangalore,0-2 Years,12.35,2025-07-07
2675,Data Analyst,12,Microsoft,Bangalore,0-2 Years,11.79,2025-12-07
2676,Data Analyst,11,Amazon,Delhi NCR,5+ Years,20.64,2025-12-12
2677,Data Analyst,7,Cognizant,Chennai,2-5 Years,16.92,2025-08-04
2678,Data Analyst,5,Deloitte,Delhi NCR,5+ Years,21.12,2025-09-25
2679,Data Analyst,1,TCS,Jaipur,Fresher,7.11,2025-05-03
2680,Data Analyst,3,Wipro,Chennai,0-2 Years,11.18,2025-05-04
2681,Data Analyst,4,Accenture,Chennai,0-2 Years,12.31,2025-12-02
2682,Data Analyst,8,IBM,Delhi NCR,2-5 Years,15.64,2025-11-17
2683,Data Analyst,6,Capgemini,Delhi NCR,0-2 Years,10.6,2025-10-28
2684,Data Analyst,5,Deloitte,Hyderabad,5+ Years,24.88,2025-10-09
2685,Data Analyst,7,Cognizant,Kolkata,5+ Years,23.4,2025-05-20
2686,Data Analyst,7,Cognizant,Mumbai,0-2 Years,12.88,2025-05-28
2687,Data Analyst,9,HCL,Delhi NCR,2-5 Years,16.56,2025-02-04
2688,Data Analyst,9,HCL,Pune,0-2 Years,9.66,2025-08-28
2689,Data Analyst,10,Tech Mahindra,Pune,2-5 Years,17.41,2025-10-24
2690,Data Analyst,1,TCS,Delhi NCR,5+ Years,23.73,2025-05-29
2691,Data Analyst,15,KPMG,Pune,0-2 Years,10.28,2025-08-12
2692,Data Analyst,4,Accenture,Delhi NCR,0-2 Years,10.71,2025-09-29
2693,Data Analyst,15,KPMG,Hyderabad,0-2 Years,11.95,2025-03-26
2694,Data Analyst,2,Infosys,Kolkata,2-5 Years,15.84,2025-01-12
2695,Data Analyst,12,Microsoft,Hyderabad,2-5 Years,17.4,2025-03-04
2696,Data Analyst,10,Tech Mahindra,Kolkata,2-5 Years,17.72,2025-08-21
2697,Data Analyst,10,Tech Mahindra,Delhi NCR,0-2 Years,12.3,2025-04-05
2698,Data Analyst,1,TCS,Hyderabad,0-2 Years,10.43,2025-05-26
2699,Data Analyst,10,Tech Mahindra,Kolkata,0-2 Years,11.75,2025-03-15
2700,Data Analyst,13,Flipkart,Delhi NCR,2-5 Years,17.59,2025-12-21
2701,Data Analyst,9,HCL,Kolkata,0-2 Years,11.46,2025-12-28
2702,Data Analyst,1,TCS,Jaipur,Fresher,8.31,2025-07-22
2703,Data Analyst,9,HCL,Hyderabad,0-2 Years,14.41,2025-11-17
2704,Data Analyst,14,PwC,Pune,2-5 Years,17.73,2025-03-16
2705,Data Analyst,12,Microsoft,Chennai,0-2 Years,11.8,2025-01-05
2706,Data Analyst,13,Flipkart,Ahmedabad,0-2 Years,12.25,2025-11-08
2707,Data Analyst,4,Accenture,Kolkata,0-2 Years,11.17,2025-10-07
2708,Data Analyst,11,Amazon,Chennai,0-2 Years,11.53,2025-09-09
2709,Data Analyst,14,PwC,Mumbai,0-2 Years,12.08,2025-08-07
2710,Data Analyst,5,Deloitte,Hyderabad,2-5 Years,18.88,2025-08-29
2711,Data Analyst,8,IBM,Chennai,2-5 Years,15.52,2025-11-21
2712,Data Analyst,7,Cognizant,Ahmedabad,2-5 Years,17.84,2025-05-26
2713,Data Analyst,6,Capgemini,Hyderabad,Fresher,8.6,2025-07-05
2714,Data Analyst,11,Amazon,Kolkata,0-2 Years,9.32,2025-03-23
2715,Data Analyst,2,Infosys,Kolkata,Fresher,7.44,2025-01-04
2716,Data Analyst,2,Infosys,Jaipur,0-2 Years,8.48,2025-05-15
2717,Data Analyst,15,KPMG,Mumbai,2-5 Years,18.25,2025-06-21
2718,Data Analyst,15,KPMG,Jaipur,2-5 Years,17.06,2025-03-26
2719,Data Analyst,1,TCS,Bangalore,2-5 Years,17.29,2025-08-14
2720,Data Analyst,10,Tech Mahindra,Bangalore,Fresher,9.15,2025-10-07
2721,Data Analyst,14,PwC,Chennai,0-2 Years,13.84,2025-09-09
2722,Data Analyst,15,KPMG,Mumbai,Fresher,7.89,2025-10-15
2723,Data Analyst,11,Amazon,Kolkata,Fresher,5.73,2025-10-10
2724,Data Analyst,2,Infosys,Bangalore,Fresher,10.78,2025-02-06
2725,Data Analyst,9,HCL,Kolkata,2-5 Years,18.36,2025-12-31
2726,Data Analyst,15,KPMG,Pune,Fresher,7.5,2025-06-21
2727,Data Analyst,14,PwC,Kolkata,0-2 Years,12.21,2025-08-25
2728,Data Analyst,1,TCS,Hyderabad,5+ Years,25.61,2025-06-22
2729,Data Analyst,1,TCS,Ahmedabad,2-5 Years,15.11,2025-06-22
2730,Data Analyst,3,Wipro,Ahmedabad,Fresher,6.42,2025-10-05
2731,Data Analyst,14,PwC,Pune,2-5 Years,17.98,2025-04-29
2732,Data Analyst,13,Flipkart,Delhi NCR,0-2 Years,13.02,2025-04-28
2733,Data Analyst,12,Microsoft,Chennai,2-5 Years,17.18,2025-03-03
2734,Data Analyst,1,TCS,Pune,2-5 Years,15.44,2025-12-28
2735,Data Analyst,9,HCL,Bangalore,0-2 Years,15.38,2025-10-07
2736,Data Analyst,5,Deloitte,Chennai,0-2 Years,10.86,2025-06-28
2737,Data Analyst,7,Cognizant,Delhi NCR,0-2 Years,10.6,2025-09-27
2738,Data Analyst,1,TCS,Hyderabad,0-2 Years,12.41,2025-01-31
2739,Data Analyst,15,KPMG,Bangalore,2-5 Years,19.86,2025-06-07
2740,Data Analyst,1,TCS,Chennai,2-5 Years,17.52,2025-01-19
2741,Data Analyst,10,Tech Mahindra,Ahmedabad,Fresher,7.5,2025-03-31
2742,Data Analyst,15,KPMG,Jaipur,0-2 Years,11.56,2025-09-28
2743,Data Analyst,13,Flipkart,Kolkata,Fresher,7.05,2025-05-01
2744,Data Analyst,5,Deloitte,Ahmedabad,0-2 Years,11.67,2025-11-23
2745,Data Analyst,13,Flipkart,Jaipur,2-5 Years,12.96,2025-04-27
2746,Data Analyst,14,PwC,Chennai,2-5 Years,16.14,2025-12-08
2747,Data Analyst,4,Accenture,Bangalore,5+ Years,25.29,2025-10-28
2748,Data Analyst,5,Deloitte,Chennai,2-5 Years,15.12,2025-03-23
2749,Data Analyst,2,Infosys,Chennai,0-2 Years,11.96,2025-03-08
2750,Data Analyst,1,TCS,Mumbai,0-2 Years,12.25,2025-11-19
2751,Data Analyst,12,Microsoft,Kolkata,5+ Years,25.11,2025-02-20
2752,Data Analyst,11,Amazon,Chennai,2-5 Years,18.39,2025-08-15
2753,Data Analyst,8,IBM,Ahmedabad,0-2 Years,10.44,2025-10-27
2754,Data Analyst,12,Microsoft,Pune,2-5 Years,16.32,2025-11-10
2755,Data Analyst,5,Deloitte,Pune,0-2 Years,11.41,2025-01-02
2756,Data Analyst,5,Deloitte,Delhi NCR,5+ Years,22.46,2025-05-10
2757,Data Analyst,12,Microsoft,Pune,2-5 Years,16.73,2025-03-03
2758,Data Analyst,14,PwC,Chennai,5+ Years,22.59,2025-09-17
2759,Data Analyst,12,Microsoft,Kolkata,0-2 Years,9.64,2025-06-30
2760,Data Analyst,2,Infosys,Kolkata,Fresher,7.75,2025-03-03
2761,Data Analyst,8,IBM,Ahmedabad,Fresher,7.76,2025-08-26
2762,Data Analyst,2,Infosys,Delhi NCR,5+ Years,22.03,2025-01-29
2763,Data Analyst,13,Flipkart,Delhi NCR,0-2 Years,12.07,2025-12-28
2764,Data Analyst,3,Wipro,Kolkata,0-2 Years,10.24,2025-12-04
2765,Data Analyst,12,Microsoft,Bangalore,5+ Years,25.3,2025-01-31
2766,Data Analyst,12,Microsoft,Bangalore,5+ Years,25.98,2025-09-20
2767,Data Analyst,14,PwC,Delhi NCR,Fresher,6.96,2025-01-07
2768,Data Analyst,3,Wipro,Mumbai,0-2 Years,13.05,2025-11-05
2769,Data Analyst,14,PwC,Pune,Fresher,6.88,2025-03-01
2770,Data Analyst,13,Flipkart,Ahmedabad,2-5 Years,15.76,2025-12-20
2771,Data Analyst,1,TCS,Bangalore,0-2 Years,12.75,2025-02-21
2772,Data Analyst,9,HCL,Ahmedabad,2-5 Years,15.1,2025-04-01
2773,Data Analyst,7,Cognizant,Chennai,2-5 Years,16.29,2025-04-11
2774,Data Analyst,5,Deloitte,Delhi NCR,0-2 Years,9.14,2025-11-25
2775,Data Analyst,15,KPMG,Pune,0-2 Years,10.91,2025-01-22
2776,Data Analyst,15,KPMG,Delhi NCR,Fresher,6.66,2025-10-29
2777,Data Analyst,4,Accenture,Delhi NCR,Fresher,6.69,2025-03-30
2778,Data Analyst,7,Cognizant,Delhi NCR,0-2 Years,10.71,2025-03-31
2779,Data Analyst,6,Capgemini,Hyderabad,Fresher,7.93,2025-11-15
2780,Data Analyst,6,Capgemini,Bangalore,0-2 Years,13.58,2025-05-23
2781,Data Analyst,11,Amazon,Kolkata,5+ Years,24.05,2025-04-19
2782,Data Analyst,9,HCL,Hyderabad,2-5 Years,16.22,2025-04-01
2783,Data Analyst,9,HCL,Bangalore,Fresher,7.56,2025-04-30
2784,Data Analyst,15,KPMG,Ahmedabad,0-2 Years,9.75,2025-09-11
2785,Data Analyst,9,HCL,Bangalore,0-2 Years,12.42,2025-12-30
2786,Data Analyst,4,Accenture,Pune,0-2 Years,11.08,2025-12-26
2787,Data Analyst,13,Flipkart,Jaipur,0-2 Years,10.08,2025-06-03
2788,Data Analyst,13,Flipkart,Ahmedabad,2-5 Years,14.44,2025-04-15
2789,Data Analyst,8,IBM,Jaipur,Fresher,6.45,2025-04-01
2790,Data Analyst,14,PwC,Kolkata,2-5 Years,16.22,2025-01-17
2791,Data Analyst,7,Cognizant,Delhi NCR,0-2 Years,11.71,2025-02-07
2792,Data Analyst,14,PwC,Delhi NCR,0-2 Years,10.33,2025-01-14
2793,Data Analyst,10,Tech Mahindra,Mumbai,Fresher,8.0,2025-02-28
2794,Data Analyst,14,PwC,Delhi NCR,0-2 Years,9.89,2025-03-06
2795,Data Analyst,7,Cognizant,Jaipur,2-5 Years,15.96,2025-10-07
2796,Data Analyst,4,Accenture,Jaipur,Fresher,5.98,2025-01-04
2797,Data Analyst,11,Amazon,Ahmedabad,0-2 Years,11.69,2025-06-29
2798,Data Analyst,5,Deloitte,Bangalore,0-2 Years,10.86,2025-03-22
2799,Data Analyst,14,PwC,Ahmedabad,0-2 Years,10.57,2025-07-15
2800,Data Analyst,5,Deloitte,Ahmedabad,0-2 Years,11.36,2025-12-11
2801,Data Analyst,10,Tech Mahindra,Chennai,5+ Years,23.72,2025-03-28
2802,Data Analyst,7,Cognizant,Chennai,2-5 Years,19.73,2025-06-17
2803,Data Analyst,11,Amazon,Delhi NCR,Fresher,7.42,2025-05-01
2804,Data Analyst,1,TCS,Hyderabad,2-5 Years,15.8,2025-01-24
2805,Data Analyst,9,HCL,Pune,0-2 Years,11.39,2025-09-07
2806,Data Analyst,9,HCL,Bangalore,2-5 Years,15.87,2025-04-01
2807,Data Analyst,5,Deloitte,Pune,0-2 Years,11.4,2025-06-09
2808,Data Analyst,6,Capgemini,Pune,2-5 Years,15.5,2025-08-28
2809,Data Analyst,11,Amazon,Kolkata,2-5 Years,17.1,2025-03-09
2810,Data Analyst,3,Wipro,Hyderabad,0-2 Years,11.34,2025-01-06
2811,Data Analyst,3,Wipro,Hyderabad,2-5 Years,16.86,2025-10-05
2812,Data Analyst,10,Tech Mahindra,Pune,0-2 Years,10.74,2025-08-19
2813,Data Analyst,15,KPMG,Mumbai,2-5 Years,19.59,2025-08-10
2814,Data Analyst,13,Flipkart,Delhi NCR,Fresher,6.61,2025-06-01
2815,Data Analyst,8,IBM,Bangalore,2-5 Years,20.2,2025-08-09
2816,Data Analyst,8,IBM,Ahmedabad,Fresher,7.98,2025-05-14
2817,Data Analyst,5,Deloitte,Pune,0-2 Years,12.08,2025-04-12
2818,Data Analyst,11,Amazon,Delhi NCR,0-2 Years,11.44,2025-04-13
2819,Data Analyst,11,Amazon,Ahmedabad,2-5 Years,16.47,2025-01-11
2820,Data Analyst,14,PwC,Pune,0-2 Years,9.19,2025-03-26
2821,Data Analyst,14,PwC,Mumbai,2-5 Years,17.17,2025-02-02
2822,Data Analyst,8,IBM,Pune,Fresher,8.51,2025-01-16
2823,Data Analyst,5,Deloitte,Hyderabad,0-2 Years,11.94,2025-07-31
2824,Data Analyst,15,KPMG,Pune,0-2 Years,9.81,2025-12-11
2825,Data Analyst,3,Wipro,Chennai,2-5 Years,16.44,2025-08-02
2826,Data Analyst,12,Microsoft,Delhi NCR,2-5 Years,18.04,2025-01-25
2827,Data Analyst,4,Accenture,Mumbai,2-5 Years,19.0,2025-06-20
2828,Data Analyst,7,Cognizant,Jaipur,Fresher,6.93,2025-01-06
2829,Data Analyst,7,Cognizant,Bangalore,2-5 Years,19.14,2025-01-14
2830,Data Analyst,4,Accenture,Delhi NCR,Fresher,6.56,2025-01-20
2831,Data Analyst,7,Cognizant,Hyderabad,0-2 Years,9.96,2025-06-16
2832,Data Analyst,4,Accenture,Bangalore,2-5 Years,16.89,2025-10-08
2833,Data Analyst,3,Wipro,Jaipur,2-5 Years,17.88,2025-12-10
2834,Data Analyst,4,Accenture,Hyderabad,0-2 Years,11.67,2025-12-26
2835,Data Analyst,5,Deloitte,Jaipur,0-2 Years,10.71,2025-02-13
2836,Data Analyst,3,Wipro,Hyderabad,0-2 Years,11.64,2025-11-16
2837,Data Analyst,12,Microsoft,Pune,Fresher,9.78,2025-04-17
2838,Data Analyst,15,KPMG,Kolkata,0-2 Years,12.95,2025-01-06
2839,Data Analyst,12,Microsoft,Delhi NCR,5+ Years,25.66,2025-12-03
2840,Data Analyst,3,Wipro,Bangalore,2-5 Years,17.81,2025-07-19
2841,Data Analyst,5,Deloitte,Ahmedabad,2-5 Years,16.35,2025-11-08
2842,Data Analyst,11,Amazon,Bangalore,Fresher,7.18,2025-06-05
2843,Data Analyst,4,Accenture,Chennai,5+ Years,25.27,2025-11-20
2844,Data Analyst,10,Tech Mahindra,Ahmedabad,5+ Years,21.6,2025-12-01
2845,Data Analyst,2,Infosys,Jaipur,5+ Years,23.26,2025-02-27
2846,Data Analyst,7,Cognizant,Ahmedabad,5+ Years,21.68,2025-09-10
2847,Data Analyst,14,PwC,Kolkata,Fresher,6.29,2025-01-29
2848,Data Analyst,7,Cognizant,Ahmedabad,Fresher,6.0,2025-02-12
2849,Data Analyst,15,KPMG,Ahmedabad,Fresher,6.27,2025-08-25
2850,Data Analyst,12,Microsoft,Mumbai,2-5 Years,16.85,2025-09-19
2851,Data Analyst,2,Infosys,Kolkata,2-5 Years,15.34,2025-02-18
2852,Data Analyst,15,KPMG,Hyderabad,5+ Years,25.0,2025-04-04
2853,Data Analyst,6,Capgemini,Kolkata,0-2 Years,9.67,2025-03-23
2854,Data Analyst,1,TCS,Chennai,0-2 Years,11.76,2025-10-25
2855,Data Analyst,11,Amazon,Pune,0-2 Years,12.96,2025-07-31
2856,Data Analyst,8,IBM,Chennai,2-5 Years,15.88,2025-05-27
2857,Data Analyst,7,Cognizant,Kolkata,0-2 Years,10.14,2025-02-16
2858,Data Analyst,8,IBM,Jaipur,0-2 Years,10.72,2026-01-01
2859,Data Analyst,15,KPMG,Mumbai,0-2 Years,13.92,2025-12-30
2860,Data Analyst,1,TCS,Jaipur,2-5 Years,16.23,2025-10-16
2861,Data Analyst,5,Deloitte,Mumbai,2-5 Years,16.86,2025-10-07
2862,Data Analyst,11,Amazon,Pune,0-2 Years,12.08,2025-02-12
2863,Data Analyst,5,Deloitte,Mumbai,0-2 Years,11.18,2025-06-09
2864,Data Analyst,2,Infosys,Ahmedabad,2-5 Years,16.82,2025-10-18
2865,Data Analyst,5,Deloitte,Kolkata,0-2 Years,11.49,2025-04-22
2866,Data Analyst,5,Deloitte,Ahmedabad,2-5 Years,15.63,2025-12-25
2867,Data Analyst,8,IBM,Bangalore,Fresher,7.99,2025-09-01
2868,Data Analyst,4,Accenture,Chennai,0-2 Years,10.44,2025-12-19
2869,Data Analyst,2,Infosys,Bangalore,5+ Years,25.64,2025-06-04
2870,Data Analyst,3,Wipro,Chennai,2-5 Years,17.97,2025-04-26
2871,Data Analyst,13,Flipkart,Delhi NCR,Fresher,6.24,2025-11-19
2872,Data Analyst,5,Deloitte,Mumbai,Fresher,9.05,2025-12-16
2873,Data Analyst,13,Flipkart,Hyderabad,0-2 Years,9.5,2025-11-10
2874,Data Analyst,13,Flipkart,Delhi NCR,2-5 Years,15.3,2025-04-02
2875,Data Analyst,15,KPMG,Chennai,Fresher,7.46,2025-07-06
2876,Data Analyst,10,Tech Mahindra,Kolkata,Fresher,5.91,2025-03-21
2877,Data Analyst,10,Tech Mahindra,Delhi NCR,0-2 Years,9.88,2025-12-04
2878,Data Analyst,3,Wipro,Mumbai,0-2 Years,11.7,2025-12-08
2879,Data Analyst,7,Cognizant,Kolkata,5+ Years,23.35,2025-02-18
2880,Data Analyst,12,Microsoft,Pune,2-5 Years,16.28,2025-03-20
2881,Data Analyst,13,Flipkart,Hyderabad,0-2 Years,9.31,2025-12-12
2882,Data Analyst,2,Infosys,Bangalore,0-2 Years,10.46,2025-12-18
2883,Data Analyst,8,IBM,Delhi NCR,2-5 Years,15.27,2026-01-01
2884,Data Analyst,9,HCL,Chennai,2-5 Years,17.05,2025-11-01
2885,Data Analyst,1,TCS,Jaipur,2-5 Years,12.7,2025-07-06
2886,Data Analyst,2,Infosys,Mumbai,0-2 Years,11.9,2025-05-27
2887,Data Analyst,6,Capgemini,Kolkata,0-2 Years,10.37,2025-10-14
2888,Data Analyst,11,Amazon,Mumbai,2-5 Years,19.17,2025-06-09
2889,Data Analyst,5,Deloitte,Ahmedabad,Fresher,6.54,2025-10-26
2890,Data Analyst,11,Amazon,Jaipur,5+ Years,23.46,2025-06-25
2891,Data Analyst,15,KPMG,Kolkata,5+ Years,23.17,2025-12-18
2892,Data Analyst,3,Wipro,Delhi NCR,2-5 Years,13.44,2025-08-13
2893,Data Analyst,9,HCL,Jaipur,0-2 Years,11.92,2025-06-08
2894,Data Analyst,10,Tech Mahindra,Jaipur,2-5 Years,16.26,2025-11-04
2895,Data Analyst,9,HCL,Kolkata,2-5 Years,16.61,2025-01-31
2896,Data Analyst,6,Capgemini,Jaipur,Fresher,11.71,2025-12-31
2897,Data Analyst,14,PwC,Chennai,0-2 Years,9.0,2025-11-12
2898,Data Analyst,8,IBM,Bangalore,0-2 Years,15.07,2025-11-06
2899,Data Analyst,13,Flipkart,Jaipur,0-2 Years,10.66,2025-03-26
2900,Data Analyst,8,IBM,Pune,2-5 Years,16.84,2025-03-30
2901,Data Analyst,14,PwC,Chennai,0-2 Years,11.45,2025-10-25
2902,Data Analyst,4,Accenture,Pune,2-5 Years,15.99,2025-07-27
2903,Data Analyst,3,Wipro,Kolkata,5+ Years,22.32,2025-07-03
2904,Data Analyst,4,Accenture,Hyderabad,2-5 Years,17.4,2025-08-09
2905,Data Analyst,10,Tech Mahindra,Bangalore,5+ Years,23.18,2025-11-16
2906,Data Analyst,3,Wipro,Jaipur,5+ Years,23.9,2025-01-27
2907,Data Analyst,2,Infosys,Hyderabad,5+ Years,23.5,2025-12-21
2908,Data Analyst,2,Infosys,Chennai,0-2 Years,10.14,2025-04-04
2909,Data Analyst,11,Amazon,Pune,5+ Years,22.96,2025-07-05
2910,Data Analyst,9,HCL,Hyderabad,2-5 Years,18.51,2025-12-23
2911,Data Analyst,7,Cognizant,Mumbai,Fresher,7.86,2025-08-07
2912,Data Analyst,10,Tech Mahindra,Pune,2-5 Years,16.93,2025-05-20
2913,Data Analyst,8,IBM,Kolkata,0-2 Years,10.12,2025-04-09
2914,Data Analyst,4,Accenture,Jaipur,0-2 Years,11.91,2025-07-13
2915,Data Analyst,15,KPMG,Pune,0-2 Years,12.32,2025-04-23
2916,Data Analyst,3,Wipro,Ahmedabad,2-5 Years,18.22,2025-05-21
2917,Data Analyst,13,Flipkart,Chennai,0-2 Years,11.29,2025-05-20
2918,Data Analyst,3,Wipro,Kolkata,0-2 Years,11.8,2025-02-06
2919,Data Analyst,15,KPMG,Kolkata,0-2 Years,11.12,2025-06-24
2920,Data Analyst,4,Accenture,Mumbai,0-2 Years,14.06,2025-07-18
2921,Data Analyst,10,Tech Mahindra,Delhi NCR,5+ Years,22.14,2025-01-14
2922,Data Analyst,4,Accenture,Chennai,2-5 Years,17.39,2025-11-10
2923,Data Analyst,15,KPMG,Pune,Fresher,7.27,2025-02-01
2924,Data Analyst,15,KPMG,Kolkata,Fresher,6.92,2025-03-25
2925,Data Analyst,13,Flipkart,Chennai,Fresher,7.61,2025-07-03
2926,Data Analyst,7,Cognizant,Chennai,2-5 Years,16.8,2025-07-22
2927,Data Analyst,11,Amazon,Pune,Fresher,7.36,2025-05-15
2928,Data Analyst,10,Tech Mahindra,Jaipur,0-2 Years,11.26,2025-05-12
2929,Data Analyst,8,IBM,Ahmedabad,Fresher,8.89,2025-09-18
2930,Data Analyst,7,Cognizant,Hyderabad,0-2 Years,13.18,2025-03-25
2931,Data Analyst,13,Flipkart,Pune,0-2 Years,12.54,2025-03-20
2932,Data Analyst,15,KPMG,Ahmedabad,0-2 Years,10.45,2025-06-19
2933,Data Analyst,3,Wipro,Chennai,2-5 Years,15.43,2025-01-05
2934,Data Analyst,9,HCL,Bangalore,5+ Years,26.15,2025-08-11
2935,Data Analyst,5,Deloitte,Bangalore,2-5 Years,19.05,2025-05-15
2936,Data Analyst,5,Deloitte,Kolkata,2-5 Years,17.77,2025-02-15
2937,Data Analyst,9,HCL,Chennai,0-2 Years,10.78,2025-04-24
2938,Data Analyst,13,Flipkart,Chennai,0-2 Years,11.22,2025-03-13
2939,Data Analyst,5,Deloitte,Jaipur,0-2 Years,9.03,2025-06-24
2940,Data Analyst,11,Amazon,Delhi NCR,0-2 Years,10.53,2025-10-24
2941,Data Analyst,1,TCS,Hyderabad,2-5 Years,18.2,2025-05-10
2942,Data Analyst,5,Deloitte,Mumbai,0-2 Years,11.94,2025-02-22
2943,Data Analyst,8,IBM,Ahmedabad,2-5 Years,16.77,2025-10-09
2944,Data Analyst,7,Cognizant,Chennai,Fresher,7.27,2025-02-06
2945,Data Analyst,7,Cognizant,Kolkata,0-2 Years,11.39,2025-08-28
2946,Data Analyst,7,Cognizant,Hyderabad,0-2 Years,10.62,2025-06-26
2947,Data Analyst,12,Microsoft,Kolkata,2-5 Years,16.1,2025-06-18
2948,Data Analyst,9,HCL,Ahmedabad,0-2 Years,7.41,2025-01-27
2949,Data Analyst,3,Wipro,Delhi NCR,0-2 Years,10.78,2025-01-21
2950,Data Analyst,8,IBM,Delhi NCR,2-5 Years,14.04,2025-09-16
2951,Data Analyst,11,Amazon,Mumbai,0-2 Years,13.95,2025-01-11
2952,Data Analyst,6,Capgemini,Ahmedabad,Fresher,7.93,2025-06-02
2953,Data Analyst,1,TCS,Chennai,2-5 Years,17.06,2025-04-16
2954,Data Analyst,2,Infosys,Delhi NCR,0-2 Years,12.83,2025-07-13
2955,Data Analyst,10,Tech Mahindra,Delhi NCR,0-2 Years,9.86,2025-11-06
2956,Data Analyst,6,Capgemini,Bangalore,2-5 Years,20.1,2025-09-12
2957,Data Analyst,7,Cognizant,Hyderabad,2-5 Years,18.12,2025-01-09
2958,Data Analyst,1,TCS,Mumbai,0-2 Years,12.22,2025-08-05
2959,Data Analyst,11,Amazon,Kolkata,Fresher,8.36,2025-06-11
2960,Data Analyst,1,TCS,Kolkata,0-2 Years,9.67,2025-02-28
2961,Data Analyst,3,Wipro,Hyderabad,0-2 Years,11.01,2025-03-05
2962,Data Analyst,14,PwC,Delhi NCR,0-2 Years,10.27,2025-11-19
2963,Data Analyst,10,Tech Mahindra,Chennai,0-2 Years,10.87,2025-10-08
2964,Data Analyst,4,Accenture,Bangalore,2-5 Years,16.73,2025-11-15
2965,Data Analyst,11,Amazon,Pune,2-5 Years,17.97,2025-10-29
2966,Data Analyst,3,Wipro,Ahmedabad,2-5 Years,15.69,2025-10-15
2967,Data Analyst,7,Cognizant,Ahmedabad,0-2 Years,11.42,2025-10-14
2968,Data Analyst,11,Amazon,Ahmedabad,Fresher,6.32,2025-11-28
2969,Data Analyst,11,Amazon,Bangalore,0-2 Years,10.82,2025-06-18
2970,Data Analyst,10,Tech Mahindra,Ahmedabad,2-5 Years,16.32,2025-11-12
2971,Data Analyst,12,Microsoft,Kolkata,0-2 Years,8.71,2025-11-27
2972,Data Analyst,12,Microsoft,Ahmedabad,0-2 Years,10.92,2025-03-23
2973,Data Analyst,4,Accenture,Bangalore,Fresher,7.36,2025-02-01
2974,Data Analyst,12,Microsoft,Bangalore,2-5 Years,20.38,2025-01-13
2975,Data Analyst,4,Accenture,Delhi NCR,2-5 Years,17.09,2025-10-08
2976,Data Analyst,15,KPMG,Chennai,0-2 Years,11.63,2025-04-01
2977,Data Analyst,6,Capgemini,Chennai,0-2 Years,13.02,2025-08-12
2978,Data Analyst,5,Deloitte,Hyderabad,2-5 Years,15.98,2025-03-31
2979,Data Analyst,7,Cognizant,Chennai,2-5 Years,17.15,2025-11-12
2980,Data Analyst,11,Amazon,Pune,2-5 Years,16.74,2025-08-08
2981,Data Analyst,12,Microsoft,Delhi NCR,0-2 Years,11.32,2025-02-12
2982,Data Analyst,9,HCL,Mumbai,Fresher,10.03,2025-10-26
2983,Data Analyst,7,Cognizant,Delhi NCR,Fresher,7.88,2025-12-15
2984,Data Analyst,1,TCS,Ahmedabad,0-2 Years,11.35,2025-05-17
2985,Data Analyst,12,Microsoft,Pune,5+ Years,21.51,2025-08-16
2986,Data Analyst,14,PwC,Jaipur,0-2 Years,9.85,2025-11-04
2987,Data Analyst,3,Wipro,Mumbai,0-2 Years,12.35,2025-05-07
2988,Data Analyst,8,IBM,Mumbai,5+ Years,24.61,2025-12-05
2989,Data Analyst,13,Flipkart,Chennai,0-2 Years,10.14,2025-04-17
2990,Data Analyst,12,Microsoft,Jaipur,0-2 Years,13.89,2025-06-06
2991,Data Analyst,1,TCS,Hyderabad,0-2 Years,13.82,2025-02-07
2992,Data Analyst,7,Cognizant,Delhi NCR,2-5 Years,16.72,2025-12-12
2993,Data Analyst,4,Accenture,Delhi NCR,0-2 Years,11.09,2025-06-02
2994,Data Analyst,2,Infosys,Mumbai,Fresher,8.25,2025-04-01
2995,Data Analyst,12,Microsoft,Pune,2-5 Years,15.36,2025-06-03
2996,Data Analyst,13,Flipkart,Chennai,Fresher,7.59,2025-02-11
2997,Data Analyst,8,IBM,Hyderabad,2-5 Years,17.31,2025-03-26
2998,Data Analyst,9,HCL,Bangalore,2-5 Years,16.51,2025-07-10
2999,Data Analyst,3,Wipro,Pune,5+ Years,23.9,2025-05-24
3000,Data Analyst,10,Tech Mahindra,Kolkata,0-2 Years,10.81,2025-05-03
3001,Data Analyst,5,Deloitte,Chennai,0-2 Years,9.21,2025-08-19
3002,Data Analyst,13,Flipkart,Hyderabad,2-5 Years,15.97,2025-10-27
3003,Data Analyst,1,TCS,Pune,0-2 Years,11.0,2025-04-15
3004,Data Analyst,13,Flipkart,Delhi NCR,0-2 Years,13.27,2025-11-01
3005,Data Analyst,1,TCS,Mumbai,Fresher,9.17,2025-03-01
3006,Data Analyst,7,Cognizant,Jaipur,0-2 Years,9.4,2025-05-14
3007,Data Analyst,11,Amazon,Bangalore,0-2 Years,13.58,2025-03-21
3008,Data Analyst,1,TCS,Delhi NCR,Fresher,5.14,2025-07-16
3009,Data Analyst,5,Deloitte,Hyderabad,2-5 Years,18.3,2025-10-30
3010,Data Analyst,10,Tech Mahindra,Ahmedabad,0-2 Years,10.43,2025-11-05
3011,Data Analyst,11,Amazon,Chennai,0-2 Years,11.39,2025-02-10
3012,Data Analyst,2,Infosys,Bangalore,2-5 Years,19.59,2025-01-12
3013,Data Analyst,10,Tech Mahindra,Chennai,2-5 Years,14.96,2025-06-04
3014,Data Analyst,9,HCL,Jaipur,0-2 Years,9.32,2025-02-16
3015,Data Analyst,13,Flipkart,Kolkata,0-2 Years,10.3,2025-08-05
3016,Data Analyst,7,Cognizant,Kolkata,2-5 Years,17.25,2025-09-06
3017,Data Analyst,12,Microsoft,Kolkata,Fresher,5.18,2025-05-17
3018,Data Analyst,8,IBM,Mumbai,2-5 Years,14.1,2025-02-22
3019,Data Analyst,7,Cognizant,Delhi NCR,Fresher,6.46,2025-12-13
3020,Data Analyst,14,PwC,Chennai,0-2 Years,12.16,2025-04-05
3021,Data Analyst,7,Cognizant,Bangalore,0-2 Years,14.44,2025-03-26
3022,Data Analyst,7,Cognizant,Bangalore,Fresher,8.44,2025-05-03
3023,Data Analyst,11,Amazon,Hyderabad,Fresher,7.51,2025-05-08
3024,Data Analyst,8,IBM,Jaipur,0-2 Years,12.38,2025-11-16
3025,Data Analyst,15,KPMG,Kolkata,0-2 Years,8.76,2025-08-09
3026,Data Analyst,11,Amazon,Jaipur,Fresher,6.53,2025-12-19
3027,Data Analyst,15,KPMG,Jaipur,0-2 Years,11.23,2025-05-24
3028,Data Analyst,1,TCS,Ahmedabad,0-2 Years,11.54,2025-01-16
3029,Data Analyst,10,Tech Mahindra,Mumbai,2-5 Years,16.89,2025-08-07
3030,Data Analyst,5,Deloitte,Pune,0-2 Years,11.54,2025-11-10
3031,Data Analyst,12,Microsoft,Delhi NCR,2-5 Years,13.01,2025-02-03
3032,Data Analyst,15,KPMG,Jaipur,0-2 Years,10.21,2025-11-04
3033,Data Analyst,8,IBM,Jaipur,2-5 Years,16.54,2025-06-11
3034,Data Analyst,9,HCL,Mumbai,Fresher,7.32,2025-11-18
3035,Data Analyst,15,KPMG,Mumbai,0-2 Years,12.57,2025-08-02
3036,Data Analyst,2,Infosys,Hyderabad,2-5 Years,17.54,2025-12-19
3037,Data Analyst,15,KPMG,Mumbai,Fresher,8.09,2025-05-09
3038,Data Analyst,12,Microsoft,Bangalore,0-2 Years,13.2,2025-12-18
3039,Data Analyst,15,KPMG,Pune,2-5 Years,15.34,2025-07-05
3040,Data Analyst,11,Amazon,Pune,0-2 Years,11.25,2025-03-08
3041,Data Analyst,5,Deloitte,Bangalore,Fresher,9.73,2025-09-11
3042,Data Analyst,13,Flipkart,Hyderabad,2-5 Years,17.19,2025-01-18
3043,Data Analyst,6,Capgemini,Mumbai,2-5 Years,16.8,2025-10-04
3044,Data Analyst,9,HCL,Chennai,0-2 Years,11.77,2025-07-17
3045,Data Analyst,3,Wipro,Hyderabad,0-2 Years,12.86,2025-11-18
3046,Data Analyst,11,Amazon,Hyderabad,Fresher,5.54,2025-12-22
3047,Data Analyst,1,TCS,Chennai,0-2 Years,12.89,2025-06-23
3048,Data Analyst,11,Amazon,Hyderabad,0-2 Years,11.6,2025-04-03
3049,Data Analyst,7,Cognizant,Delhi NCR,0-2 Years,11.51,2025-10-05
3050,Data Analyst,10,Tech Mahindra,Kolkata,Fresher,8.44,2025-08-06
3051,Data Analyst,5,Deloitte,Hyderabad,0-2 Years,10.35,2025-12-29
3052,Data Analyst,8,IBM,Hyderabad,0-2 Years,11.15,2025-09-09
3053,Data Analyst,3,Wipro,Ahmedabad,Fresher,6.65,2025-02-10
3054,Data Analyst,9,HCL,Jaipur,0-2 Years,10.06,2025-08-17
3055,Data Analyst,13,Flipkart,Pune,0-2 Years,13.58,2025-05-16
3056,Data Analyst,9,HCL,Bangalore,0-2 Years,11.97,2025-01-22
3057,Data Analyst,10,Tech Mahindra,Ahmedabad,0-2 Years,10.33,2025-01-13
3058,Data Analyst,3,Wipro,Delhi NCR,0-2 Years,11.25,2025-05-23
3059,Data Analyst,13,Flipkart,Hyderabad,2-5 Years,15.56,2025-05-29
3060,Data Analyst,1,TCS,Jaipur,0-2 Years,10.53,2025-01-21
3061,Data Analyst,6,Capgemini,Jaipur,5+ Years,23.38,2025-11-13
3062,Data Analyst,4,Accenture,Hyderabad,5+ Years,23.6,2025-12-05
3063,Data Analyst,9,HCL,Hyderabad,5+ Years,23.89,2025-09-04
3064,Data Analyst,11,Amazon,Hyderabad,2-5 Years,16.36,2025-02-25
3065,Data Analyst,5,Deloitte,Ahmedabad,2-5 Years,14.18,2025-10-15
3066,Data Analyst,2,Infosys,Hyderabad,0-2 Years,12.39,2025-03-13
3067,Data Analyst,14,PwC,Kolkata,0-2 Years,13.11,2025-02-08
3068,Data Analyst,13,Flipkart,Ahmedabad,Fresher,7.02,2025-04-29
3069,Data Analyst,8,IBM,Mumbai,0-2 Years,12.77,2025-02-15
3070,Data Analyst,7,Cognizant,Jaipur,2-5 Years,16.83,2025-09-25
3071,Data Analyst,9,HCL,Ahmedabad,2-5 Years,14.48,2025-11-12
3072,Data Analyst,12,Microsoft,Pune,2-5 Years,18.54,2025-10-14
3073,Data Analyst,10,Tech Mahindra,Delhi NCR,0-2 Years,11.24,2025-05-03
3074,Data Analyst,13,Flipkart,Hyderabad,0-2 Years,13.96,2025-02-19
3075,Data Analyst,6,Capgemini,Delhi NCR,0-2 Years,10.12,2025-01-09
3076,Data Analyst,2,Infosys,Pune,0-2 Years,13.68,2025-05-13
3077,Data Analyst,6,Capgemini,Bangalore,Fresher,9.93,2025-07-16
3078,Data Analyst,12,Microsoft,Kolkata,2-5 Years,16.66,2025-06-07
3079,Data Analyst,12,Microsoft,Delhi NCR,2-5 Years,16.28,2025-10-12
3080,Data Analyst,15,KPMG,Bangalore,Fresher,8.7,2025-05-20
3081,Data Analyst,8,IBM,Mumbai,0-2 Years,13.94,2025-08-25
3082,Data Analyst,13,Flipkart,Kolkata,0-2 Years,11.17,2025-11-29
3083,Data Analyst,5,Deloitte,Jaipur,0-2 Years,8.64,2025-11-01
3084,Data Analyst,13,Flipkart,Mumbai,Fresher,7.16,2025-02-06
3085,Data Analyst,9,HCL,Hyderabad,0-2 Years,11.78,2025-05-12
3086,Data Analyst,15,KPMG,Hyderabad,2-5 Years,17.37,2025-07-30
3087,Data Analyst,12,Microsoft,Jaipur,5+ Years,22.93,2025-01-25
3088,Data Analyst,6,Capgemini,Kolkata,0-2 Years,12.46,2025-01-26
3089,Data Analyst,10,Tech Mahindra,Ahmedabad,Fresher,4.66,2025-03-23
3090,Data Analyst,6,Capgemini,Delhi NCR,0-2 Years,11.17,2025-01-04
3091,Data Analyst,2,Infosys,Pune,5+ Years,21.32,2025-07-05
3092,Data Analyst,10,Tech Mahindra,Kolkata,0-2 Years,11.91,2025-08-20
3093,Data Analyst,14,PwC,Mumbai,2-5 Years,17.39,2025-01-10
3094,Data Analyst,1,TCS,Chennai,Fresher,8.0,2025-08-01
3095,Data Analyst,8,IBM,Mumbai,2-5 Years,16.46,2025-12-29
3096,Data Analyst,10,Tech Mahindra,Hyderabad,2-5 Years,18.54,2025-06-01
3097,Data Analyst,11,Amazon,Delhi NCR,Fresher,8.25,2025-09-07
3098,Data Analyst,2,Infosys,Hyderabad,5+ Years,24.7,2025-03-25
3099,Data Analyst,11,Amazon,Pune,0-2 Years,11.34,2025-09-25
3100,Data Analyst,8,IBM,Chennai,0-2 Years,12.2,2025-10-09
3101,Data Analyst,1,TCS,Chennai,Fresher,6.65,2025-06-08
3102,Data Analyst,9,HCL,Mumbai,0-2 Years,13.53,2025-08-14
3103,Data Analyst,3,Wipro,Mumbai,5+ Years,26.48,2025-04-11
3104,Data Analyst,14,PwC,Ahmedabad,0-2 Years,12.28,2025-03-19
3105,Data Analyst,6,Capgemini,Kolkata,2-5 Years,15.12,2025-12-01
3106,Data Analyst,3,Wipro,Pune,0-2 Years,11.93,2025-01-23
3107,Data Analyst,10,Tech Mahindra,Jaipur,Fresher,5.45,2025-11-09
3108,Data Analyst,13,Flipkart,Ahmedabad,0-2 Years,11.69,2026-01-01
3109,Data Analyst,2,Infosys,Pune,Fresher,8.04,2025-08-09
3110,Data Analyst,13,Flipkart,Ahmedabad,0-2 Years,8.76,2025-07-29
3111,Data Analyst,3,Wipro,Chennai,0-2 Years,10.11,2025-10-13
3112,Data Analyst,10,Tech Mahindra,Delhi NCR,2-5 Years,15.66,2025-02-08
3113,Data Analyst,7,Cognizant,Kolkata,0-2 Years,10.64,2025-12-23
3114,Data Analyst,14,PwC,Bangalore,0-2 Years,11.55,2025-02-09
3115,Data Analyst,11,Amazon,Hyderabad,0-2 Years,12.47,2025-07-17
3116,Data Analyst,5,Deloitte,Ahmedabad,0-2 Years,11.3,2025-06-20
3117,Data Analyst,9,HCL,Ahmedabad,0-2 Years,10.77,2025-04-10
3118,Data Analyst,5,Deloitte,Mumbai,2-5 Years,16.59,2025-01-15
3119,Data Analyst,3,Wipro,Pune,2-5 Years,17.76,2025-06-02
3120,Data Analyst,14,PwC,Pune,2-5 Years,18.49,2025-02-24
3121,Data Analyst,13,Flipkart,Pune,0-2 Years,10.92,2025-10-21
3122,Data Analyst,12,Microsoft,Hyderabad,0-2 Years,11.27,2025-08-15
3123,Data Analyst,2,Infosys,Hyderabad,0-2 Years,12.59,2025-07-20
3124,Data Analyst,11,Amazon,Bangalore,Fresher,8.57,2025-01-12
3125,Data Analyst,4,Accenture,Bangalore,2-5 Years,17.83,2025-06-04
3126,Data Analyst,4,Accenture,Kolkata,0-2 Years,11.89,2025-08-15
3127,Data Analyst,12,Microsoft,Kolkata,2-5 Years,13.71,2025-01-10
3128,Data Analyst,8,IBM,Pune,0-2 Years,13.08,2025-11-17
3129,Data Analyst,14,PwC,Bangalore,2-5 Years,18.09,2025-07-12
3130,Data Analyst,14,PwC,Jaipur,5+ Years,22.51,2025-07-01
3131,Data Analyst,3,Wipro,Jaipur,0-2 Years,10.89,2025-03-11
3132,Data Analyst,3,Wipro,Pune,0-2 Years,11.45,2025-11-12
3133,Data Analyst,1,TCS,Chennai,0-2 Years,9.42,2025-12-30
3134,Data Analyst,2,Infosys,Pune,5+ Years,25.29,2025-09-17
3135,Data Analyst,13,Flipkart,Hyderabad,0-2 Years,12.05,2025-09-08
3136,Data Analyst,15,KPMG,Hyderabad,0-2 Years,12.53,2025-08-15
3137,Data Analyst,13,Flipkart,Delhi NCR,2-5 Years,17.14,2025-12-15
3138,Data Analyst,3,Wipro,Ahmedabad,2-5 Years,14.77,2025-01-12
3139,Data Analyst,2,Infosys,Chennai,0-2 Years,12.07,2025-09-28
3140,Data Analyst,15,KPMG,Hyderabad,0-2 Years,11.68,2025-06-01
3141,Data Analyst,9,HCL,Ahmedabad,2-5 Years,17.02,2025-04-23
3142,Data Analyst,13,Flipkart,Mumbai,0-2 Years,9.95,2025-02-20
3143,Data Analyst,6,Capgemini,Bangalore,0-2 Years,12.88,2025-12-18
3144,Data Analyst,15,KPMG,Ahmedabad,5+ Years,22.28,2025-09-27
3145,Data Analyst,6,Capgemini,Ahmedabad,0-2 Years,11.52,2025-01-17
3146,Data Analyst,6,Capgemini,Delhi NCR,5+ Years,23.56,2025-12-11
3147,Data Analyst,1,TCS,Mumbai,0-2 Years,11.65,2025-08-13
3148,Data Analyst,13,Flipkart,Ahmedabad,0-2 Years,10.15,2025-12-28
3149,Data Analyst,12,Microsoft,Jaipur,2-5 Years,15.87,2025-12-14
3150,Data Analyst,5,Deloitte,Mumbai,0-2 Years,11.42,2025-07-31
3151,Data Analyst,3,Wipro,Chennai,Fresher,8.51,2025-08-09
3152,Data Analyst,11,Amazon,Ahmedabad,Fresher,6.56,2025-02-06
3153,Data Analyst,10,Tech Mahindra,Delhi NCR,2-5 Years,12.51,2025-01-26
3154,Data Analyst,7,Cognizant,Kolkata,0-2 Years,10.55,2025-11-19
3155,Data Analyst,15,KPMG,Pune,0-2 Years,10.25,2025-03-06
3156,Data Analyst,3,Wipro,Hyderabad,0-2 Years,10.04,2025-07-12
3157,Data Analyst,1,TCS,Delhi NCR,2-5 Years,14.52,2025-03-29
3158,Data Analyst,1,TCS,Ahmedabad,2-5 Years,16.13,2025-03-30
3159,Data Analyst,4,Accenture,Delhi NCR,0-2 Years,12.59,2025-06-23
3160,Data Analyst,1,TCS,Pune,0-2 Years,11.88,2025-12-26
3161,Data Analyst,13,Flipkart,Hyderabad,5+ Years,23.27,2025-02-22
3162,Data Analyst,9,HCL,Hyderabad,0-2 Years,12.55,2025-07-25
3163,Data Analyst,7,Cognizant,Mumbai,2-5 Years,16.95,2025-08-31
3164,Data Analyst,8,IBM,Hyderabad,2-5 Years,16.17,2025-06-16
3165,Data Analyst,5,Deloitte,Ahmedabad,Fresher,5.61,2025-11-09
3166,Data Analyst,3,Wipro,Hyderabad,2-5 Years,14.9,2025-12-01
3167,Data Analyst,13,Flipkart,Delhi NCR,5+ Years,22.53,2025-10-01
3168,Data Analyst,7,Cognizant,Mumbai,0-2 Years,12.69,2025-12-12
3169,Data Analyst,9,HCL,Kolkata,0-2 Years,10.88,2025-05-12
3170,Data Analyst,12,Microsoft,Chennai,2-5 Years,16.0,2025-06-27
3171,Data Analyst,6,Capgemini,Kolkata,0-2 Years,9.87,2025-04-27
3172,Data Analyst,7,Cognizant,Chennai,2-5 Years,17.23,2025-11-05
3173,Data Analyst,3,Wipro,Ahmedabad,5+ Years,21.42,2025-08-27
3174,Data Analyst,8,IBM,Hyderabad,0-2 Years,12.93,2025-01-17
3175,Data Analyst,9,HCL,Delhi NCR,0-2 Years,9.8,2025-10-28
3176,Data Analyst,14,PwC,Chennai,2-5 Years,15.6,2025-08-07
3177,Data Analyst,1,TCS,Hyderabad,2-5 Years,15.24,2025-05-10
3178,Data Analyst,2,Infosys,Hyderabad,Fresher,7.4,2025-06-25
3179,Data Analyst,6,Capgemini,Hyderabad,0-2 Years,13.17,2025-12-30
3180,Data Analyst,7,Cognizant,Pune,Fresher,8.12,2025-12-06
3181,Data Analyst,7,Cognizant,Kolkata,2-5 Years,17.17,2025-03-10
3182,Data Analyst,14,PwC,Bangalore,5+ Years,25.63,2025-01-27
3183,Data Analyst,7,Cognizant,Kolkata,2-5 Years,14.68,2025-05-03
3184,Data Analyst,10,Tech Mahindra,Pune,0-2 Years,11.1,2025-01-07
3185,Data Analyst,8,IBM,Hyderabad,Fresher,7.06,2025-10-18
3186,Data Analyst,5,Deloitte,Kolkata,0-2 Years,12.6,2025-02-11
3187,Data Analyst,14,PwC,Hyderabad,5+ Years,22.56,2025-03-03
3188,Data Analyst,15,KPMG,Delhi NCR,0-2 Years,12.07,2025-10-12
3189,Data Analyst,2,Infosys,Pune,0-2 Years,12.57,2025-08-08
3190,Data Analyst,9,HCL,Hyderabad,0-2 Years,14.2,2025-01-03
3191,Data Analyst,5,Deloitte,Pune,Fresher,7.01,2025-12-30
3192,Data Analyst,13,Flipkart,Pune,5+ Years,24.35,2025-03-17
3193,Data Analyst,9,HCL,Pune,Fresher,10.24,2025-03-29
3194,Data Analyst,15,KPMG,Jaipur,0-2 Years,10.26,2025-06-18
3195,Data Analyst,5,Deloitte,Jaipur,5+ Years,21.16,2025-07-23
3196,Data Analyst,4,Accenture,Kolkata,0-2 Years,8.74,2025-01-08
3197,Data Analyst,14,PwC,Bangalore,5+ Years,25.86,2025-11-24
3198,Data Analyst,3,Wipro,Kolkata,0-2 Years,8.74,2025-02-18
3199,Data Analyst,11,Amazon,Chennai,2-5 Years,16.05,2025-10-23
3200,Data Analyst,15,KPMG,Pune,2-5 Years,17.02,2025-05-06
3201,Data Analyst,4,Accenture,Chennai,0-2 Years,11.72,2025-04-17
3202,Data Analyst,3,Wipro,Pune,0-2 Years,12.01,2025-11-19
3203,Data Analyst,5,Deloitte,Jaipur,0-2 Years,11.27,2025-03-22
3204,Data Analyst,6,Capgemini,Delhi NCR,0-2 Years,12.53,2025-05-06
3205,Data Analyst,2,Infosys,Delhi NCR,0-2 Years,9.86,2025-11-20
3206,Data Analyst,5,Deloitte,Delhi NCR,0-2 Years,10.19,2025-08-07
3207,Data Analyst,10,Tech Mahindra,Chennai,2-5 Years,15.57,2025-05-12
3208,Data Analyst,1,TCS,Chennai,2-5 Years,17.5,2025-10-14
3209,Data Analyst,12,Microsoft,Bangalore,0-2 Years,14.08,2025-03-16
3210,Data Analyst,7,Cognizant,Kolkata,5+ Years,23.54,2025-01-04
3211,Data Analyst,8,IBM,Chennai,5+ Years,24.92,2025-04-07
3212,Data Analyst,15,KPMG,Kolkata,2-5 Years,14.59,2025-10-28
3213,Data Analyst,14,PwC,Bangalore,0-2 Years,15.0,2025-10-18
3214,Data Analyst,1,TCS,Hyderabad,Fresher,9.83,2025-10-06
3215,Data Analyst,8,IBM,Chennai,2-5 Years,17.38,2025-11-14
3216,Data Analyst,4,Accenture,Pune,0-2 Years,13.64,2025-10-08
3217,Data Analyst,8,IBM,Chennai,0-2 Years,9.51,2025-10-26
3218,Data Analyst,13,Flipkart,Ahmedabad,5+ Years,22.37,2025-09-30
3219,Data Analyst,1,TCS,Delhi NCR,0-2 Years,10.12,2025-11-24
3220,Data Analyst,5,Deloitte,Delhi NCR,0-2 Years,11.87,2025-12-21
3221,Data Analyst,7,Cognizant,Ahmedabad,0-2 Years,9.74,2025-07-12
3222,Data Analyst,11,Amazon,Chennai,2-5 Years,17.41,2025-02-01
3223,Data Analyst,5,Deloitte,Ahmedabad,0-2 Years,12.64,2025-06-27
3224,Data Analyst,5,Deloitte,Ahmedabad,0-2 Years,11.83,2025-03-14
3225,Data Analyst,15,KPMG,Hyderabad,0-2 Years,12.34,2025-12-06
3226,Data Analyst,9,HCL,Pune,2-5 Years,15.31,2025-06-01
3227,Data Analyst,8,IBM,Kolkata,0-2 Years,9.98,2025-05-28
3228,Data Analyst,13,Flipkart,Jaipur,Fresher,8.5,2025-06-06
3229,Data Analyst,3,Wipro,Delhi NCR,2-5 Years,16.94,2025-12-24
3230,Data Analyst,4,Accenture,Jaipur,5+ Years,22.95,2025-11-02
3231,Data Analyst,5,Deloitte,Chennai,2-5 Years,16.0,2025-08-16
3232,Data Analyst,11,Amazon,Hyderabad,0-2 Years,9.57,2025-02-16
3233,Data Analyst,6,Capgemini,Kolkata,Fresher,5.71,2025-10-12
3234,Data Analyst,14,PwC,Bangalore,5+ Years,27.29,2025-01-05
3235,Data Analyst,2,Infosys,Ahmedabad,5+ Years,21.46,2025-02-19
3236,Data Analyst,15,KPMG,Pune,0-2 Years,11.73,2025-12-26
3237,Data Analyst,11,Amazon,Mumbai,5+ Years,25.71,2025-12-25
3238,Data Analyst,2,Infosys,Ahmedabad,0-2 Years,9.49,2025-09-13
3239,Data Analyst,14,PwC,Delhi NCR,2-5 Years,16.22,2025-05-10
3240,Data Analyst,12,Microsoft,Delhi NCR,2-5 Years,17.13,2025-12-22
3241,Data Analyst,1,TCS,Bangalore,0-2 Years,13.01,2025-01-29
3242,Data Analyst,14,PwC,Chennai,0-2 Years,14.94,2025-08-08
3243,Data Analyst,7,Cognizant,Delhi NCR,Fresher,5.0,2025-08-17
3244,Data Analyst,15,KPMG,Hyderabad,2-5 Years,18.27,2025-03-31
3245,Data Analyst,1,TCS,Chennai,2-5 Years,16.29,2025-07-09
3246,Data Analyst,4,Accenture,Jaipur,2-5 Years,16.93,2025-03-26
3247,Data Analyst,5,Deloitte,Kolkata,2-5 Years,16.53,2025-07-15
3248,Data Analyst,9,HCL,Hyderabad,0-2 Years,11.12,2025-12-03
3249,Data Analyst,11,Amazon,Bangalore,0-2 Years,13.27,2025-12-16
3250,Data Analyst,5,Deloitte,Chennai,0-2 Years,9.27,2025-10-20
3251,Data Analyst,1,TCS,Bangalore,0-2 Years,13.72,2025-04-28
3252,Data Analyst,6,Capgemini,Mumbai,2-5 Years,17.86,2025-02-15
3253,Data Analyst,2,Infosys,Jaipur,0-2 Years,11.77,2025-09-07
3254,Data Analyst,15,KPMG,Ahmedabad,0-2 Years,12.27,2025-02-24
3255,Data Analyst,7,Cognizant,Mumbai,Fresher,8.94,2025-12-07
3256,Data Analyst,12,Microsoft,Pune,5+ Years,23.68,2025-12-05
3257,Data Analyst,2,Infosys,Bangalore,0-2 Years,11.94,2025-05-06
3258,Data Analyst,1,TCS,Chennai,Fresher,6.65,2025-11-02
3259,Data Analyst,7,Cognizant,Chennai,0-2 Years,12.92,2025-09-18
3260,Data Analyst,8,IBM,Chennai,0-2 Years,13.22,2025-10-29
3261,Data Analyst,8,IBM,Jaipur,2-5 Years,15.71,2025-03-17
3262,Data Analyst,9,HCL,Delhi NCR,2-5 Years,16.06,2025-11-29
3263,Data Analyst,10,Tech Mahindra,Mumbai,2-5 Years,16.41,2025-04-23
3264,Data Analyst,10,Tech Mahindra,Delhi NCR,5+ Years,24.41,2025-03-02
3265,Data Analyst,2,Infosys,Jaipur,0-2 Years,11.8,2025-01-05
3266,Data Analyst,12,Microsoft,Delhi NCR,Fresher,9.33,2025-09-28
3267,Data Analyst,13,Flipkart,Mumbai,0-2 Years,11.45,2025-08-17
3268,Data Analyst,6,Capgemini,Hyderabad,Fresher,7.55,2025-02-26
3269,Data Analyst,10,Tech Mahindra,Chennai,5+ Years,23.78,2025-03-05
3270,Data Analyst,7,Cognizant,Delhi NCR,Fresher,7.78,2025-05-29
3271,Data Analyst,9,HCL,Hyderabad,2-5 Years,16.74,2025-10-13
3272,Data Analyst,8,IBM,Kolkata,2-5 Years,14.95,2025-08-05
3273,Data Analyst,8,IBM,Jaipur,2-5 Years,17.06,2025-09-20
3274,Data Analyst,13,Flipkart,Delhi NCR,2-5 Years,16.87,2025-01-28
3275,Data Analyst,8,IBM,Mumbai,5+ Years,23.4,2025-10-05
3276,Data Analyst,15,KPMG,Pune,Fresher,9.13,2025-04-05
3277,Data Analyst,3,Wipro,Delhi NCR,2-5 Years,17.4,2025-07-31
3278,Data Analyst,9,HCL,Delhi NCR,2-5 Years,16.16,2025-05-13
3279,Data Analyst,14,PwC,Ahmedabad,5+ Years,23.1,2025-01-13
3280,Data Analyst,15,KPMG,Ahmedabad,0-2 Years,11.66,2025-10-14
3281,Data Analyst,6,Capgemini,Pune,Fresher,6.47,2025-10-04
3282,Data Analyst,12,Microsoft,Jaipur,0-2 Years,11.04,2025-07-31
3283,Data Analyst,6,Capgemini,Jaipur,0-2 Years,8.42,2025-05-11
3284,Data Analyst,5,Deloitte,Jaipur,0-2 Years,12.05,2025-11-28
3285,Data Analyst,8,IBM,Pune,5+ Years,21.63,2025-08-30
3286,Data Analyst,8,IBM,Delhi NCR,0-2 Years,12.8,2025-06-07
3287,Data Analyst,5,Deloitte,Jaipur,Fresher,6.6,2025-02-16
3288,Data Analyst,15,KPMG,Kolkata,2-5 Years,15.75,2025-10-28
3289,Data Analyst,8,IBM,Bangalore,0-2 Years,12.25,2025-12-08
3290,Data Analyst,8,IBM,Mumbai,0-2 Years,12.15,2025-06-28
3291,Data Analyst,8,IBM,Hyderabad,0-2 Years,13.7,2025-11-29
3292,Data Analyst,15,KPMG,Bangalore,Fresher,6.01,2025-07-04
3293,Data Analyst,14,PwC,Mumbai,0-2 Years,14.03,2025-05-29
3294,Data Analyst,2,Infosys,Delhi NCR,2-5 Years,16.41,2025-09-11
3295,Data Analyst,1,TCS,Delhi NCR,5+ Years,21.55,2025-09-01
3296,Data Analyst,9,HCL,Delhi NCR,0-2 Years,9.71,2025-05-01
3297,Data Analyst,12,Microsoft,Kolkata,2-5 Years,18.01,2025-02-25
3298,Data Analyst,12,Microsoft,Kolkata,5+ Years,21.87,2025-09-19
3299,Data Analyst,11,Amazon,Mumbai,2-5 Years,16.12,2025-08-10
3300,Data Analyst,10,Tech Mahindra,Pune,0-2 Years,12.86,2025-04-24
3301,Data Analyst,6,Capgemini,Kolkata,2-5 Years,16.41,2025-11-17
3302,Data Analyst,11,Amazon,Bangalore,2-5 Years,16.87,2025-11-18
3303,Data Analyst,4,Accenture,Kolkata,0-2 Years,11.26,2025-02-04
3304,Data Analyst,14,PwC,Delhi NCR,2-5 Years,14.77,2025-12-02
3305,Data Analyst,9,HCL,Hyderabad,0-2 Years,13.32,2025-08-22
3306,Data Analyst,3,Wipro,Ahmedabad,2-5 Years,17.27,2025-11-15
3307,Data Analyst,1,TCS,Mumbai,Fresher,9.14,2025-10-31
3308,Data Analyst,4,Accenture,Ahmedabad,0-2 Years,11.43,2025-09-21
3309,Data Analyst,13,Flipkart,Pune,5+ Years,25.61,2025-02-15
3310,Data Analyst,15,KPMG,Mumbai,0-2 Years,12.5,2025-03-15
3311,Data Analyst,15,KPMG,Pune,2-5 Years,15.08,2025-09-06
3312,Data Analyst,12,Microsoft,Mumbai,0-2 Years,13.04,2025-08-14
3313,Data Analyst,13,Flipkart,Bangalore,2-5 Years,20.5,2025-07-07
3314,Data Analyst,5,Deloitte,Delhi NCR,2-5 Years,14.78,2025-03-07
3315,Data Analyst,11,Amazon,Kolkata,0-2 Years,10.57,2025-11-01
3316,Data Analyst,10,Tech Mahindra,Kolkata,2-5 Years,16.5,2025-10-18
3317,Data Analyst,14,PwC,Hyderabad,Fresher,7.94,2025-03-12
3318,Data Analyst,6,Capgemini,Ahmedabad,0-2 Years,9.82,2025-09-06
3319,Data Analyst,15,KPMG,Kolkata,0-2 Years,12.35,2025-09-04
3320,Data Analyst,1,TCS,Chennai,0-2 Years,14.28,2025-12-26
3321,Data Analyst,1,TCS,Kolkata,2-5 Years,16.24,2025-02-15
3322,Data Analyst,15,KPMG,Jaipur,0-2 Years,9.92,2025-01-27
3323,Data Analyst,8,IBM,Ahmedabad,0-2 Years,9.14,2025-01-16
3324,Data Analyst,2,Infosys,Mumbai,2-5 Years,17.81,2025-04-04
3325,Data Analyst,12,Microsoft,Delhi NCR,5+ Years,24.32,2025-12-07
3326,Data Analyst,13,Flipkart,Mumbai,2-5 Years,18.07,2025-04-01
3327,Data Analyst,5,Deloitte,Delhi NCR,2-5 Years,16.0,2025-11-16
3328,Data Analyst,7,Cognizant,Pune,0-2 Years,10.79,2025-05-12
3329,Data Analyst,14,PwC,Pune,0-2 Years,10.19,2025-09-06
3330,Data Analyst,7,Cognizant,Ahmedabad,2-5 Years,17.0,2025-07-03
3331,Data Analyst,10,Tech Mahindra,Ahmedabad,5+ Years,24.1,2025-09-01
3332,Data Analyst,12,Microsoft,Jaipur,2-5 Years,14.15,2025-03-13
3333,Data Analyst,3,Wipro,Jaipur,Fresher,8.91,2025-04-11
3334,Data Analyst,7,Cognizant,Mumbai,2-5 Years,18.19,2025-09-05
3335,Data Analyst,13,Flipkart,Pune,2-5 Years,18.18,2025-07-01
3336,Data Analyst,7,Cognizant,Hyderabad,2-5 Years,15.39,2025-07-05
3337,Data Analyst,1,TCS,Hyderabad,0-2 Years,10.36,2025-12-09
3338,Data Analyst,6,Capgemini,Pune,0-2 Years,11.32,2025-11-11
3339,Data Analyst,2,Infosys,Pune,Fresher,8.1,2025-09-08
3340,Data Analyst,7,Cognizant,Ahmedabad,0-2 Years,13.16,2025-07-09
3341,Data Analyst,11,Amazon,Bangalore,2-5 Years,18.85,2025-06-28
3342,Data Analyst,4,Accenture,Ahmedabad,Fresher,6.71,2025-09-09
3343,Data Analyst,8,IBM,Chennai,0-2 Years,10.27,2025-02-18
3344,Data Analyst,15,KPMG,Kolkata,Fresher,8.48,2025-07-27
3345,Data Analyst,1,TCS,Delhi NCR,Fresher,5.84,2025-09-03
3346,Data Analyst,5,Deloitte,Bangalore,0-2 Years,14.95,2025-06-21
3347,Data Analyst,8,IBM,Delhi NCR,2-5 Years,15.66,2025-09-26
3348,Data Analyst,15,KPMG,Jaipur,0-2 Years,12.91,2025-09-19
3349,Data Analyst,1,TCS,Hyderabad,0-2 Years,12.81,2025-04-14
3350,Data Analyst,10,Tech Mahindra,Mumbai,5+ Years,24.34,2025-06-15
3351,Data Analyst,14,PwC,Pune,0-2 Years,10.88,2025-08-31
3352,Data Analyst,1,TCS,Jaipur,0-2 Years,10.59,2025-01-24
3353,Data Analyst,5,Deloitte,Hyderabad,2-5 Years,17.51,2025-10-17
3354,Data Analyst,7,Cognizant,Hyderabad,0-2 Years,12.09,2025-01-15
3355,Data Analyst,10,Tech Mahindra,Delhi NCR,0-2 Years,10.29,2025-08-26
3356,Data Analyst,11,Amazon,Jaipur,5+ Years,22.8,2025-04-04
3357,Data Analyst,2,Infosys,Pune,0-2 Years,11.59,2025-03-11
3358,Data Analyst,5,Deloitte,Bangalore,0-2 Years,10.45,2025-12-09
3359,Data Analyst,15,KPMG,Pune,0-2 Years,12.05,2025-08-05
3360,Data Analyst,3,Wipro,Ahmedabad,5+ Years,21.82,2025-11-04
3361,Data Analyst,4,Accenture,Mumbai,0-2 Years,11.12,2025-06-14
3362,Data Analyst,5,Deloitte,Mumbai,2-5 Years,15.48,2025-08-15
3363,Data Analyst,14,PwC,Pune,0-2 Years,9.35,2025-06-24
3364,Data Analyst,14,PwC,Chennai,2-5 Years,14.87,2025-05-10
3365,Data Analyst,10,Tech Mahindra,Pune,5+ Years,22.65,2025-04-08
3366,Data Analyst,9,HCL,Hyderabad,0-2 Years,14.34,2025-08-15
3367,Data Analyst,5,Deloitte,Hyderabad,0-2 Years,11.37,2025-02-19
3368,Data Analyst,7,Cognizant,Mumbai,0-2 Years,12.71,2025-12-26
3369,Data Analyst,13,Flipkart,Mumbai,0-2 Years,12.98,2025-11-27
3370,Data Analyst,6,Capgemini,Bangalore,2-5 Years,18.16,2025-06-10
3371,Data Analyst,14,PwC,Delhi NCR,0-2 Years,10.91,2025-08-27
3372,Data Analyst,14,PwC,Hyderabad,0-2 Years,10.57,2025-01-14
3373,Data Analyst,12,Microsoft,Pune,2-5 Years,18.24,2025-02-09
3374,Data Analyst,2,Infosys,Chennai,Fresher,9.67,2025-02-22
3375,Data Analyst,14,PwC,Pune,0-2 Years,9.48,2025-10-09
3376,Data Analyst,14,PwC,Bangalore,0-2 Years,11.77,2025-01-14
3377,Data Analyst,1,TCS,Ahmedabad,2-5 Years,15.66,2025-05-31
3378,Data Analyst,4,Accenture,Hyderabad,0-2 Years,10.84,2025-03-16
3379,Data Analyst,10,Tech Mahindra,Hyderabad,0-2 Years,12.61,2025-06-11
3380,Data Analyst,3,Wipro,Mumbai,0-2 Years,11.63,2025-06-08
3381,Data Analyst,7,Cognizant,Jaipur,0-2 Years,13.6,2025-07-18
3382,Data Analyst,3,Wipro,Chennai,2-5 Years,17.93,2025-12-20
3383,Data Analyst,9,HCL,Chennai,0-2 Years,11.76,2025-01-29
3384,Data Analyst,14,PwC,Hyderabad,0-2 Years,13.23,2025-09-11
3385,Data Analyst,14,PwC,Hyderabad,2-5 Years,18.33,2025-08-18
3386,Data Analyst,6,Capgemini,Delhi NCR,0-2 Years,10.32,2025-06-05
3387,Data Analyst,14,PwC,Bangalore,2-5 Years,17.02,2025-03-08
3388,Data Analyst,12,Microsoft,Pune,0-2 Years,11.59,2025-08-22
3389,Data Analyst,15,KPMG,Delhi NCR,2-5 Years,17.03,2025-03-13
3390,Data Analyst,15,KPMG,Chennai,2-5 Years,16.67,2025-05-23
3391,Data Analyst,4,Accenture,Mumbai,2-5 Years,15.61,2025-03-29
3392,Data Analyst,11,Amazon,Delhi NCR,0-2 Years,10.04,2025-06-13
3393,Data Analyst,6,Capgemini,Delhi NCR,2-5 Years,15.91,2025-07-19
3394,Data Analyst,4,Accenture,Delhi NCR,2-5 Years,15.91,2025-06-24
3395,Data Analyst,12,Microsoft,Kolkata,Fresher,9.37,2025-09-03
3396,Data Analyst,13,Flipkart,Hyderabad,0-2 Years,10.34,2025-05-25
3397,Data Analyst,14,PwC,Chennai,0-2 Years,12.11,2025-02-26
3398,Data Analyst,10,Tech Mahindra,Kolkata,0-2 Years,12.79,2025-01-07
3399,Data Analyst,13,Flipkart,Pune,0-2 Years,14.23,2025-09-17
3400,Data Analyst,3,Wipro,Hyderabad,2-5 Years,16.51,2025-07-01
3401,Data Analyst,7,Cognizant,Pune,0-2 Years,12.09,2025-06-08
3402,Data Analyst,3,Wipro,Jaipur,0-2 Years,11.68,2025-04-21
3403,Data Analyst,11,Amazon,Jaipur,0-2 Years,11.23,2025-03-30
3404,Data Analyst,14,PwC,Chennai,0-2 Years,11.38,2025-07-29
3405,Data Analyst,12,Microsoft,Chennai,0-2 Years,12.02,2025-11-17
3406,Data Analyst,9,HCL,Chennai,2-5 Years,13.46,2025-10-31
3407,Data Analyst,15,KPMG,Chennai,5+ Years,24.32,2025-12-22
3408,Data Analyst,5,Deloitte,Hyderabad,2-5 Years,17.15,2025-07-02
3409,Data Analyst,1,TCS,Delhi NCR,5+ Years,22.73,2025-04-08
3410,Data Analyst,13,Flipkart,Hyderabad,2-5 Years,19.46,2025-05-21
3411,Data Analyst,12,Microsoft,Mumbai,0-2 Years,11.69,2025-09-24
3412,Data Analyst,4,Accenture,Chennai,0-2 Years,11.02,2025-01-07
3413,Data Analyst,3,Wipro,Ahmedabad,Fresher,9.39,2025-07-29
3414,Data Analyst,8,IBM,Bangalore,0-2 Years,12.0,2025-10-12
3415,Data Analyst,4,Accenture,Jaipur,0-2 Years,10.34,2025-06-02
3416,Data Analyst,15,KPMG,Jaipur,2-5 Years,15.82,2025-01-31
3417,Data Analyst,2,Infosys,Delhi NCR,Fresher,8.01,2025-12-11
3418,Data Analyst,8,IBM,Chennai,Fresher,7.75,2025-12-05
3419,Data Analyst,5,Deloitte,Bangalore,2-5 Years,16.45,2025-11-19
3420,Data Analyst,4,Accenture,Jaipur,2-5 Years,15.36,2025-12-29
3421,Data Analyst,2,Infosys,Mumbai,0-2 Years,11.77,2025-02-19
3422,Data Analyst,7,Cognizant,Pune,0-2 Years,11.41,2025-07-08
3423,Data Analyst,2,Infosys,Mumbai,0-2 Years,13.01,2025-07-08
3424,Data Analyst,6,Capgemini,Ahmedabad,5+ Years,23.5,2025-10-25
3425,Data Analyst,5,Deloitte,Hyderabad,5+ Years,21.87,2025-08-01
3426,Data Analyst,15,KPMG,Bangalore,0-2 Years,14.28,2025-05-22
3427,Data Analyst,10,Tech Mahindra,Hyderabad,2-5 Years,17.3,2025-01-10
3428,Data Analyst,7,Cognizant,Delhi NCR,5+ Years,24.66,2025-02-09
3429,Data Analyst,3,Wipro,Mumbai,0-2 Years,13.03,2025-12-07
3430,Data Analyst,15,KPMG,Ahmedabad,0-2 Years,12.32,2025-06-21
3431,Data Analyst,6,Capgemini,Hyderabad,0-2 Years,12.56,2025-03-06
3432,Data Analyst,15,KPMG,Kolkata,0-2 Years,12.62,2025-02-28
3433,Data Analyst,11,Amazon,Jaipur,2-5 Years,16.63,2025-10-04
3434,Data Analyst,6,Capgemini,Ahmedabad,0-2 Years,10.88,2025-09-17
3435,Data Analyst,13,Flipkart,Jaipur,Fresher,9.73,2025-08-13
3436,Data Analyst,5,Deloitte,Pune,Fresher,8.57,2025-08-07
3437,Data Analyst,7,Cognizant,Kolkata,0-2 Years,11.69,2025-11-26
3438,Data Analyst,11,Amazon,Kolkata,0-2 Years,9.47,2025-07-02
3439,Data Analyst,4,Accenture,Jaipur,Fresher,5.45,2025-01-22
3440,Data Analyst,7,Cognizant,Kolkata,0-2 Years,11.35,2025-01-28
3441,Data Analyst,8,IBM,Mumbai,2-5 Years,17.67,2025-06-17
3442,Data Analyst,2,Infosys,Hyderabad,0-2 Years,11.26,2025-10-20
3443,Data Analyst,12,Microsoft,Jaipur,0-2 Years,11.17,2025-05-03
3444,Data Analyst,4,Accenture,Kolkata,2-5 Years,17.91,2025-11-11
3445,Data Analyst,8,IBM,Mumbai,2-5 Years,18.33,2025-09-30
3446,Data Analyst,3,Wipro,Chennai,0-2 Years,10.13,2025-08-14
3447,Data Analyst,12,Microsoft,Ahmedabad,0-2 Years,10.87,2025-09-14
3448,Data Analyst,6,Capgemini,Bangalore,0-2 Years,12.03,2025-10-30
3449,Data Analyst,7,Cognizant,Hyderabad,0-2 Years,11.53,2025-02-20
3450,Data Analyst,3,Wipro,Chennai,0-2 Years,11.0,2025-03-12
3451,Data Analyst,5,Deloitte,Chennai,Fresher,6.93,2025-06-04
3452,Data Analyst,7,Cognizant,Delhi NCR,Fresher,5.49,2025-10-05
3453,Data Analyst,9,HCL,Ahmedabad,2-5 Years,15.85,2025-07-06
3454,Data Analyst,15,KPMG,Mumbai,2-5 Years,16.83,2025-11-11
3455,Data Analyst,10,Tech Mahindra,Mumbai,0-2 Years,8.98,2025-09-27
3456,Data Analyst,5,Deloitte,Pune,2-5 Years,18.96,2025-01-14
3457,Data Analyst,3,Wipro,Pune,0-2 Years,12.81,2025-10-19
3458,Data Analyst,2,Infosys,Bangalore,0-2 Years,12.55,2025-07-15
3459,Data Analyst,8,IBM,Hyderabad,2-5 Years,17.02,2025-04-10
3460,Data Analyst,3,Wipro,Kolkata,0-2 Years,9.59,2025-07-14
3461,Data Analyst,3,Wipro,Jaipur,2-5 Years,18.03,2025-01-08
3462,Data Analyst,8,IBM,Mumbai,2-5 Years,19.78,2025-02-05
3463,Data Analyst,5,Deloitte,Kolkata,0-2 Years,11.19,2025-10-10
3464,Data Analyst,12,Microsoft,Mumbai,Fresher,9.73,2025-10-27
3465,Data Analyst,14,PwC,Mumbai,5+ Years,24.71,2025-10-01
3466,Data Analyst,3,Wipro,Delhi NCR,0-2 Years,9.4,2025-12-27
3467,Data Analyst,8,IBM,Chennai,2-5 Years,16.01,2025-05-13
3468,Data Analyst,1,TCS,Mumbai,Fresher,8.66,2025-04-21
3469,Data Analyst,12,Microsoft,Kolkata,0-2 Years,10.45,2025-11-05
3470,Data Analyst,8,IBM,Bangalore,0-2 Years,12.74,2025-05-18
3471,Data Analyst,2,Infosys,Mumbai,2-5 Years,17.39,2025-12-26
3472,Data Analyst,14,PwC,Delhi NCR,5+ Years,22.9,2025-05-16
3473,Data Analyst,12,Microsoft,Pune,0-2 Years,11.56,2025-10-09
3474,Data Analyst,5,Deloitte,Hyderabad,2-5 Years,15.73,2025-02-13
3475,Data Analyst,11,Amazon,Pune,0-2 Years,10.64,2025-09-22
3476,Data Analyst,5,Deloitte,Jaipur,2-5 Years,14.46,2025-08-07
3477,Data Analyst,9,HCL,Bangalore,2-5 Years,19.17,2025-05-16
3478,Data Analyst,2,Infosys,Ahmedabad,Fresher,4.47,2025-07-07
3479,Data Analyst,9,HCL,Ahmedabad,2-5 Years,17.38,2025-07-23
3480,Data Analyst,1,TCS,Delhi NCR,Fresher,8.66,2025-07-26
3481,Data Analyst,12,Microsoft,Mumbai,2-5 Years,17.14,2025-06-05
3482,Data Analyst,3,Wipro,Mumbai,2-5 Years,14.38,2025-03-25
3483,Data Analyst,10,Tech Mahindra,Jaipur,0-2 Years,10.57,2025-05-18
3484,Data Analyst,6,Capgemini,Kolkata,2-5 Years,15.92,2025-12-11
3485,Data Analyst,9,HCL,Bangalore,0-2 Years,11.79,2025-02-18
3486,Data Analyst,14,PwC,Mumbai,2-5 Years,16.88,2025-11-23
3487,Data Analyst,7,Cognizant,Ahmedabad,Fresher,8.84,2025-05-18
3488,Data Analyst,8,IBM,Kolkata,Fresher,7.8,2025-03-20
3489,Data Analyst,4,Accenture,Delhi NCR,Fresher,5.89,2025-11-06
3490,Data Analyst,3,Wipro,Kolkata,2-5 Years,14.08,2025-11-04
3491,Data Analyst,11,Amazon,Delhi NCR,0-2 Years,10.61,2025-05-11
3492,Data Analyst,11,Amazon,Pune,Fresher,7.24,2025-02-14
3493,Data Analyst,8,IBM,Ahmedabad,Fresher,7.6,2025-02-22
3494,Data Analyst,9,HCL,Bangalore,Fresher,8.36,2025-01-05
3495,Data Analyst,15,KPMG,Ahmedabad,Fresher,7.61,2025-06-15
3496,Data Analyst,4,Accenture,Bangalore,0-2 Years,15.32,2025-04-19
3497,Data Analyst,5,Deloitte,Kolkata,2-5 Years,16.98,2025-11-17
3498,Data Analyst,11,Amazon,Chennai,2-5 Years,16.44,2025-03-13
3499,Data Analyst,7,Cognizant,Chennai,Fresher,7.28,2025-06-18
3500,Data Analyst,11,Amazon,Kolkata,Fresher,6.57,2025-06-28
3501,Data Analyst,14,PwC,Ahmedabad,0-2 Years,12.42,2025-02-01
3502,Data Analyst,13,Flipkart,Ahmedabad,0-2 Years,10.25,2025-10-09
3503,Data Analyst,13,Flipkart,Mumbai,2-5 Years,17.55,2025-06-11
3504,Data Analyst,5,Deloitte,Mumbai,2-5 Years,17.56,2025-09-30
3505,Data Analyst,2,Infosys,Delhi NCR,Fresher,6.4,2025-01-25
3506,Data Analyst,7,Cognizant,Hyderabad,Fresher,6.35,2025-01-27
3507,Data Analyst,6,Capgemini,Delhi NCR,0-2 Years,11.39,2025-05-09
3508,Data Analyst,12,Microsoft,Delhi NCR,0-2 Years,10.93,2025-05-26
3509,Data Analyst,1,TCS,Kolkata,2-5 Years,16.6,2025-02-06
3510,Data Analyst,5,Deloitte,Chennai,0-2 Years,10.86,2025-07-06
3511,Data Analyst,2,Infosys,Hyderabad,0-2 Years,13.46,2025-04-13
3512,Data Analyst,13,Flipkart,Bangalore,0-2 Years,11.95,2025-09-11
3513,Data Analyst,4,Accenture,Hyderabad,0-2 Years,14.05,2025-04-11
3514,Data Analyst,15,KPMG,Chennai,0-2 Years,9.4,2025-01-11
3515,Data Analyst,13,Flipkart,Kolkata,0-2 Years,11.52,2025-02-23
3516,Data Analyst,6,Capgemini,Mumbai,2-5 Years,18.07,2025-07-17
3517,Data Analyst,6,Capgemini,Kolkata,2-5 Years,15.05,2025-08-23
3518,Data Analyst,2,Infosys,Ahmedabad,Fresher,7.51,2025-08-09
3519,Data Analyst,5,Deloitte,Ahmedabad,Fresher,8.54,2025-01-23
3520,Data Analyst,3,Wipro,Hyderabad,0-2 Years,9.34,2025-10-12
3521,Data Analyst,4,Accenture,Bangalore,0-2 Years,13.6,2025-11-05
3522,Data Analyst,9,HCL,Delhi NCR,2-5 Years,13.01,2025-03-29
3523,Data Analyst,15,KPMG,Pune,Fresher,6.34,2025-11-16
3524,Data Analyst,15,KPMG,Bangalore,0-2 Years,14.95,2025-04-06
3525,Data Analyst,13,Flipkart,Jaipur,2-5 Years,15.3,2025-05-08
3526,Data Analyst,15,KPMG,Mumbai,Fresher,7.09,2025-12-20
3527,Data Analyst,1,TCS,Kolkata,0-2 Years,10.76,2025-08-24
3528,Data Analyst,4,Accenture,Ahmedabad,2-5 Years,18.48,2025-08-19
3529,Data Analyst,1,TCS,Hyderabad,Fresher,5.8,2025-07-09
3530,Data Analyst,14,PwC,Ahmedabad,0-2 Years,9.74,2026-01-01
3531,Data Analyst,9,HCL,Pune,5+ Years,25.3,2025-06-28
3532,Data Analyst,8,IBM,Jaipur,Fresher,9.23,2025-10-14
3533,Data Analyst,9,HCL,Chennai,0-2 Years,11.38,2025-06-25
3534,Data Analyst,15,KPMG,Delhi NCR,0-2 Years,9.51,2025-05-23
3535,Data Analyst,12,Microsoft,Hyderabad,5+ Years,26.52,2025-12-15
3536,Data Analyst,15,KPMG,Chennai,0-2 Years,13.41,2025-04-09
3537,Data Analyst,13,Flipkart,Hyderabad,0-2 Years,12.81,2025-02-23
3538,Data Analyst,14,PwC,Kolkata,0-2 Years,10.03,2025-08-09
3539,Data Analyst,11,Amazon,Delhi NCR,0-2 Years,10.94,2025-03-07
3540,Data Analyst,1,TCS,Jaipur,0-2 Years,10.81,2025-11-13
3541,Data Analyst,5,Deloitte,Pune,5+ Years,23.9,2025-11-02
3542,Data Analyst,13,Flipkart,Chennai,2-5 Years,18.24,2025-07-04
3543,Data Analyst,10,Tech Mahindra,Pune,2-5 Years,17.56,2025-07-26
3544,Data Analyst,9,HCL,Pune,Fresher,6.21,2025-03-26
3545,Data Analyst,10,Tech Mahindra,Delhi NCR,0-2 Years,12.65,2025-04-29
3546,Data Analyst,15,KPMG,Chennai,2-5 Years,16.88,2025-03-23
3547,Data Analyst,14,PwC,Chennai,Fresher,8.32,2025-03-24
3548,Data Analyst,7,Cognizant,Hyderabad,2-5 Years,18.76,2025-07-04
3549,Data Analyst,1,TCS,Jaipur,0-2 Years,9.67,2025-03-02
3550,Data Analyst,6,Capgemini,Pune,5+ Years,23.46,2025-09-29
3551,Data Analyst,15,KPMG,Mumbai,2-5 Years,16.86,2025-04-11
3552,Data Analyst,10,Tech Mahindra,Kolkata,2-5 Years,14.12,2025-10-16
3553,Data Analyst,12,Microsoft,Hyderabad,0-2 Years,12.42,2025-04-12
3554,Data Analyst,7,Cognizant,Ahmedabad,0-2 Years,14.01,2025-10-07
3555,Data Analyst,7,Cognizant,Pune,0-2 Years,9.29,2025-12-24
3556,Data Analyst,11,Amazon,Hyderabad,2-5 Years,16.96,2025-06-02
3557,Data Analyst,1,TCS,Mumbai,Fresher,9.27,2025-10-23
3558,Data Analyst,8,IBM,Ahmedabad,2-5 Years,16.15,2025-03-11
3559,Data Analyst,14,PwC,Chennai,0-2 Years,11.36,2025-11-28
3560,Data Analyst,1,TCS,Hyderabad,0-2 Years,10.44,2025-08-29
3561,Data Analyst,7,Cognizant,Jaipur,0-2 Years,11.28,2025-03-15
3562,Data Analyst,8,IBM,Delhi NCR,2-5 Years,15.09,2025-12-28
3563,Data Analyst,13,Flipkart,Chennai,0-2 Years,8.87,2025-05-15
3564,Data Analyst,3,Wipro,Ahmedabad,Fresher,8.43,2025-09-13
3565,Data Analyst,7,Cognizant,Ahmedabad,5+ Years,24.15,2025-05-02
3566,Data Analyst,9,HCL,Ahmedabad,0-2 Years,11.06,2025-11-28
3567,Data Analyst,1,TCS,Ahmedabad,0-2 Years,11.27,2025-01-09
3568,Data Analyst,12,Microsoft,Hyderabad,0-2 Years,13.29,2025-08-18
3569,Data Analyst,14,PwC,Hyderabad,0-2 Years,12.27,2025-07-12
3570,Data Analyst,9,HCL,Jaipur,0-2 Years,12.08,2025-06-11
3571,Data Analyst,1,TCS,Delhi NCR,2-5 Years,15.64,2025-10-30
3572,Data Analyst,3,Wipro,Kolkata,0-2 Years,12.57,2025-11-25
3573,Data Analyst,11,Amazon,Jaipur,2-5 Years,16.38,2025-03-14
3574,Data Analyst,9,HCL,Jaipur,Fresher,7.23,2025-08-25
3575,Data Analyst,15,KPMG,Jaipur,0-2 Years,9.48,2025-02-19
3576,Data Analyst,8,IBM,Jaipur,2-5 Years,16.34,2025-10-29
3577,Data Analyst,15,KPMG,Hyderabad,0-2 Years,11.0,2025-05-11
3578,Data Analyst,2,Infosys,Kolkata,Fresher,6.23,2025-09-17
3579,Data Analyst,10,Tech Mahindra,Bangalore,0-2 Years,12.02,2025-12-24
3580,Data Analyst,8,IBM,Jaipur,5+ Years,21.72,2025-11-14
3581,Data Analyst,12,Microsoft,Kolkata,2-5 Years,18.55,2025-01-22
3582,Data Analyst,1,TCS,Delhi NCR,0-2 Years,12.6,2025-09-22
3583,Data Analyst,14,PwC,Ahmedabad,5+ Years,25.3,2025-06-22
3584,Data Analyst,6,Capgemini,Delhi NCR,5+ Years,21.53,2025-08-28
3585,Data Analyst,4,Accenture,Ahmedabad,2-5 Years,16.09,2025-12-01
3586,Data Analyst,13,Flipkart,Delhi NCR,Fresher,5.45,2025-11-07
3587,Data Analyst,12,Microsoft,Bangalore,Fresher,8.17,2025-05-21
3588,Data Analyst,1,TCS,Mumbai,0-2 Years,11.4,2025-02-03
3589,Data Analyst,8,IBM,Ahmedabad,2-5 Years,17.49,2025-02-24
3590,Data Analyst,15,KPMG,Chennai,Fresher,7.02,2025-04-30
3591,Data Analyst,1,TCS,Mumbai,0-2 Years,13.78,2025-05-21
3592,Data Analyst,15,KPMG,Jaipur,0-2 Years,11.72,2025-03-20
3593,Data Analyst,2,Infosys,Delhi NCR,2-5 Years,18.76,2025-12-22
3594,Data Analyst,4,Accenture,Pune,5+ Years,21.72,2025-01-27
3595,Data Analyst,4,Accenture,Ahmedabad,0-2 Years,12.51,2025-07-14
3596,Data Analyst,8,IBM,Ahmedabad,0-2 Years,12.38,2025-09-07
3597,Data Analyst,11,Amazon,Mumbai,2-5 Years,16.33,2025-02-04
3598,Data Analyst,1,TCS,Ahmedabad,0-2 Years,12.21,2025-12-01
3599,Data Analyst,11,Amazon,Ahmedabad,0-2 Years,11.4,2025-11-02
3600,Data Analyst,11,Amazon,Ahmedabad,2-5 Years,15.73,2025-01-15
3601,Data Analyst,12,Microsoft,Bangalore,0-2 Years,12.01,2025-07-31
3602,Data Analyst,13,Flipkart,Bangalore,0-2 Years,12.14,2025-08-26
3603,Data Analyst,9,HCL,Delhi NCR,0-2 Years,13.46,2025-12-07
3604,Data Analyst,13,Flipkart,Pune,0-2 Years,11.5,2025-11-24
3605,Data Analyst,4,Accenture,Pune,2-5 Years,17.44,2025-08-09
3606,Data Analyst,6,Capgemini,Mumbai,5+ Years,23.55,2025-01-31
3607,Data Analyst,2,Infosys,Mumbai,2-5 Years,16.56,2025-12-13
3608,Data Analyst,2,Infosys,Mumbai,2-5 Years,18.8,2025-07-14
3609,Data Analyst,12,Microsoft,Ahmedabad,Fresher,5.38,2025-01-24
3610,Data Analyst,15,KPMG,Ahmedabad,2-5 Years,15.5,2025-03-02
3611,Data Analyst,5,Deloitte,Bangalore,2-5 Years,18.04,2025-11-28
3612,Data Analyst,7,Cognizant,Bangalore,0-2 Years,13.13,2025-02-13
3613,Data Analyst,15,KPMG,Hyderabad,Fresher,7.79,2025-11-17
3614,Data Analyst,11,Amazon,Hyderabad,0-2 Years,12.47,2025-05-01
3615,Data Analyst,12,Microsoft,Pune,Fresher,8.33,2025-08-17
3616,Data Analyst,10,Tech Mahindra,Chennai,0-2 Years,12.38,2025-11-11
3617,Data Analyst,1,TCS,Kolkata,Fresher,5.82,2025-03-02
3618,Data Analyst,5,Deloitte,Kolkata,2-5 Years,15.66,2025-01-09
3619,Data Analyst,8,IBM,Jaipur,5+ Years,24.43,2025-06-16
3620,Data Analyst,1,TCS,Jaipur,2-5 Years,17.07,2025-05-28
3621,Data Analyst,6,Capgemini,Bangalore,2-5 Years,16.35,2025-02-05
3622,Data Analyst,8,IBM,Chennai,0-2 Years,11.92,2025-08-26
3623,Data Analyst,7,Cognizant,Mumbai,0-2 Years,10.13,2025-09-18
3624,Data Analyst,9,HCL,Chennai,2-5 Years,16.56,2025-04-07
3625,Data Analyst,7,Cognizant,Pune,2-5 Years,18.78,2025-09-03
3626,Data Analyst,1,TCS,Delhi NCR,0-2 Years,9.86,2025-09-12
3627,Data Analyst,6,Capgemini,Mumbai,Fresher,7.5,2025-04-16
3628,Data Analyst,6,Capgemini,Kolkata,5+ Years,23.92,2025-05-19
3629,Data Analyst,2,Infosys,Chennai,0-2 Years,9.65,2025-05-21
3630,Data Analyst,3,Wipro,Delhi NCR,Fresher,6.24,2025-07-11
3631,Data Analyst,13,Flipkart,Jaipur,0-2 Years,11.72,2025-10-25
3632,Data Analyst,2,Infosys,Hyderabad,0-2 Years,11.24,2025-08-06
3633,Data Analyst,6,Capgemini,Kolkata,0-2 Years,10.72,2025-09-30
3634,Data Analyst,4,Accenture,Kolkata,0-2 Years,11.89,2025-04-27
3635,Data Analyst,11,Amazon,Kolkata,2-5 Years,16.51,2025-08-09
3636,Data Analyst,1,TCS,Hyderabad,0-2 Years,12.32,2025-05-27
3637,Data Analyst,15,KPMG,Delhi NCR,Fresher,6.59,2025-06-29
3638,Data Analyst,4,Accenture,Mumbai,2-5 Years,17.94,2025-12-19
3639,Data Analyst,1,TCS,Delhi NCR,0-2 Years,10.85,2025-05-12
3640,Data Analyst,3,Wipro,Hyderabad,0-2 Years,12.55,2025-07-30
3641,Data Analyst,3,Wipro,Mumbai,0-2 Years,11.9,2025-09-28
3642,Data Analyst,11,Amazon,Mumbai,Fresher,8.28,2025-02-22
3643,Data Analyst,14,PwC,Chennai,0-2 Years,10.31,2025-08-22
3644,Data Analyst,13,Flipkart,Jaipur,0-2 Years,10.96,2025-07-28
3645,Data Analyst,5,Deloitte,Bangalore,Fresher,8.03,2025-10-06
3646,Data Analyst,1,TCS,Mumbai,0-2 Years,11.16,2025-02-05
3647,Data Analyst,14,PwC,Pune,0-2 Years,11.81,2025-06-23
3648,Data Analyst,2,Infosys,Bangalore,0-2 Years,13.26,2025-06-27
3649,Data Analyst,8,IBM,Chennai,5+ Years,24.44,2025-08-18
3650,Data Analyst,1,TCS,Hyderabad,0-2 Years,11.48,2025-04-08
3651,Data Analyst,8,IBM,Mumbai,0-2 Years,12.99,2025-10-14
3652,Data Analyst,1,TCS,Hyderabad,2-5 Years,17.66,2025-04-12
3653,Data Analyst,3,Wipro,Pune,0-2 Years,12.03,2025-07-16
3654,Data Analyst,4,Accenture,Pune,5+ Years,22.51,2025-01-23
3655,Data Analyst,5,Deloitte,Kolkata,0-2 Years,11.18,2025-05-02
3656,Data Analyst,11,Amazon,Mumbai,Fresher,8.94,2025-09-18
3657,Data Analyst,14,PwC,Hyderabad,0-2 Years,12.01,2025-09-08
3658,Data Analyst,14,PwC,Bangalore,Fresher,6.5,2025-04-19
3659,Data Analyst,11,Amazon,Hyderabad,Fresher,8.19,2025-11-14
3660,Data Analyst,10,Tech Mahindra,Kolkata,2-5 Years,18.66,2025-05-07
3661,Data Analyst,15,KPMG,Kolkata,2-5 Years,15.57,2025-07-23
3662,Data Analyst,13,Flipkart,Mumbai,Fresher,7.63,2025-01-25
3663,Data Analyst,12,Microsoft,Delhi NCR,2-5 Years,16.45,2025-01-17
3664,Data Analyst,15,KPMG,Jaipur,0-2 Years,11.37,2025-07-26
3665,Data Analyst,3,Wipro,Jaipur,0-2 Years,12.43,2025-09-15
3666,Data Analyst,3,Wipro,Delhi NCR,0-2 Years,9.49,2025-11-30
3667,Data Analyst,13,Flipkart,Pune,Fresher,8.38,2025-01-13
3668,Data Analyst,3,Wipro,Jaipur,2-5 Years,16.71,2025-08-27
3669,Data Analyst,11,Amazon,Jaipur,2-5 Years,15.83,2025-12-22
3670,Data Analyst,7,Cognizant,Chennai,2-5 Years,16.91,2025-08-22
3671,Data Analyst,8,IBM,Ahmedabad,5+ Years,24.24,2025-11-19
3672,Data Analyst,5,Deloitte,Chennai,0-2 Years,12.55,2025-11-29
3673,Data Analyst,15,KPMG,Kolkata,2-5 Years,14.63,2025-07-07
3674,Data Analyst,4,Accenture,Mumbai,0-2 Years,13.48,2025-10-24
3675,Data Analyst,10,Tech Mahindra,Ahmedabad,0-2 Years,10.92,2025-06-14
3676,Data Analyst,13,Flipkart,Hyderabad,2-5 Years,17.09,2025-03-29
3677,Data Analyst,5,Deloitte,Delhi NCR,2-5 Years,16.09,2025-09-05
3678,Data Analyst,11,Amazon,Mumbai,Fresher,8.32,2025-05-23
3679,Data Analyst,14,PwC,Chennai,0-2 Years,12.93,2025-02-23
3680,Data Analyst,9,HCL,Hyderabad,2-5 Years,16.9,2025-04-22
3681,Data Analyst,5,Deloitte,Delhi NCR,Fresher,5.66,2025-04-07
3682,Data Analyst,10,Tech Mahindra,Delhi NCR,0-2 Years,10.53,2025-06-04
3683,Data Analyst,11,Amazon,Ahmedabad,Fresher,7.21,2025-04-25
3684,Data Analyst,12,Microsoft,Jaipur,2-5 Years,17.48,2025-07-30
3685,Data Analyst,9,HCL,Bangalore,0-2 Years,13.72,2025-10-26
3686,Data Analyst,2,Infosys,Mumbai,5+ Years,23.48,2025-12-14
3687,Data Analyst,3,Wipro,Ahmedabad,0-2 Years,13.98,2025-05-09
3688,Data Analyst,2,Infosys,Ahmedabad,0-2 Years,11.32,2025-11-28
3689,Data Analyst,9,HCL,Ahmedabad,2-5 Years,17.53,2025-05-18
3690,Data Analyst,3,Wipro,Pune,0-2 Years,11.32,2025-09-03
3691,Data Analyst,12,Microsoft,Kolkata,2-5 Years,16.64,2025-07-30
3692,Data Analyst,4,Accenture,Bangalore,0-2 Years,14.01,2025-11-05
3693,Data Analyst,10,Tech Mahindra,Kolkata,0-2 Years,12.46,2025-12-27
3694,Data Analyst,13,Flipkart,Bangalore,0-2 Years,14.27,2025-10-10
3695,Data Analyst,12,Microsoft,Kolkata,2-5 Years,17.05,2025-02-21
3696,Data Analyst,11,Amazon,Kolkata,0-2 Years,10.62,2025-09-27
3697,Data Analyst,14,PwC,Kolkata,5+ Years,22.31,2025-01-20
3698,Data Analyst,2,Infosys,Hyderabad,2-5 Years,17.4,2025-02-12
3699,Data Analyst,14,PwC,Bangalore,5+ Years,26.12,2025-02-05
3700,Data Analyst,3,Wipro,Delhi NCR,5+ Years,22.73,2025-10-31
3701,Data Analyst,7,Cognizant,Jaipur,2-5 Years,17.28,2025-05-03
3702,Data Analyst,11,Amazon,Hyderabad,0-2 Years,13.74,2025-10-28
3703,Data Analyst,14,PwC,Delhi NCR,0-2 Years,9.9,2025-05-03
3704,Data Analyst,9,HCL,Ahmedabad,0-2 Years,10.0,2025-08-13
3705,Data Analyst,10,Tech Mahindra,Ahmedabad,Fresher,6.83,2025-12-12
3706,Data Analyst,14,PwC,Pune,5+ Years,23.87,2025-10-15
3707,Data Analyst,4,Accenture,Ahmedabad,Fresher,6.37,2025-09-03
3708,Data Analyst,12,Microsoft,Pune,5+ Years,25.12,2025-02-17
3709,Data Analyst,11,Amazon,Bangalore,5+ Years,25.51,2025-04-19
3710,Data Analyst,4,Accenture,Mumbai,5+ Years,24.55,2025-07-20
3711,Data Analyst,4,Accenture,Kolkata,2-5 Years,14.28,2025-12-03
3712,Data Analyst,5,Deloitte,Mumbai,2-5 Years,15.92,2025-07-09
3713,Data Analyst,8,IBM,Jaipur,0-2 Years,11.34,2025-08-31
3714,Data Analyst,14,PwC,Delhi NCR,0-2 Years,8.44,2025-01-12
3715,Data Analyst,15,KPMG,Kolkata,0-2 Years,12.22,2025-08-07
3716,Data Analyst,4,Accenture,Bangalore,0-2 Years,12.81,2025-12-13
3717,Data Analyst,10,Tech Mahindra,Jaipur,Fresher,10.89,2025-12-11
3718,Data Analyst,10,Tech Mahindra,Pune,0-2 Years,14.27,2025-06-26
3719,Data Analyst,13,Flipkart,Chennai,2-5 Years,16.28,2025-11-10
3720,Data Analyst,12,Microsoft,Ahmedabad,0-2 Years,10.87,2025-04-25
3721,Data Analyst,9,HCL,Ahmedabad,0-2 Years,12.19,2025-07-25
3722,Data Analyst,14,PwC,Bangalore,2-5 Years,20.04,2025-04-20
3723,Data Analyst,2,Infosys,Mumbai,Fresher,6.53,2025-12-11
3724,Data Analyst,3,Wipro,Kolkata,0-2 Years,8.86,2025-09-11
3725,Data Analyst,3,Wipro,Hyderabad,0-2 Years,11.25,2025-11-02
3726,Data Analyst,11,Amazon,Kolkata,2-5 Years,16.7,2025-09-18
3727,Data Analyst,11,Amazon,Ahmedabad,Fresher,7.6,2025-07-30
3728,Data Analyst,13,Flipkart,Hyderabad,0-2 Years,13.28,2025-06-08
3729,Data Analyst,6,Capgemini,Hyderabad,Fresher,6.56,2025-07-06
3730,Data Analyst,9,HCL,Jaipur,2-5 Years,13.22,2025-07-26
3731,Data Analyst,7,Cognizant,Chennai,5+ Years,24.53,2025-07-04
3732,Data Analyst,2,Infosys,Bangalore,2-5 Years,17.01,2025-03-31
3733,Data Analyst,9,HCL,Bangalore,0-2 Years,10.58,2025-10-13
3734,Data Analyst,3,Wipro,Delhi NCR,Fresher,7.17,2025-11-26
3735,Data Analyst,8,IBM,Bangalore,0-2 Years,13.95,2025-08-06
3736,Data Analyst,9,HCL,Ahmedabad,Fresher,6.85,2025-04-25
3737,Data Analyst,14,PwC,Ahmedabad,0-2 Years,10.45,2025-11-28
3738,Data Analyst,2,Infosys,Ahmedabad,0-2 Years,10.81,2025-01-19
3739,Data Analyst,12,Microsoft,Hyderabad,0-2 Years,11.56,2025-01-05
3740,Data Analyst,2,Infosys,Chennai,0-2 Years,9.88,2025-06-27
3741,Data Analyst,12,Microsoft,Pune,0-2 Years,10.64,2025-06-18
3742,Data Analyst,6,Capgemini,Jaipur,0-2 Years,11.63,2025-04-07
3743,Data Analyst,11,Amazon,Delhi NCR,0-2 Years,11.39,2025-03-02
3744,Data Analyst,5,Deloitte,Ahmedabad,0-2 Years,11.2,2025-01-24
3745,Data Analyst,14,PwC,Delhi NCR,0-2 Years,9.81,2025-03-24
3746,Data Analyst,13,Flipkart,Delhi NCR,2-5 Years,15.78,2025-03-27
3747,Data Analyst,6,Capgemini,Jaipur,2-5 Years,13.39,2025-02-08
3748,Data Analyst,5,Deloitte,Pune,0-2 Years,11.71,2025-11-26
3749,Data Analyst,12,Microsoft,Kolkata,0-2 Years,12.71,2025-03-17
3750,Data Analyst,1,TCS,Jaipur,0-2 Years,9.23,2025-10-31
3751,Data Analyst,11,Amazon,Ahmedabad,2-5 Years,15.3,2025-01-29
3752,Data Analyst,2,Infosys,Jaipur,0-2 Years,11.39,2025-07-09
3753,Data Analyst,10,Tech Mahindra,Ahmedabad,0-2 Years,12.5,2025-05-22
3754,Data Analyst,12,Microsoft,Jaipur,Fresher,6.46,2025-08-20
3755,Data Analyst,9,HCL,Delhi NCR,2-5 Years,15.17,2025-01-16
3756,Data Analyst,1,TCS,Kolkata,Fresher,4.64,2025-10-01
3757,Data Analyst,8,IBM,Delhi NCR,0-2 Years,11.12,2025-06-01
3758,Data Analyst,3,Wipro,Chennai,Fresher,9.95,2025-02-05
3759,Data Analyst,6,Capgemini,Kolkata,0-2 Years,11.33,2025-06-17
3760,Data Analyst,7,Cognizant,Chennai,Fresher,7.47,2025-05-16
3761,Data Analyst,1,TCS,Delhi NCR,5+ Years,23.39,2025-04-15
3762,Data Analyst,9,HCL,Kolkata,0-2 Years,10.99,2025-06-30
3763,Data Analyst,6,Capgemini,Jaipur,0-2 Years,10.02,2025-01-20
3764,Data Analyst,1,TCS,Hyderabad,5+ Years,24.99,2025-10-27
3765,Data Analyst,6,Capgemini,Pune,2-5 Years,16.77,2025-03-11
3766,Data Analyst,14,PwC,Ahmedabad,2-5 Years,16.02,2025-10-25
3767,Data Analyst,4,Accenture,Jaipur,Fresher,5.83,2025-09-06
3768,Data Analyst,6,Capgemini,Kolkata,2-5 Years,17.56,2025-12-04
3769,Data Analyst,5,Deloitte,Delhi NCR,0-2 Years,11.8,2025-10-12
3770,Data Analyst,6,Capgemini,Jaipur,2-5 Years,15.34,2025-09-30
3771,Data Analyst,7,Cognizant,Delhi NCR,0-2 Years,12.2,2025-01-15
3772,Data Analyst,14,PwC,Mumbai,2-5 Years,16.9,2025-11-06
3773,Data Analyst,2,Infosys,Kolkata,2-5 Years,15.06,2025-01-14
3774,Data Analyst,6,Capgemini,Chennai,0-2 Years,10.59,2025-04-10
3775,Data Analyst,5,Deloitte,Ahmedabad,5+ Years,20.87,2025-10-20
3776,Data Analyst,6,Capgemini,Bangalore,2-5 Years,18.57,2025-12-01
3777,Data Analyst,11,Amazon,Hyderabad,5+ Years,21.8,2025-08-22
3778,Data Analyst,11,Amazon,Jaipur,0-2 Years,9.53,2025-01-31
3779,Data Analyst,1,TCS,Chennai,2-5 Years,14.01,2025-03-13
3780,Data Analyst,2,Infosys,Delhi NCR,Fresher,6.9,2025-12-11
3781,Data Analyst,15,KPMG,Delhi NCR,0-2 Years,10.82,2025-12-09
3782,Data Analyst,12,Microsoft,Bangalore,2-5 Years,17.61,2025-03-06
3783,Data Analyst,14,PwC,Bangalore,0-2 Years,11.75,2025-05-12
3784,Data Analyst,4,Accenture,Pune,Fresher,6.09,2025-02-01
3785,Data Analyst,6,Capgemini,Jaipur,5+ Years,23.56,2025-05-19
3786,Data Analyst,1,TCS,Chennai,0-2 Years,10.84,2025-07-10
3787,Data Analyst,3,Wipro,Bangalore,2-5 Years,18.38,2025-03-05
3788,Data Analyst,13,Flipkart,Delhi NCR,2-5 Years,14.94,2025-11-03
3789,Data Analyst,12,Microsoft,Delhi NCR,2-5 Years,16.22,2025-12-06
3790,Data Analyst,3,Wipro,Kolkata,Fresher,8.56,2025-10-05
3791,Data Analyst,3,Wipro,Bangalore,2-5 Years,18.7,2025-01-05
3792,Data Analyst,2,Infosys,Delhi NCR,5+ Years,22.51,2025-09-15
3793,Data Analyst,14,PwC,Ahmedabad,2-5 Years,16.31,2025-09-25
3794,Data Analyst,9,HCL,Chennai,0-2 Years,11.21,2025-06-29
3795,Data Analyst,10,Tech Mahindra,Jaipur,0-2 Years,11.01,2025-12-08
3796,Data Analyst,15,KPMG,Kolkata,0-2 Years,10.61,2025-02-08
3797,Data Analyst,10,Tech Mahindra,Mumbai,2-5 Years,17.3,2025-02-13
3798,Data Analyst,11,Amazon,Delhi NCR,2-5 Years,16.25,2025-06-10
3799,Data Analyst,10,Tech Mahindra,Pune,0-2 Years,10.31,2025-09-25
3800,Data Analyst,3,Wipro,Pune,0-2 Years,10.28,2025-06-08
3801,Data Analyst,3,Wipro,Ahmedabad,0-2 Years,9.33,2025-06-14
3802,Data Analyst,4,Accenture,Jaipur,2-5 Years,14.08,2025-09-01
3803,Data Analyst,2,Infosys,Jaipur,2-5 Years,14.54,2025-03-03
3804,Data Analyst,2,Infosys,Jaipur,0-2 Years,11.19,2025-07-06
3805,Data Analyst,15,KPMG,Mumbai,0-2 Years,11.43,2025-10-14
3806,Data Analyst,6,Capgemini,Ahmedabad,Fresher,7.62,2025-05-03
3807,Data Analyst,1,TCS,Ahmedabad,5+ Years,23.04,2025-01-03
3808,Data Analyst,5,Deloitte,Ahmedabad,0-2 Years,8.64,2025-11-21
3809,Data Analyst,4,Accenture,Jaipur,0-2 Years,11.79,2025-08-21
3810,Data Analyst,9,HCL,Bangalore,0-2 Years,13.97,2025-12-01
3811,Data Analyst,14,PwC,Delhi NCR,Fresher,5.81,2025-06-14
3812,Data Analyst,7,Cognizant,Jaipur,Fresher,7.5,2025-02-13
3813,Data Analyst,9,HCL,Delhi NCR,0-2 Years,9.97,2025-10-01
3814,Data Analyst,3,Wipro,Delhi NCR,0-2 Years,11.12,2025-09-01
3815,Data Analyst,10,Tech Mahindra,Kolkata,2-5 Years,14.48,2025-08-13
3816,Data Analyst,1,TCS,Chennai,Fresher,5.35,2025-06-08
3817,Data Analyst,3,Wipro,Mumbai,0-2 Years,12.04,2025-12-08
3818,Data Analyst,4,Accenture,Ahmedabad,5+ Years,22.85,2025-11-26
3819,Data Analyst,9,HCL,Pune,Fresher,7.02,2025-03-30
3820,Data Analyst,15,KPMG,Pune,2-5 Years,15.08,2025-08-14
3821,Data Analyst,13,Flipkart,Pune,Fresher,7.02,2025-12-26
3822,Data Analyst,11,Amazon,Chennai,2-5 Years,16.82,2025-10-04
3823,Data Analyst,15,KPMG,Ahmedabad,0-2 Years,10.95,2025-03-13
3824,Data Analyst,15,KPMG,Delhi NCR,2-5 Years,16.22,2025-01-21
3825,Data Analyst,14,PwC,Jaipur,5+ Years,22.2,2025-05-04
3826,Data Analyst,2,Infosys,Hyderabad,0-2 Years,13.41,2025-03-15
3827,Data Analyst,3,Wipro,Mumbai,2-5 Years,16.09,2025-06-06
3828,Data Analyst,12,Microsoft,Kolkata,0-2 Years,11.59,2025-02-09
3829,Data Analyst,14,PwC,Hyderabad,0-2 Years,13.42,2025-11-01
3830,Data Analyst,2,Infosys,Kolkata,5+ Years,23.58,2025-07-03
3831,Data Analyst,14,PwC,Bangalore,2-5 Years,17.76,2025-07-06
3832,Data Analyst,6,Capgemini,Jaipur,0-2 Years,10.37,2025-09-04
3833,Data Analyst,14,PwC,Jaipur,0-2 Years,12.24,2025-10-14
3834,Data Analyst,9,HCL,Kolkata,2-5 Years,14.29,2025-08-27
3835,Data Analyst,5,Deloitte,Hyderabad,0-2 Years,10.84,2025-11-23
3836,Data Analyst,5,Deloitte,Hyderabad,2-5 Years,16.52,2025-09-24
3837,Data Analyst,4,Accenture,Delhi NCR,0-2 Years,12.49,2025-09-01
3838,Data Analyst,11,Amazon,Chennai,2-5 Years,16.96,2025-12-04
3839,Data Analyst,7,Cognizant,Pune,2-5 Years,15.34,2025-08-16
3840,Data Analyst,6,Capgemini,Jaipur,Fresher,6.63,2025-06-02
3841,Data Analyst,15,KPMG,Mumbai,Fresher,7.76,2025-01-30
3842,Data Analyst,5,Deloitte,Bangalore,0-2 Years,12.15,2025-11-07
3843,Data Analyst,2,Infosys,Jaipur,5+ Years,24.17,2025-11-28
3844,Data Analyst,6,Capgemini,Delhi NCR,0-2 Years,9.35,2025-02-19
3845,Data Analyst,13,Flipkart,Hyderabad,0-2 Years,13.93,2025-08-17
3846,Data Analyst,9,HCL,Chennai,2-5 Years,17.49,2025-09-04
3847,Data Analyst,12,Microsoft,Chennai,0-2 Years,12.81,2025-08-16
3848,Data Analyst,2,Infosys,Ahmedabad,0-2 Years,10.44,2025-07-30
3849,Data Analyst,7,Cognizant,Mumbai,5+ Years,24.32,2025-06-14
3850,Data Analyst,8,IBM,Hyderabad,0-2 Years,10.28,2025-06-28
3851,Data Analyst,9,HCL,Bangalore,0-2 Years,12.37,2025-03-03
3852,Data Analyst,1,TCS,Delhi NCR,0-2 Years,11.59,2025-09-23
3853,Data Analyst,14,PwC,Delhi NCR,2-5 Years,17.56,2025-12-28
3854,Data Analyst,9,HCL,Pune,Fresher,6.17,2025-03-07
3855,Data Analyst,2,Infosys,Pune,Fresher,7.06,2025-12-27
3856,Data Analyst,14,PwC,Kolkata,5+ Years,22.82,2025-02-12
3857,Data Analyst,5,Deloitte,Delhi NCR,2-5 Years,14.33,2025-08-24
3858,Data Analyst,15,KPMG,Pune,0-2 Years,12.21,2025-04-11
3859,Data Analyst,12,Microsoft,Ahmedabad,5+ Years,22.13,2025-11-26
3860,Data Analyst,13,Flipkart,Bangalore,0-2 Years,12.77,2025-09-14
3861,Data Analyst,1,TCS,Chennai,0-2 Years,10.96,2025-04-19
3862,Data Analyst,12,Microsoft,Delhi NCR,0-2 Years,10.05,2025-01-08
3863,Data Analyst,7,Cognizant,Pune,2-5 Years,16.49,2025-02-01
3864,Data Analyst,10,Tech Mahindra,Chennai,0-2 Years,11.24,2025-01-16
3865,Data Analyst,10,Tech Mahindra,Mumbai,Fresher,8.05,2025-10-14
3866,Data Analyst,2,Infosys,Pune,Fresher,6.63,2025-10-19
3867,Data Analyst,13,Flipkart,Kolkata,2-5 Years,16.38,2025-02-28
3868,Data Analyst,5,Deloitte,Hyderabad,0-2 Years,13.98,2025-09-07
3869,Data Analyst,13,Flipkart,Delhi NCR,0-2 Years,11.17,2025-06-13
3870,Data Analyst,8,IBM,Chennai,5+ Years,24.7,2025-10-01
3871,Data Analyst,13,Flipkart,Ahmedabad,0-2 Years,9.33,2025-12-25
3872,Data Analyst,4,Accenture,Hyderabad,Fresher,8.19,2025-01-13
3873,Data Analyst,5,Deloitte,Bangalore,0-2 Years,11.68,2025-12-05
3874,Data Analyst,8,IBM,Pune,5+ Years,21.73,2025-11-20
3875,Data Analyst,5,Deloitte,Delhi NCR,5+ Years,22.11,2025-03-25
3876,Data Analyst,9,HCL,Pune,5+ Years,24.93,2025-03-21
3877,Data Analyst,5,Deloitte,Delhi NCR,0-2 Years,12.14,2025-10-11
3878,Data Analyst,12,Microsoft,Delhi NCR,0-2 Years,11.29,2025-12-14
3879,Data Analyst,3,Wipro,Jaipur,5+ Years,21.16,2025-11-12
3880,Data Analyst,12,Microsoft,Kolkata,0-2 Years,10.76,2025-11-21
3881,Data Analyst,10,Tech Mahindra,Chennai,2-5 Years,16.86,2025-08-23
3882,Data Analyst,9,HCL,Bangalore,0-2 Years,13.21,2025-06-09
3883,Data Analyst,15,KPMG,Kolkata,2-5 Years,13.79,2025-03-27
3884,Data Analyst,14,PwC,Mumbai,5+ Years,23.43,2025-10-14
3885,Data Analyst,13,Flipkart,Chennai,0-2 Years,11.42,2025-09-15
3886,Data Analyst,13,Flipkart,Jaipur,Fresher,7.64,2025-09-12
3887,Data Analyst,1,TCS,Delhi NCR,0-2 Years,8.36,2025-02-20
3888,Data Analyst,15,KPMG,Pune,2-5 Years,16.31,2025-07-03
3889,Data Analyst,3,Wipro,Hyderabad,0-2 Years,12.17,2025-12-02
3890,Data Analyst,7,Cognizant,Bangalore,0-2 Years,14.02,2025-07-21
3891,Data Analyst,4,Accenture,Chennai,2-5 Years,17.33,2025-10-09
3892,Data Analyst,6,Capgemini,Chennai,0-2 Years,12.2,2025-06-07
3893,Data Analyst,1,TCS,Jaipur,0-2 Years,10.04,2025-02-15
3894,Data Analyst,15,KPMG,Mumbai,2-5 Years,15.21,2025-08-21
3895,Data Analyst,2,Infosys,Ahmedabad,5+ Years,22.53,2025-05-11
3896,Data Analyst,6,Capgemini,Delhi NCR,0-2 Years,12.2,2025-11-16
3897,Data Analyst,7,Cognizant,Bangalore,0-2 Years,14.67,2025-10-15
3898,Data Analyst,1,TCS,Chennai,2-5 Years,17.35,2025-12-26
3899,Data Analyst,8,IBM,Ahmedabad,0-2 Years,11.52,2025-08-02
3900,Data Analyst,12,Microsoft,Bangalore,0-2 Years,13.46,2025-03-22
3901,Data Analyst,9,HCL,Hyderabad,Fresher,7.33,2025-02-09
3902,Data Analyst,8,IBM,Bangalore,2-5 Years,17.84,2025-09-19
3903,Data Analyst,4,Accenture,Hyderabad,Fresher,10.0,2025-11-17
3904,Data Analyst,11,Amazon,Chennai,0-2 Years,10.37,2025-06-27
3905,Data Analyst,5,Deloitte,Kolkata,5+ Years,24.94,2025-11-04
3906,Data Analyst,14,PwC,Ahmedabad,2-5 Years,15.61,2025-02-27
3907,Data Analyst,13,Flipkart,Chennai,2-5 Years,18.09,2025-03-05
3908,Data Analyst,12,Microsoft,Hyderabad,0-2 Years,10.31,2025-08-03
3909,Data Analyst,14,PwC,Delhi NCR,0-2 Years,11.7,2025-06-09
3910,Data Analyst,10,Tech Mahindra,Ahmedabad,0-2 Years,10.12,2025-10-22
3911,Data Analyst,14,PwC,Pune,5+ Years,21.8,2025-04-25
3912,Data Analyst,10,Tech Mahindra,Delhi NCR,0-2 Years,11.26,2025-09-21
3913,Data Analyst,2,Infosys,Hyderabad,5+ Years,25.21,2025-02-05
3914,Data Analyst,13,Flipkart,Kolkata,2-5 Years,14.99,2025-01-27
3915,Data Analyst,13,Flipkart,Kolkata,0-2 Years,9.2,2025-07-13
3916,Data Analyst,8,IBM,Bangalore,2-5 Years,17.89,2025-04-23
3917,Data Analyst,4,Accenture,Ahmedabad,0-2 Years,10.9,2025-07-12
3918,Data Analyst,9,HCL,Delhi NCR,2-5 Years,16.66,2025-07-06
3919,Data Analyst,12,Microsoft,Ahmedabad,Fresher,8.14,2025-09-15
3920,Data Analyst,15,KPMG,Pune,0-2 Years,11.43,2025-09-28
3921,Data Analyst,15,KPMG,Ahmedabad,2-5 Years,18.23,2025-01-24
3922,Data Analyst,12,Microsoft,Jaipur,2-5 Years,16.27,2025-03-25
3923,Data Analyst,2,Infosys,Chennai,2-5 Years,16.08,2025-02-21
3924,Data Analyst,11,Amazon,Jaipur,0-2 Years,9.07,2025-11-01
3925,Data Analyst,8,IBM,Chennai,0-2 Years,11.18,2025-09-06
3926,Data Analyst,2,Infosys,Pune,0-2 Years,11.1,2025-04-26
3927,Data Analyst,2,Infosys,Hyderabad,2-5 Years,18.15,2025-06-10
3928,Data Analyst,10,Tech Mahindra,Mumbai,Fresher,9.05,2025-03-18
3929,Data Analyst,9,HCL,Delhi NCR,0-2 Years,9.58,2025-04-11
3930,Data Analyst,9,HCL,Pune,5+ Years,23.71,2025-03-20
3931,Data Analyst,15,KPMG,Delhi NCR,0-2 Years,11.81,2025-04-03
3932,Data Analyst,5,Deloitte,Kolkata,2-5 Years,17.83,2025-04-22
3933,Data Analyst,1,TCS,Chennai,Fresher,8.57,2025-01-06
3934,Data Analyst,14,PwC,Pune,2-5 Years,17.41,2025-06-11
3935,Data Analyst,9,HCL,Chennai,2-5 Years,16.57,2025-03-22
3936,Data Analyst,1,TCS,Chennai,2-5 Years,16.97,2025-04-08
3937,Data Analyst,12,Microsoft,Hyderabad,Fresher,9.5,2025-04-16
3938,Data Analyst,13,Flipkart,Ahmedabad,0-2 Years,9.4,2025-03-10
3939,Data Analyst,9,HCL,Hyderabad,5+ Years,23.58,2025-09-19
3940,Data Analyst,3,Wipro,Chennai,0-2 Years,10.57,2025-03-06
3941,Data Analyst,5,Deloitte,Pune,2-5 Years,16.95,2025-06-14
3942,Data Analyst,6,Capgemini,Mumbai,0-2 Years,13.98,2025-09-01
3943,Data Analyst,11,Amazon,Delhi NCR,5+ Years,22.28,2025-02-22
3944,Data Analyst,9,HCL,Bangalore,2-5 Years,15.13,2025-02-22
3945,Data Analyst,6,Capgemini,Mumbai,0-2 Years,12.01,2025-10-20
3946,Data Analyst,15,KPMG,Chennai,0-2 Years,12.6,2025-03-02
3947,Data Analyst,7,Cognizant,Hyderabad,0-2 Years,12.65,2025-01-01
3948,Data Analyst,14,PwC,Pune,0-2 Years,12.01,2025-01-18
3949,Data Analyst,13,Flipkart,Chennai,0-2 Years,11.16,2025-05-02
3950,Data Analyst,14,PwC,Delhi NCR,5+ Years,21.47,2025-06-24
3951,Data Analyst,14,PwC,Bangalore,2-5 Years,18.62,2025-10-14
3952,Data Analyst,8,IBM,Bangalore,2-5 Years,17.0,2025-08-27
3953,Data Analyst,2,Infosys,Hyderabad,0-2 Years,14.62,2025-02-25
3954,Data Analyst,12,Microsoft,Delhi NCR,5+ Years,23.68,2025-06-28
3955,Data Analyst,6,Capgemini,Ahmedabad,0-2 Years,10.3,2025-05-31
3956,Data Analyst,10,Tech Mahindra,Hyderabad,2-5 Years,16.27,2025-08-23
3957,Data Analyst,6,Capgemini,Hyderabad,Fresher,7.89,2025-10-22
3958,Data Analyst,8,IBM,Bangalore,Fresher,8.71,2025-03-28
3959,Data Analyst,13,Flipkart,Bangalore,0-2 Years,14.34,2025-01-16
3960,Data Analyst,3,Wipro,Hyderabad,5+ Years,24.22,2025-09-11
3961,Data Analyst,6,Capgemini,Ahmedabad,5+ Years,22.12,2025-06-04
3962,Data Analyst,3,Wipro,Hyderabad,0-2 Years,14.27,2025-09-22
3963,Data Analyst,12,Microsoft,Chennai,2-5 Years,16.56,2025-11-11
3964,Data Analyst,2,Infosys,Ahmedabad,2-5 Years,16.92,2025-09-27
3965,Data Analyst,14,PwC,Bangalore,0-2 Years,12.27,2025-01-24
3966,Data Analyst,13,Flipkart,Mumbai,0-2 Years,12.94,2025-12-07
3967,Data Analyst,9,HCL,Kolkata,Fresher,7.37,2025-11-06
3968,Data Analyst,3,Wipro,Ahmedabad,0-2 Years,8.73,2025-02-27
3969,Data Analyst,3,Wipro,Ahmedabad,2-5 Years,18.42,2025-07-22
3970,Data Analyst,11,Amazon,Chennai,2-5 Years,18.05,2025-07-09
3971,Data Analyst,11,Amazon,Mumbai,0-2 Years,12.02,2025-01-25
3972,Data Analyst,7,Cognizant,Bangalore,2-5 Years,16.68,2025-03-23
3973,Data Analyst,7,Cognizant,Ahmedabad,2-5 Years,16.42,2025-04-04
3974,Data Analyst,3,Wipro,Bangalore,Fresher,9.1,2025-05-24
3975,Data Analyst,8,IBM,Bangalore,0-2 Years,13.43,2025-03-17
3976,Data Analyst,12,Microsoft,Ahmedabad,2-5 Years,16.23,2025-10-14
3977,Data Analyst,13,Flipkart,Pune,Fresher,8.11,2025-11-23
3978,Data Analyst,2,Infosys,Delhi NCR,2-5 Years,17.74,2025-06-16
3979,Data Analyst,14,PwC,Jaipur,2-5 Years,16.68,2025-10-26
3980,Data Analyst,11,Amazon,Pune,Fresher,6.24,2025-11-17
3981,Data Analyst,8,IBM,Jaipur,5+ Years,24.64,2025-10-12
3982,Data Analyst,13,Flipkart,Chennai,0-2 Years,13.47,2025-01-28
3983,Data Analyst,6,Capgemini,Ahmedabad,2-5 Years,19.78,2025-11-05
3984,Data Analyst,6,Capgemini,Jaipur,Fresher,5.65,2025-02-10
3985,Data Analyst,14,PwC,Kolkata,Fresher,7.29,2025-03-02
3986,Data Analyst,8,IBM,Mumbai,2-5 Years,15.0,2025-01-06
3987,Data Analyst,9,HCL,Ahmedabad,5+ Years,23.66,2025-07-06
3988,Data Analyst,13,Flipkart,Mumbai,5+ Years,23.84,2025-05-15
3989,Data Analyst,6,Capgemini,Delhi NCR,2-5 Years,18.31,2025-12-14
3990,Data Analyst,8,IBM,Kolkata,Fresher,6.07,2025-01-16
3991,Data Analyst,2,Infosys,Ahmedabad,0-2 Years,8.97,2025-08-19
3992,Data Analyst,4,Accenture,Delhi NCR,2-5 Years,15.43,2025-11-08
3993,Data Analyst,1,TCS,Mumbai,0-2 Years,10.13,2025-11-28
3994,Data Analyst,6,Capgemini,Chennai,0-2 Years,12.4,2025-07-20
3995,Data Analyst,12,Microsoft,Ahmedabad,0-2 Years,8.52,2025-10-19
3996,Data Analyst,14,PwC,Delhi NCR,0-2 Years,11.03,2025-12-26
3997,Data Analyst,2,Infosys,Delhi NCR,0-2 Years,8.51,2025-12-18
3998,Data Analyst,14,PwC,Bangalore,0-2 Years,12.62,2025-06-02
3999,Data Analyst,4,Accenture,Jaipur,0-2 Years,12.97,2025-06-22
4000,Data Analyst,6,Capgemini,Mumbai,0-2 Years,12.93,2025-02-08
4001,Data Analyst,6,Capgemini,Hyderabad,0-2 Years,10.96,2025-09-19
4002,Data Analyst,10,Tech Mahindra,Chennai,0-2 Years,11.46,2025-03-03
4003,Data Analyst,7,Cognizant,Bangalore,0-2 Years,13.02,2025-06-07
4004,Data Analyst,8,IBM,Hyderabad,0-2 Years,12.57,2025-07-12
4005,Data Analyst,12,Microsoft,Kolkata,Fresher,5.36,2025-08-05
4006,Data Analyst,3,Wipro,Bangalore,0-2 Years,13.71,2025-03-09
4007,Data Analyst,3,Wipro,Bangalore,5+ Years,21.75,2025-11-13
4008,Data Analyst,5,Deloitte,Chennai,5+ Years,22.74,2025-06-03
4009,Data Analyst,10,Tech Mahindra,Bangalore,2-5 Years,17.41,2025-01-20
4010,Data Analyst,11,Amazon,Bangalore,0-2 Years,13.76,2025-05-08
4011,Data Analyst,8,IBM,Hyderabad,0-2 Years,12.03,2025-03-08
4012,Data Analyst,4,Accenture,Delhi NCR,Fresher,5.31,2025-06-05
4013,Data Analyst,11,Amazon,Jaipur,5+ Years,21.82,2025-10-25
4014,Data Analyst,1,TCS,Kolkata,0-2 Years,11.24,2025-10-18
4015,Data Analyst,1,TCS,Chennai,0-2 Years,11.41,2025-03-21
4016,Data Analyst,6,Capgemini,Mumbai,Fresher,7.81,2025-05-08
4017,Data Analyst,4,Accenture,Jaipur,5+ Years,22.42,2025-04-03
4018,Data Analyst,7,Cognizant,Chennai,0-2 Years,12.34,2025-08-13
4019,Data Analyst,11,Amazon,Jaipur,2-5 Years,15.38,2025-06-15
4020,Data Analyst,1,TCS,Delhi NCR,0-2 Years,10.89,2025-08-11
4021,Data Analyst,9,HCL,Chennai,0-2 Years,14.1,2025-06-29
4022,Data Analyst,5,Deloitte,Ahmedabad,2-5 Years,14.29,2025-07-14
4023,Data Analyst,1,TCS,Mumbai,0-2 Years,10.28,2025-06-01
4024,Data Analyst,10,Tech Mahindra,Ahmedabad,2-5 Years,16.94,2025-05-20
4025,Data Analyst,15,KPMG,Pune,0-2 Years,10.69,2025-11-04
4026,Data Analyst,10,Tech Mahindra,Hyderabad,0-2 Years,11.62,2025-10-16
4027,Data Analyst,10,Tech Mahindra,Mumbai,2-5 Years,16.56,2025-01-23
4028,Data Analyst,3,Wipro,Jaipur,5+ Years,22.69,2025-05-03
4029,Data Analyst,12,Microsoft,Mumbai,0-2 Years,14.42,2025-07-21
4030,Data Analyst,10,Tech Mahindra,Kolkata,Fresher,7.96,2025-07-26
4031,Data Analyst,11,Amazon,Mumbai,0-2 Years,13.53,2025-05-25
4032,Data Analyst,1,TCS,Mumbai,0-2 Years,10.8,2025-02-03
4033,Data Analyst,14,PwC,Pune,Fresher,6.12,2025-08-22
4034,Data Analyst,13,Flipkart,Kolkata,0-2 Years,7.59,2025-07-21
4035,Data Analyst,7,Cognizant,Delhi NCR,2-5 Years,15.03,2025-02-04
4036,Data Analyst,11,Amazon,Bangalore,2-5 Years,19.15,2025-01-09
4037,Data Analyst,5,Deloitte,Chennai,0-2 Years,12.12,2025-02-07
4038,Data Analyst,5,Deloitte,Jaipur,2-5 Years,15.73,2025-12-31
4039,Data Analyst,10,Tech Mahindra,Hyderabad,2-5 Years,16.97,2025-04-19
4040,Data Analyst,10,Tech Mahindra,Chennai,0-2 Years,10.67,2025-05-26
4041,Data Analyst,11,Amazon,Kolkata,2-5 Years,16.25,2025-05-02
4042,Data Analyst,4,Accenture,Bangalore,0-2 Years,13.92,2025-01-07
4043,Data Analyst,6,Capgemini,Kolkata,2-5 Years,14.06,2025-03-22
4044,Data Analyst,12,Microsoft,Jaipur,Fresher,7.36,2025-02-07
4045,Data Analyst,11,Amazon,Ahmedabad,2-5 Years,17.12,2025-03-31
4046,Data Analyst,10,Tech Mahindra,Ahmedabad,Fresher,6.5,2025-04-19
4047,Data Analyst,6,Capgemini,Mumbai,0-2 Years,13.34,2025-05-18
4048,Data Analyst,11,Amazon,Pune,Fresher,10.88,2025-02-03
4049,Data Analyst,15,KPMG,Jaipur,2-5 Years,15.87,2025-06-20
4050,Data Analyst,11,Amazon,Jaipur,5+ Years,23.47,2025-07-04
4051,Data Analyst,1,TCS,Hyderabad,Fresher,7.11,2025-10-14
4052,Data Analyst,13,Flipkart,Bangalore,5+ Years,25.22,2025-05-19
4053,Data Analyst,11,Amazon,Chennai,0-2 Years,12.05,2025-07-15
4054,Data Analyst,9,HCL,Pune,Fresher,7.73,2025-06-04
4055,Data Analyst,2,Infosys,Pune,5+ Years,22.28,2025-11-06
4056,Data Analyst,15,KPMG,Delhi NCR,Fresher,7.25,2025-08-30
4057,Data Analyst,11,Amazon,Bangalore,Fresher,10.75,2025-12-17
4058,Data Analyst,10,Tech Mahindra,Ahmedabad,2-5 Years,16.54,2025-06-03
4059,Data Analyst,11,Amazon,Delhi NCR,2-5 Years,17.15,2025-12-28
4060,Data Analyst,10,Tech Mahindra,Pune,0-2 Years,11.22,2025-06-19
4061,Data Analyst,3,Wipro,Pune,2-5 Years,17.4,2025-01-21
4062,Data Analyst,6,Capgemini,Hyderabad,0-2 Years,12.34,2025-04-04
4063,Data Analyst,6,Capgemini,Mumbai,0-2 Years,11.36,2025-05-26
4064,Data Analyst,5,Deloitte,Pune,2-5 Years,16.88,2025-11-17
4065,Data Analyst,1,TCS,Delhi NCR,0-2 Years,9.81,2025-02-12
4066,Data Analyst,12,Microsoft,Chennai,2-5 Years,15.74,2025-10-20
4067,Data Analyst,3,Wipro,Pune,0-2 Years,11.73,2025-04-18
4068,Data Analyst,8,IBM,Chennai,0-2 Years,11.86,2025-09-03
4069,Data Analyst,1,TCS,Hyderabad,0-2 Years,10.57,2025-07-13
4070,Data Analyst,14,PwC,Kolkata,2-5 Years,17.26,2025-06-27
4071,Data Analyst,7,Cognizant,Delhi NCR,2-5 Years,16.69,2025-11-13
4072,Data Analyst,8,IBM,Hyderabad,0-2 Years,11.15,2025-11-08
4073,Data Analyst,8,IBM,Ahmedabad,0-2 Years,9.15,2025-07-28
4074,Data Analyst,1,TCS,Mumbai,2-5 Years,17.33,2025-06-14
4075,Data Analyst,2,Infosys,Mumbai,0-2 Years,11.96,2025-04-24
4076,Data Analyst,2,Infosys,Kolkata,2-5 Years,16.14,2025-12-04
4077,Data Analyst,12,Microsoft,Chennai,0-2 Years,11.06,2025-01-11
4078,Data Analyst,1,TCS,Mumbai,0-2 Years,10.09,2025-10-16
4079,Data Analyst,10,Tech Mahindra,Delhi NCR,2-5 Years,15.53,2025-03-29
4080,Data Analyst,9,HCL,Pune,0-2 Years,11.13,2025-11-10
4081,Data Analyst,9,HCL,Pune,Fresher,8.26,2025-09-01
4082,Data Analyst,2,Infosys,Pune,2-5 Years,15.66,2025-11-11
4083,Data Analyst,12,Microsoft,Hyderabad,0-2 Years,14.01,2025-10-25
4084,Data Analyst,7,Cognizant,Hyderabad,0-2 Years,9.71,2025-04-28
4085,Data Analyst,10,Tech Mahindra,Bangalore,0-2 Years,14.57,2025-07-14
4086,Data Analyst,2,Infosys,Bangalore,5+ Years,24.73,2025-11-08
4087,Data Analyst,12,Microsoft,Ahmedabad,0-2 Years,12.03,2025-05-29
4088,Data Analyst,1,TCS,Ahmedabad,2-5 Years,16.1,2025-07-31
4089,Data Analyst,7,Cognizant,Mumbai,2-5 Years,18.87,2025-04-12
4090,Data Analyst,12,Microsoft,Mumbai,2-5 Years,17.04,2025-09-02
4091,Data Analyst,3,Wipro,Hyderabad,5+ Years,22.68,2025-08-03
4092,Data Analyst,12,Microsoft,Bangalore,Fresher,10.7,2025-10-25
4093,Data Analyst,15,KPMG,Hyderabad,0-2 Years,11.86,2025-01-18
4094,Data Analyst,12,Microsoft,Hyderabad,0-2 Years,12.27,2025-01-02
4095,Data Analyst,12,Microsoft,Mumbai,2-5 Years,18.98,2025-10-20
4096,Data Analyst,4,Accenture,Jaipur,2-5 Years,14.76,2025-01-27
4097,Data Analyst,10,Tech Mahindra,Hyderabad,0-2 Years,12.71,2025-08-29
4098,Data Analyst,1,TCS,Bangalore,0-2 Years,12.29,2025-05-14
4099,Data Analyst,14,PwC,Jaipur,Fresher,6.84,2025-10-27
4100,Data Analyst,4,Accenture,Delhi NCR,Fresher,7.09,2025-09-04
4101,Data Analyst,4,Accenture,Hyderabad,2-5 Years,15.2,2025-09-16
4102,Data Analyst,3,Wipro,Jaipur,Fresher,6.07,2025-06-13
4103,Data Analyst,3,Wipro,Mumbai,2-5 Years,19.12,2025-12-27
4104,Data Analyst,11,Amazon,Pune,Fresher,8.56,2025-03-08
4105,Data Analyst,1,TCS,Bangalore,5+ Years,24.92,2025-04-28
4106,Data Analyst,6,Capgemini,Ahmedabad,0-2 Years,11.29,2025-10-09
4107,Data Analyst,8,IBM,Hyderabad,0-2 Years,11.65,2025-10-18
4108,Data Analyst,8,IBM,Bangalore,0-2 Years,14.63,2025-12-15
4109,Data Analyst,2,Infosys,Kolkata,0-2 Years,10.76,2025-11-23
4110,Data Analyst,10,Tech Mahindra,Mumbai,0-2 Years,12.78,2025-01-25
4111,Data Analyst,5,Deloitte,Pune,2-5 Years,17.88,2025-06-28
4112,Data Analyst,15,KPMG,Kolkata,2-5 Years,15.07,2025-06-10
4113,Data Analyst,7,Cognizant,Bangalore,0-2 Years,14.87,2025-08-23
4114,Data Analyst,5,Deloitte,Jaipur,0-2 Years,9.16,2025-02-01
4115,Data Analyst,1,TCS,Jaipur,5+ Years,24.96,2025-10-25
4116,Data Analyst,3,Wipro,Hyderabad,Fresher,7.55,2025-05-18
4117,Data Analyst,9,HCL,Mumbai,0-2 Years,12.21,2025-11-19
4118,Data Analyst,3,Wipro,Bangalore,0-2 Years,10.73,2025-01-11
4119,Data Analyst,7,Cognizant,Delhi NCR,0-2 Years,10.45,2025-12-25
4120,Data Analyst,5,Deloitte,Hyderabad,0-2 Years,10.75,2025-08-28
4121,Data Analyst,3,Wipro,Mumbai,2-5 Years,16.77,2025-05-14
4122,Data Analyst,10,Tech Mahindra,Pune,0-2 Years,11.34,2025-09-17
4123,Data Analyst,8,IBM,Chennai,2-5 Years,17.65,2025-11-30
4124,Data Analyst,11,Amazon,Delhi NCR,5+ Years,23.25,2025-06-12
4125,Data Analyst,3,Wipro,Bangalore,2-5 Years,18.37,2025-10-11
4126,Data Analyst,14,PwC,Pune,0-2 Years,10.19,2025-03-01
4127,Data Analyst,7,Cognizant,Kolkata,5+ Years,21.94,2025-08-26
4128,Data Analyst,3,Wipro,Kolkata,5+ Years,25.16,2025-06-02
4129,Data Analyst,10,Tech Mahindra,Bangalore,0-2 Years,12.12,2025-11-21
4130,Data Analyst,10,Tech Mahindra,Pune,5+ Years,25.49,2025-07-01
4131,Data Analyst,1,TCS,Delhi NCR,2-5 Years,15.71,2025-10-20
4132,Data Analyst,7,Cognizant,Mumbai,0-2 Years,12.5,2025-09-05
4133,Data Analyst,10,Tech Mahindra,Delhi NCR,2-5 Years,17.28,2025-11-29
4134,Data Analyst,15,KPMG,Kolkata,Fresher,8.53,2025-11-30
4135,Data Analyst,7,Cognizant,Jaipur,5+ Years,22.87,2025-01-26
4136,Data Analyst,9,HCL,Chennai,Fresher,7.03,2025-05-16
4137,Data Analyst,11,Amazon,Chennai,0-2 Years,11.43,2025-03-08
4138,Data Analyst,2,Infosys,Kolkata,2-5 Years,16.41,2025-03-20
4139,Data Analyst,8,IBM,Jaipur,5+ Years,24.07,2025-03-14
4140,Data Analyst,9,HCL,Hyderabad,2-5 Years,17.01,2025-01-17
4141,Data Analyst,12,Microsoft,Pune,0-2 Years,12.24,2025-08-06
4142,Data Analyst,14,PwC,Chennai,2-5 Years,18.47,2025-04-25
4143,Data Analyst,1,TCS,Ahmedabad,0-2 Years,11.46,2025-12-10
4144,Data Analyst,9,HCL,Delhi NCR,0-2 Years,11.37,2025-12-17
4145,Data Analyst,7,Cognizant,Kolkata,0-2 Years,9.18,2025-07-23
4146,Data Analyst,6,Capgemini,Mumbai,Fresher,5.34,2025-06-10
4147,Data Analyst,7,Cognizant,Pune,Fresher,7.97,2025-06-10
4148,Data Analyst,14,PwC,Kolkata,0-2 Years,10.89,2025-01-05
4149,Data Analyst,10,Tech Mahindra,Bangalore,2-5 Years,17.38,2025-10-29
4150,Data Analyst,5,Deloitte,Chennai,Fresher,7.79,2025-07-12
4151,Data Analyst,14,PwC,Ahmedabad,2-5 Years,15.93,2025-07-09
4152,Data Analyst,12,Microsoft,Hyderabad,5+ Years,25.35,2025-05-03
4153,Data Analyst,3,Wipro,Mumbai,0-2 Years,12.6,2025-07-09
4154,Data Analyst,4,Accenture,Ahmedabad,0-2 Years,10.1,2025-04-06
4155,Data Analyst,2,Infosys,Chennai,0-2 Years,12.69,2025-09-05
4156,Data Analyst,7,Cognizant,Ahmedabad,0-2 Years,10.74,2025-11-13
4157,Data Analyst,8,IBM,Hyderabad,Fresher,8.63,2025-01-29
4158,Data Analyst,5,Deloitte,Mumbai,0-2 Years,11.93,2025-03-02
4159,Data Analyst,10,Tech Mahindra,Mumbai,0-2 Years,11.72,2025-01-11
4160,Data Analyst,6,Capgemini,Hyderabad,5+ Years,24.1,2025-06-12
4161,Data Analyst,6,Capgemini,Jaipur,Fresher,7.02,2025-01-11
4162,Data Analyst,1,TCS,Ahmedabad,2-5 Years,16.58,2025-11-24
4163,Data Analyst,3,Wipro,Chennai,5+ Years,23.18,2025-07-01
4164,Data Analyst,8,IBM,Bangalore,5+ Years,22.8,2025-09-06
4165,Data Analyst,3,Wipro,Pune,0-2 Years,10.98,2025-10-02
4166,Data Analyst,9,HCL,Hyderabad,5+ Years,24.95,2025-03-30
4167,Data Analyst,15,KPMG,Hyderabad,0-2 Years,11.64,2025-02-20
4168,Data Analyst,10,Tech Mahindra,Mumbai,2-5 Years,17.2,2025-11-14
4169,Data Analyst,3,Wipro,Pune,0-2 Years,12.68,2025-10-26
4170,Data Analyst,7,Cognizant,Bangalore,2-5 Years,17.15,2025-11-11
4171,Data Analyst,3,Wipro,Mumbai,0-2 Years,10.65,2025-08-18
4172,Data Analyst,10,Tech Mahindra,Mumbai,2-5 Years,17.31,2025-05-08
4173,Data Analyst,15,KPMG,Chennai,0-2 Years,10.92,2025-12-30
4174,Data Analyst,3,Wipro,Bangalore,0-2 Years,11.84,2025-11-17
4175,Data Analyst,12,Microsoft,Chennai,0-2 Years,11.29,2025-12-26
4176,Data Analyst,14,PwC,Bangalore,0-2 Years,13.59,2025-05-27
4177,Data Analyst,7,Cognizant,Mumbai,5+ Years,24.49,2025-01-17
4178,Data Analyst,1,TCS,Pune,0-2 Years,11.87,2025-09-03
4179,Data Analyst,10,Tech Mahindra,Pune,0-2 Years,13.68,2025-07-23
4180,Data Analyst,7,Cognizant,Pune,0-2 Years,11.09,2025-03-05
4181,Data Analyst,3,Wipro,Ahmedabad,2-5 Years,16.33,2025-08-17
4182,Data Analyst,7,Cognizant,Mumbai,2-5 Years,16.89,2025-07-01
4183,Data Analyst,14,PwC,Ahmedabad,0-2 Years,9.98,2025-09-18
4184,Data Analyst,5,Deloitte,Ahmedabad,2-5 Years,15.3,2025-12-21
4185,Data Analyst,9,HCL,Delhi NCR,0-2 Years,10.43,2025-10-23
4186,Data Analyst,7,Cognizant,Ahmedabad,2-5 Years,16.43,2025-08-14
4187,Data Analyst,6,Capgemini,Bangalore,5+ Years,27.82,2025-10-30
4188,Data Analyst,7,Cognizant,Mumbai,0-2 Years,11.64,2025-06-23
4189,Data Analyst,7,Cognizant,Hyderabad,2-5 Years,16.5,2025-07-19
4190,Data Analyst,13,Flipkart,Kolkata,5+ Years,22.92,2025-10-08
4191,Data Analyst,13,Flipkart,Jaipur,2-5 Years,16.47,2025-01-25
4192,Data Analyst,4,Accenture,Jaipur,0-2 Years,11.32,2025-09-11
4193,Data Analyst,5,Deloitte,Hyderabad,0-2 Years,13.54,2025-11-12
4194,Data Analyst,11,Amazon,Kolkata,0-2 Years,8.09,2025-01-23
4195,Data Analyst,11,Amazon,Mumbai,0-2 Years,9.64,2025-11-05
4196,Data Analyst,6,Capgemini,Jaipur,0-2 Years,10.4,2025-03-27
4197,Data Analyst,3,Wipro,Chennai,0-2 Years,12.82,2025-12-07
4198,Data Analyst,12,Microsoft,Kolkata,2-5 Years,14.12,2025-11-28
4199,Data Analyst,5,Deloitte,Delhi NCR,5+ Years,19.39,2025-06-21
4200,Data Analyst,4,Accenture,Chennai,0-2 Years,12.19,2025-03-19
4201,Data Analyst,13,Flipkart,Bangalore,2-5 Years,18.29,2025-11-10
4202,Data Analyst,13,Flipkart,Jaipur,0-2 Years,9.69,2025-02-15
4203,Data Analyst,4,Accenture,Delhi NCR,0-2 Years,9.82,2025-12-31
4204,Data Analyst,13,Flipkart,Mumbai,0-2 Years,11.34,2025-09-16
4205,Data Analyst,1,TCS,Hyderabad,2-5 Years,17.13,2025-12-19
4206,Data Analyst,13,Flipkart,Mumbai,0-2 Years,11.75,2025-03-28
4207,Data Analyst,12,Microsoft,Chennai,2-5 Years,17.09,2025-01-02
4208,Data Analyst,2,Infosys,Kolkata,0-2 Years,7.57,2025-04-23
4209,Data Analyst,11,Amazon,Delhi NCR,5+ Years,21.97,2025-03-15
4210,Data Analyst,3,Wipro,Kolkata,0-2 Years,9.65,2025-04-25
4211,Data Analyst,10,Tech Mahindra,Chennai,0-2 Years,11.19,2025-06-26
4212,Data Analyst,8,IBM,Kolkata,0-2 Years,10.35,2025-09-13
4213,Data Analyst,6,Capgemini,Mumbai,0-2 Years,13.46,2025-04-07
4214,Data Analyst,10,Tech Mahindra,Mumbai,0-2 Years,10.27,2025-03-10
4215,Data Analyst,7,Cognizant,Kolkata,0-2 Years,11.05,2025-06-09
4216,Data Analyst,10,Tech Mahindra,Bangalore,Fresher,9.67,2025-08-11
4217,Data Analyst,5,Deloitte,Ahmedabad,0-2 Years,13.23,2025-10-08
4218,Data Analyst,4,Accenture,Mumbai,2-5 Years,16.92,2025-04-28
4219,Data Analyst,2,Infosys,Pune,0-2 Years,11.89,2025-01-07
4220,Data Analyst,15,KPMG,Mumbai,2-5 Years,15.34,2025-07-02
4221,Data Analyst,11,Amazon,Hyderabad,0-2 Years,9.13,2025-03-16
4222,Data Analyst,2,Infosys,Mumbai,Fresher,9.51,2025-09-10
4223,Data Analyst,10,Tech Mahindra,Jaipur,0-2 Years,10.99,2025-02-13
4224,Data Analyst,5,Deloitte,Hyderabad,5+ Years,25.41,2025-11-30
4225,Data Analyst,11,Amazon,Pune,Fresher,5.85,2025-11-30
4226,Data Analyst,14,PwC,Ahmedabad,0-2 Years,11.62,2025-04-12
4227,Data Analyst,6,Capgemini,Jaipur,Fresher,9.24,2025-06-24
4228,Data Analyst,7,Cognizant,Bangalore,Fresher,9.5,2025-02-11
4229,Data Analyst,4,Accenture,Pune,0-2 Years,11.83,2025-05-03
4230,Data Analyst,6,Capgemini,Hyderabad,0-2 Years,12.01,2025-03-06
4231,Data Analyst,15,KPMG,Hyderabad,0-2 Years,10.11,2025-03-27
4232,Data Analyst,14,PwC,Chennai,0-2 Years,13.13,2025-05-24
4233,Data Analyst,7,Cognizant,Pune,5+ Years,22.77,2025-04-26
4234,Data Analyst,4,Accenture,Pune,2-5 Years,17.11,2025-02-15
4235,Data Analyst,4,Accenture,Bangalore,2-5 Years,16.12,2025-11-19
4236,Data Analyst,11,Amazon,Ahmedabad,0-2 Years,9.58,2025-08-10
4237,Data Analyst,5,Deloitte,Jaipur,0-2 Years,12.72,2025-11-01
4238,Data Analyst,15,KPMG,Ahmedabad,0-2 Years,10.58,2025-05-10
4239,Data Analyst,3,Wipro,Pune,0-2 Years,13.24,2025-08-01
4240,Data Analyst,14,PwC,Jaipur,5+ Years,22.91,2025-09-17
4241,Data Analyst,5,Deloitte,Jaipur,0-2 Years,8.79,2025-12-03
4242,Data Analyst,15,KPMG,Bangalore,2-5 Years,19.07,2025-05-02
4243,Data Analyst,9,HCL,Delhi NCR,2-5 Years,15.29,2025-12-16
4244,Data Analyst,8,IBM,Delhi NCR,Fresher,7.84,2025-11-10
4245,Data Analyst,4,Accenture,Jaipur,0-2 Years,11.03,2025-09-25
4246,Data Analyst,8,IBM,Pune,2-5 Years,14.65,2025-07-12
4247,Data Analyst,13,Flipkart,Ahmedabad,0-2 Years,11.2,2025-01-15
4248,Data Analyst,9,HCL,Mumbai,0-2 Years,15.14,2025-01-11
4249,Data Analyst,3,Wipro,Bangalore,Fresher,9.59,2025-10-22
4250,Data Analyst,11,Amazon,Mumbai,2-5 Years,17.43,2025-05-17
4251,Data Analyst,8,IBM,Delhi NCR,0-2 Years,12.29,2025-06-30
4252,Data Analyst,4,Accenture,Bangalore,5+ Years,25.25,2025-10-24
4253,Data Analyst,5,Deloitte,Mumbai,2-5 Years,17.75,2025-09-01
4254,Data Analyst,11,Amazon,Bangalore,0-2 Years,11.69,2025-03-08
4255,Data Analyst,2,Infosys,Bangalore,5+ Years,25.28,2025-11-24
4256,Data Analyst,14,PwC,Bangalore,5+ Years,26.24,2025-06-10
4257,Data Analyst,13,Flipkart,Chennai,0-2 Years,10.5,2025-02-21
4258,Data Analyst,3,Wipro,Mumbai,0-2 Years,14.21,2025-07-04
4259,Data Analyst,2,Infosys,Hyderabad,2-5 Years,16.89,2025-05-11
4260,Data Analyst,8,IBM,Jaipur,0-2 Years,9.93,2025-02-05
4261,Data Analyst,14,PwC,Ahmedabad,2-5 Years,17.2,2025-03-11
4262,Data Analyst,9,HCL,Chennai,2-5 Years,16.16,2025-04-12
4263,Data Analyst,13,Flipkart,Ahmedabad,2-5 Years,16.91,2025-02-12
4264,Data Analyst,8,IBM,Kolkata,0-2 Years,10.65,2025-12-12
4265,Data Analyst,15,KPMG,Mumbai,2-5 Years,17.43,2025-08-07
4266,Data Analyst,11,Amazon,Ahmedabad,Fresher,7.59,2025-07-25
4267,Data Analyst,15,KPMG,Delhi NCR,0-2 Years,11.35,2025-08-13
4268,Data Analyst,2,Infosys,Chennai,0-2 Years,9.11,2025-09-04
4269,Data Analyst,12,Microsoft,Mumbai,0-2 Years,11.15,2025-08-03
4270,Data Analyst,3,Wipro,Hyderabad,2-5 Years,18.12,2025-03-09
4271,Data Analyst,9,HCL,Chennai,0-2 Years,11.34,2025-01-24
4272,Data Analyst,1,TCS,Bangalore,2-5 Years,17.37,2025-05-05
4273,Data Analyst,1,TCS,Delhi NCR,0-2 Years,9.37,2025-11-28
4274,Data Analyst,6,Capgemini,Bangalore,0-2 Years,11.7,2025-09-10
4275,Data Analyst,8,IBM,Bangalore,5+ Years,22.57,2025-12-12
4276,Data Analyst,14,PwC,Kolkata,2-5 Years,15.88,2025-04-30
4277,Data Analyst,15,KPMG,Hyderabad,Fresher,7.28,2025-06-20
4278,Data Analyst,15,KPMG,Delhi NCR,0-2 Years,9.84,2025-08-24
4279,Data Analyst,11,Amazon,Kolkata,Fresher,6.92,2025-04-24
4280,Data Analyst,15,KPMG,Delhi NCR,0-2 Years,11.44,2025-05-31
4281,Data Analyst,12,Microsoft,Bangalore,2-5 Years,20.51,2025-09-17
4282,Data Analyst,4,Accenture,Hyderabad,0-2 Years,10.19,2025-01-22
4283,Data Analyst,6,Capgemini,Delhi NCR,0-2 Years,12.39,2025-01-24
4284,Data Analyst,2,Infosys,Mumbai,0-2 Years,13.67,2025-12-26
4285,Data Analyst,3,Wipro,Hyderabad,5+ Years,23.07,2025-02-22
4286,Data Analyst,9,HCL,Bangalore,Fresher,9.24,2025-01-26
4287,Data Analyst,12,Microsoft,Jaipur,2-5 Years,15.45,2025-01-25
4288,Data Analyst,2,Infosys,Kolkata,2-5 Years,16.22,2025-06-21
4289,Data Analyst,5,Deloitte,Ahmedabad,Fresher,8.81,2025-01-04
4290,Data Analyst,14,PwC,Pune,2-5 Years,17.23,2025-07-09
4291,Data Analyst,4,Accenture,Mumbai,2-5 Years,18.11,2025-01-03
4292,Data Analyst,7,Cognizant,Pune,2-5 Years,15.98,2025-08-12
4293,Data Analyst,12,Microsoft,Hyderabad,0-2 Years,10.22,2025-12-27
4294,Data Analyst,1,TCS,Ahmedabad,0-2 Years,10.75,2025-01-16
4295,Data Analyst,4,Accenture,Delhi NCR,Fresher,8.45,2025-04-27
4296,Data Analyst,11,Amazon,Pune,0-2 Years,9.67,2025-09-05
4297,Data Analyst,5,Deloitte,Chennai,0-2 Years,10.23,2025-10-19
4298,Data Analyst,6,Capgemini,Kolkata,2-5 Years,16.15,2025-11-21
4299,Data Analyst,11,Amazon,Kolkata,0-2 Years,9.82,2025-10-09
4300,Data Analyst,5,Deloitte,Jaipur,5+ Years,22.05,2025-10-28
4301,Data Analyst,3,Wipro,Kolkata,0-2 Years,10.49,2025-06-12
4302,Data Analyst,13,Flipkart,Chennai,2-5 Years,14.86,2025-03-23
4303,Data Analyst,2,Infosys,Bangalore,0-2 Years,11.83,2025-10-09
4304,Data Analyst,5,Deloitte,Jaipur,2-5 Years,16.84,2025-03-12
4305,Data Analyst,10,Tech Mahindra,Jaipur,Fresher,5.43,2025-12-03
4306,Data Analyst,14,PwC,Chennai,0-2 Years,9.58,2025-04-02
4307,Data Analyst,13,Flipkart,Bangalore,0-2 Years,12.24,2025-09-10
4308,Data Analyst,3,Wipro,Delhi NCR,0-2 Years,11.88,2025-01-07
4309,Data Analyst,14,PwC,Kolkata,2-5 Years,15.76,2025-01-25
4310,Data Analyst,14,PwC,Bangalore,0-2 Years,12.44,2025-12-04
4311,Data Analyst,12,Microsoft,Jaipur,0-2 Years,11.05,2025-11-24
4312,Data Analyst,4,Accenture,Bangalore,5+ Years,22.91,2025-07-19
4313,Data Analyst,7,Cognizant,Kolkata,2-5 Years,16.59,2025-02-25
4314,Data Analyst,5,Deloitte,Delhi NCR,0-2 Years,11.46,2025-01-05
4315,Data Analyst,10,Tech Mahindra,Pune,0-2 Years,11.01,2025-09-17
4316,Data Analyst,14,PwC,Chennai,0-2 Years,12.71,2025-11-02
4317,Data Analyst,3,Wipro,Hyderabad,2-5 Years,15.65,2025-06-13
4318,Data Analyst,5,Deloitte,Kolkata,Fresher,8.35,2025-07-28
4319,Data Analyst,11,Amazon,Kolkata,2-5 Years,16.19,2025-06-07
4320,Data Analyst,2,Infosys,Ahmedabad,0-2 Years,10.6,2025-06-04
4321,Data Analyst,13,Flipkart,Chennai,Fresher,7.48,2025-04-20
4322,Data Analyst,15,KPMG,Jaipur,0-2 Years,10.87,2025-12-18
4323,Data Analyst,11,Amazon,Pune,2-5 Years,17.96,2025-07-26
4324,Data Analyst,7,Cognizant,Chennai,0-2 Years,10.21,2025-09-21
4325,Data Analyst,1,TCS,Pune,2-5 Years,15.58,2025-06-03
4326,Data Analyst,2,Infosys,Jaipur,Fresher,8.24,2025-11-03
4327,Data Analyst,15,KPMG,Hyderabad,2-5 Years,16.29,2025-01-17
4328,Data Analyst,11,Amazon,Mumbai,Fresher,9.58,2025-12-07
4329,Data Analyst,9,HCL,Hyderabad,5+ Years,26.04,2025-06-11
4330,Data Analyst,4,Accenture,Pune,2-5 Years,16.02,2025-02-18
4331,Data Analyst,13,Flipkart,Delhi NCR,5+ Years,23.82,2025-09-24
4332,Data Analyst,5,Deloitte,Ahmedabad,2-5 Years,14.62,2025-05-27
4333,Data Analyst,4,Accenture,Chennai,2-5 Years,17.41,2025-11-27
4334,Data Analyst,4,Accenture,Pune,Fresher,7.74,2025-12-06
4335,Data Analyst,2,Infosys,Delhi NCR,0-2 Years,11.57,2025-09-07
4336,Data Analyst,9,HCL,Hyderabad,0-2 Years,11.23,2025-09-04
4337,Data Analyst,7,Cognizant,Hyderabad,Fresher,6.01,2025-06-22
4338,Data Analyst,12,Microsoft,Chennai,Fresher,8.1,2025-09-21
4339,Data Analyst,10,Tech Mahindra,Mumbai,0-2 Years,10.02,2025-09-04
4340,Data Analyst,11,Amazon,Chennai,0-2 Years,11.12,2025-06-21
4341,Data Analyst,4,Accenture,Jaipur,5+ Years,24.13,2025-03-04
4342,Data Analyst,11,Amazon,Jaipur,0-2 Years,11.23,2025-08-14
4343,Data Analyst,4,Accenture,Delhi NCR,0-2 Years,13.34,2025-12-26
4344,Data Analyst,11,Amazon,Mumbai,Fresher,9.73,2025-10-05
4345,Data Analyst,1,TCS,Hyderabad,2-5 Years,16.22,2025-11-08
4346,Data Analyst,10,Tech Mahindra,Pune,0-2 Years,11.53,2025-12-30
4347,Data Analyst,2,Infosys,Chennai,0-2 Years,11.44,2025-06-27
4348,Data Analyst,1,TCS,Chennai,2-5 Years,14.6,2025-03-15
4349,Data Analyst,6,Capgemini,Chennai,0-2 Years,10.37,2025-08-04
4350,Data Analyst,12,Microsoft,Mumbai,0-2 Years,11.83,2025-11-22
4351,Data Analyst,12,Microsoft,Pune,0-2 Years,9.06,2025-11-03
4352,Data Analyst,4,Accenture,Hyderabad,0-2 Years,12.06,2025-08-09
4353,Data Analyst,7,Cognizant,Delhi NCR,Fresher,6.7,2025-08-23
4354,Data Analyst,14,PwC,Pune,0-2 Years,9.49,2025-02-05
4355,Data Analyst,5,Deloitte,Hyderabad,Fresher,8.49,2025-10-16
4356,Data Analyst,4,Accenture,Bangalore,0-2 Years,13.86,2025-04-03
4357,Data Analyst,9,HCL,Hyderabad,0-2 Years,12.27,2025-08-08
4358,Data Analyst,8,IBM,Pune,0-2 Years,11.11,2025-11-07
4359,Data Analyst,3,Wipro,Kolkata,2-5 Years,16.71,2025-09-19
4360,Data Analyst,3,Wipro,Bangalore,Fresher,9.82,2025-06-05
4361,Data Analyst,3,Wipro,Bangalore,0-2 Years,13.37,2025-05-04
4362,Data Analyst,3,Wipro,Chennai,0-2 Years,10.51,2025-01-07
4363,Data Analyst,10,Tech Mahindra,Mumbai,2-5 Years,17.83,2025-12-06
4364,Data Analyst,6,Capgemini,Mumbai,Fresher,9.93,2025-03-27
4365,Data Analyst,2,Infosys,Delhi NCR,2-5 Years,15.28,2025-04-07
4366,Data Analyst,3,Wipro,Kolkata,0-2 Years,13.52,2025-10-15
4367,Data Analyst,5,Deloitte,Bangalore,0-2 Years,12.37,2025-06-26
4368,Data Analyst,5,Deloitte,Jaipur,0-2 Years,11.04,2025-10-25
4369,Data Analyst,11,Amazon,Mumbai,0-2 Years,11.69,2025-01-19
4370,Data Analyst,6,Capgemini,Ahmedabad,0-2 Years,11.27,2025-08-30
4371,Data Analyst,1,TCS,Chennai,5+ Years,21.41,2025-07-09
4372,Data Analyst,5,Deloitte,Ahmedabad,0-2 Years,10.34,2025-05-02
4373,Data Analyst,1,TCS,Ahmedabad,0-2 Years,9.69,2025-09-17
4374,Data Analyst,10,Tech Mahindra,Chennai,0-2 Years,11.66,2025-12-01
4375,Data Analyst,14,PwC,Ahmedabad,0-2 Years,12.19,2025-10-17
4376,Data Analyst,13,Flipkart,Ahmedabad,2-5 Years,16.78,2025-12-03
4377,Data Analyst,5,Deloitte,Chennai,2-5 Years,13.65,2025-08-19
4378,Data Analyst,2,Infosys,Delhi NCR,0-2 Years,13.45,2025-05-31
4379,Data Analyst,15,KPMG,Kolkata,0-2 Years,11.35,2025-08-23
4380,Data Analyst,8,IBM,Hyderabad,Fresher,7.07,2025-05-06
4381,Data Analyst,13,Flipkart,Pune,0-2 Years,11.69,2025-12-07
4382,Data Analyst,1,TCS,Hyderabad,0-2 Years,12.21,2025-09-23
4383,Data Analyst,5,Deloitte,Kolkata,2-5 Years,15.2,2025-04-04
4384,Data Analyst,5,Deloitte,Hyderabad,0-2 Years,12.24,2025-07-11
4385,Data Analyst,8,IBM,Ahmedabad,2-5 Years,15.27,2025-03-09
4386,Data Analyst,3,Wipro,Hyderabad,0-2 Years,11.51,2025-06-15
4387,Data Analyst,13,Flipkart,Jaipur,2-5 Years,15.18,2025-07-31
4388,Data Analyst,11,Amazon,Delhi NCR,Fresher,5.28,2025-08-27
4389,Data Analyst,5,Deloitte,Mumbai,2-5 Years,17.68,2025-09-15
4390,Data Analyst,4,Accenture,Ahmedabad,5+ Years,23.7,2025-11-25
4391,Data Analyst,14,PwC,Ahmedabad,2-5 Years,16.62,2025-12-29
4392,Data Analyst,7,Cognizant,Kolkata,5+ Years,23.98,2025-12-17
4393,Data Analyst,4,Accenture,Kolkata,2-5 Years,16.39,2025-08-30
4394,Data Analyst,14,PwC,Delhi NCR,5+ Years,22.36,2025-09-13
4395,Data Analyst,1,TCS,Bangalore,0-2 Years,14.01,2025-03-13
4396,Data Analyst,2,Infosys,Pune,0-2 Years,9.87,2025-03-06
4397,Data Analyst,15,KPMG,Chennai,0-2 Years,10.42,2025-09-20
4398,Data Analyst,9,HCL,Ahmedabad,0-2 Years,9.84,2025-11-24
4399,Data Analyst,12,Microsoft,Kolkata,Fresher,8.3,2025-01-17
4400,Data Analyst,15,KPMG,Pune,Fresher,8.63,2025-11-01
4401,Data Analyst,6,Capgemini,Chennai,5+ Years,24.08,2025-05-30
4402,Data Analyst,1,TCS,Ahmedabad,5+ Years,24.29,2025-09-27
4403,Data Analyst,14,PwC,Jaipur,0-2 Years,9.94,2025-09-08
4404,Data Analyst,14,PwC,Jaipur,0-2 Years,11.42,2025-05-26
4405,Data Analyst,14,PwC,Jaipur,Fresher,6.85,2025-12-07
4406,Data Analyst,14,PwC,Jaipur,0-2 Years,12.02,2025-01-02
4407,Data Analyst,6,Capgemini,Jaipur,2-5 Years,15.86,2025-05-28
4408,Data Analyst,11,Amazon,Delhi NCR,Fresher,6.54,2025-08-14
4409,Data Analyst,12,Microsoft,Mumbai,2-5 Years,18.15,2025-07-29
4410,Data Analyst,12,Microsoft,Hyderabad,2-5 Years,18.05,2025-05-27
4411,Data Analyst,14,PwC,Delhi NCR,0-2 Years,10.2,2025-09-09
4412,Data Analyst,13,Flipkart,Pune,Fresher,7.43,2025-01-13
4413,Data Analyst,5,Deloitte,Kolkata,2-5 Years,14.73,2025-12-27
4414,Data Analyst,3,Wipro,Hyderabad,0-2 Years,9.0,2025-03-01
4415,Data Analyst,7,Cognizant,Mumbai,0-2 Years,12.74,2025-09-14
4416,Data Analyst,13,Flipkart,Kolkata,5+ Years,23.73,2025-10-22
4417,Data Analyst,8,IBM,Hyderabad,2-5 Years,17.31,2025-01-28
4418,Data Analyst,9,HCL,Bangalore,2-5 Years,15.66,2025-09-01
4419,Data Analyst,10,Tech Mahindra,Jaipur,0-2 Years,10.58,2025-08-25
4420,Data Analyst,3,Wipro,Ahmedabad,0-2 Years,8.34,2025-02-22
4421,Data Analyst,10,Tech Mahindra,Bangalore,5+ Years,26.64,2025-12-12
4422,Data Analyst,10,Tech Mahindra,Jaipur,2-5 Years,14.7,2025-03-13
4423,Data Analyst,13,Flipkart,Jaipur,Fresher,8.51,2025-08-01
4424,Data Analyst,1,TCS,Delhi NCR,2-5 Years,17.14,2025-11-05
4425,Data Analyst,3,Wipro,Bangalore,5+ Years,23.92,2025-02-03
4426,Data Analyst,9,HCL,Mumbai,2-5 Years,16.14,2025-12-12
4427,Data Analyst,1,TCS,Bangalore,2-5 Years,18.42,2025-01-01
4428,Data Analyst,4,Accenture,Kolkata,2-5 Years,14.99,2025-02-17
4429,Data Analyst,3,Wipro,Chennai,5+ Years,23.62,2025-12-26
4430,Data Analyst,12,Microsoft,Delhi NCR,0-2 Years,10.42,2025-01-28
4431,Data Analyst,11,Amazon,Jaipur,0-2 Years,8.86,2025-09-13
4432,Data Analyst,14,PwC,Jaipur,2-5 Years,13.32,2025-10-21
4433,Data Analyst,7,Cognizant,Pune,Fresher,7.77,2025-09-22
4434,Data Analyst,4,Accenture,Jaipur,2-5 Years,15.33,2025-06-11
4435,Data Analyst,15,KPMG,Ahmedabad,0-2 Years,10.34,2025-04-10
4436,Data Analyst,14,PwC,Kolkata,0-2 Years,11.84,2025-05-04
4437,Data Analyst,3,Wipro,Hyderabad,2-5 Years,18.41,2025-11-24
4438,Data Analyst,13,Flipkart,Hyderabad,0-2 Years,11.67,2025-10-05
4439,Data Analyst,14,PwC,Hyderabad,0-2 Years,11.59,2025-07-30
4440,Data Analyst,5,Deloitte,Hyderabad,0-2 Years,12.6,2025-10-15
4441,Data Analyst,15,KPMG,Jaipur,0-2 Years,9.37,2025-05-09
4442,Data Analyst,9,HCL,Bangalore,2-5 Years,18.27,2025-03-19
4443,Data Analyst,9,HCL,Delhi NCR,2-5 Years,16.66,2025-12-12
4444,Data Analyst,8,IBM,Ahmedabad,0-2 Years,11.82,2025-09-07
4445,Data Analyst,12,Microsoft,Kolkata,0-2 Years,8.68,2025-05-02
4446,Data Analyst,7,Cognizant,Pune,0-2 Years,10.59,2025-11-13
4447,Data Analyst,10,Tech Mahindra,Kolkata,2-5 Years,14.95,2025-08-04
4448,Data Analyst,12,Microsoft,Bangalore,5+ Years,25.12,2025-02-05
4449,Data Analyst,15,KPMG,Mumbai,2-5 Years,18.08,2025-09-16
4450,Data Analyst,6,Capgemini,Bangalore,0-2 Years,14.8,2025-12-24
4451,Data Analyst,8,IBM,Mumbai,0-2 Years,11.91,2025-03-10
4452,Data Analyst,7,Cognizant,Bangalore,2-5 Years,17.4,2025-01-28
4453,Data Analyst,11,Amazon,Chennai,0-2 Years,12.88,2025-05-17
4454,Data Analyst,14,PwC,Pune,Fresher,7.86,2025-09-25
4455,Data Analyst,6,Capgemini,Delhi NCR,2-5 Years,17.52,2025-08-25
4456,Data Analyst,8,IBM,Mumbai,0-2 Years,12.85,2025-11-16
4457,Data Analyst,9,HCL,Chennai,2-5 Years,15.11,2025-05-17
4458,Data Analyst,6,Capgemini,Bangalore,Fresher,7.4,2025-07-20
4459,Data Analyst,15,KPMG,Jaipur,2-5 Years,14.14,2025-03-19
4460,Data Analyst,11,Amazon,Delhi NCR,0-2 Years,11.79,2025-02-08
4461,Data Analyst,15,KPMG,Hyderabad,Fresher,9.43,2025-06-01
4462,Data Analyst,8,IBM,Mumbai,0-2 Years,14.72,2025-06-13
4463,Data Analyst,8,IBM,Mumbai,Fresher,9.51,2025-10-09
4464,Data Analyst,5,Deloitte,Chennai,0-2 Years,12.9,2025-12-15
4465,Data Analyst,6,Capgemini,Ahmedabad,0-2 Years,10.3,2025-05-14
4466,Data Analyst,15,KPMG,Ahmedabad,0-2 Years,9.61,2025-04-11
4467,Data Analyst,15,KPMG,Ahmedabad,0-2 Years,12.02,2025-03-22
4468,Data Analyst,3,Wipro,Jaipur,Fresher,7.5,2025-09-06
4469,Data Analyst,11,Amazon,Hyderabad,2-5 Years,17.13,2025-04-08
4470,Data Analyst,8,IBM,Jaipur,2-5 Years,16.46,2025-08-24
4471,Data Analyst,13,Flipkart,Hyderabad,2-5 Years,17.39,2025-09-10
4472,Data Analyst,9,HCL,Delhi NCR,0-2 Years,12.54,2025-12-28
4473,Data Analyst,9,HCL,Delhi NCR,0-2 Years,12.55,2025-05-04
4474,Data Analyst,2,Infosys,Delhi NCR,0-2 Years,11.65,2025-09-12
4475,Data Analyst,9,HCL,Pune,2-5 Years,17.51,2025-07-04
4476,Data Analyst,9,HCL,Mumbai,2-5 Years,18.12,2025-10-12
4477,Data Analyst,7,Cognizant,Jaipur,Fresher,6.45,2025-05-26
4478,Data Analyst,3,Wipro,Hyderabad,0-2 Years,12.91,2025-01-11
4479,Data Analyst,13,Flipkart,Jaipur,0-2 Years,9.33,2025-07-11
4480,Data Analyst,13,Flipkart,Pune,0-2 Years,12.76,2025-04-22
4481,Data Analyst,15,KPMG,Kolkata,2-5 Years,14.57,2025-12-21
4482,Data Analyst,11,Amazon,Chennai,0-2 Years,11.84,2025-02-01
4483,Data Analyst,9,HCL,Mumbai,5+ Years,23.49,2025-05-17
4484,Data Analyst,3,Wipro,Delhi NCR,0-2 Years,11.66,2025-01-16
4485,Data Analyst,9,HCL,Mumbai,0-2 Years,12.46,2025-12-09
4486,Data Analyst,12,Microsoft,Bangalore,0-2 Years,11.09,2025-01-31
4487,Data Analyst,7,Cognizant,Chennai,2-5 Years,17.0,2025-11-19
4488,Data Analyst,13,Flipkart,Delhi NCR,0-2 Years,10.31,2025-05-24
4489,Data Analyst,8,IBM,Ahmedabad,0-2 Years,12.06,2025-01-27
4490,Data Analyst,6,Capgemini,Chennai,Fresher,7.5,2026-01-01
4491,Data Analyst,6,Capgemini,Pune,2-5 Years,16.97,2025-12-11
4492,Data Analyst,15,KPMG,Jaipur,0-2 Years,9.85,2025-06-21
4493,Data Analyst,13,Flipkart,Mumbai,Fresher,7.79,2025-09-18
4494,Data Analyst,8,IBM,Mumbai,2-5 Years,16.95,2025-09-03
4495,Data Analyst,9,HCL,Ahmedabad,0-2 Years,12.03,2025-11-02
4496,Data Analyst,8,IBM,Bangalore,Fresher,11.01,2025-11-19
4497,Data Analyst,1,TCS,Bangalore,0-2 Years,12.03,2025-03-05
4498,Data Analyst,9,HCL,Hyderabad,0-2 Years,13.29,2025-09-09
4499,Data Analyst,8,IBM,Jaipur,0-2 Years,8.4,2025-01-21
4500,Data Analyst,4,Accenture,Hyderabad,0-2 Years,10.57,2025-05-19
4501,Data Analyst,5,Deloitte,Mumbai,2-5 Years,16.35,2025-01-18
4502,Data Analyst,8,IBM,Chennai,0-2 Years,9.88,2025-01-21
4503,Data Analyst,15,KPMG,Jaipur,5+ Years,21.1,2025-07-28
4504,Data Analyst,9,HCL,Mumbai,Fresher,9.0,2025-06-07
4505,Data Analyst,14,PwC,Kolkata,0-2 Years,10.74,2025-12-25
4506,Data Analyst,13,Flipkart,Pune,2-5 Years,16.96,2025-02-22
4507,Data Analyst,14,PwC,Mumbai,0-2 Years,13.33,2025-09-12
4508,Data Analyst,15,KPMG,Jaipur,0-2 Years,11.32,2025-06-25
4509,Data Analyst,15,KPMG,Bangalore,2-5 Years,18.79,2025-05-05
4510,Data Analyst,14,PwC,Pune,0-2 Years,11.42,2025-11-14
4511,Data Analyst,13,Flipkart,Jaipur,2-5 Years,14.58,2025-06-15
4512,Data Analyst,8,IBM,Mumbai,Fresher,9.77,2025-03-01
4513,Data Analyst,12,Microsoft,Chennai,5+ Years,22.79,2025-07-05
4514,Data Analyst,11,Amazon,Hyderabad,2-5 Years,15.88,2025-04-24
4515,Data Analyst,9,HCL,Pune,Fresher,7.29,2025-04-24
4516,Data Analyst,13,Flipkart,Chennai,0-2 Years,10.4,2025-07-15
4517,Data Analyst,11,Amazon,Chennai,2-5 Years,16.0,2025-02-21
4518,Data Analyst,12,Microsoft,Ahmedabad,0-2 Years,11.41,2025-11-12
4519,Data Analyst,10,Tech Mahindra,Hyderabad,2-5 Years,17.42,2025-05-30
4520,Data Analyst,2,Infosys,Mumbai,Fresher,7.42,2025-08-11
4521,Data Analyst,12,Microsoft,Hyderabad,5+ Years,23.41,2025-10-21
4522,Data Analyst,6,Capgemini,Ahmedabad,0-2 Years,12.29,2025-05-01
4523,Data Analyst,1,TCS,Hyderabad,0-2 Years,12.6,2025-10-22
4524,Data Analyst,1,TCS,Pune,0-2 Years,13.99,2025-01-21
4525,Data Analyst,8,IBM,Chennai,2-5 Years,17.92,2025-11-24
4526,Data Analyst,12,Microsoft,Chennai,5+ Years,24.87,2025-08-12
4527,Data Analyst,10,Tech Mahindra,Pune,5+ Years,21.83,2025-03-20
4528,Data Analyst,2,Infosys,Hyderabad,0-2 Years,12.92,2025-12-30
4529,Data Analyst,12,Microsoft,Kolkata,0-2 Years,10.94,2025-03-16
4530,Data Analyst,12,Microsoft,Kolkata,Fresher,6.34,2025-05-18
4531,Data Analyst,14,PwC,Jaipur,Fresher,7.2,2025-09-12
4532,Data Analyst,9,HCL,Kolkata,Fresher,8.13,2025-10-13
4533,Data Analyst,12,Microsoft,Pune,2-5 Years,17.1,2025-04-03
4534,Data Analyst,15,KPMG,Jaipur,Fresher,5.95,2025-03-02
4535,Data Analyst,9,HCL,Ahmedabad,0-2 Years,11.89,2025-12-04
4536,Data Analyst,13,Flipkart,Hyderabad,2-5 Years,16.23,2025-02-02
4537,Data Analyst,6,Capgemini,Chennai,5+ Years,23.76,2025-06-09
4538,Data Analyst,3,Wipro,Chennai,0-2 Years,11.14,2025-02-20
4539,Data Analyst,4,Accenture,Chennai,0-2 Years,11.24,2025-03-30
4540,Data Analyst,3,Wipro,Ahmedabad,Fresher,7.92,2025-08-06
4541,Data Analyst,14,PwC,Mumbai,0-2 Years,11.25,2025-11-13
4542,Data Analyst,15,KPMG,Mumbai,Fresher,10.83,2025-05-23
4543,Data Analyst,14,PwC,Chennai,0-2 Years,9.31,2025-01-09
4544,Data Analyst,8,IBM,Kolkata,0-2 Years,10.28,2025-05-03
4545,Data Analyst,14,PwC,Bangalore,2-5 Years,18.44,2025-03-29
4546,Data Analyst,14,PwC,Delhi NCR,Fresher,7.7,2025-12-07
4547,Data Analyst,9,HCL,Jaipur,0-2 Years,10.88,2025-05-17
4548,Data Analyst,11,Amazon,Delhi NCR,0-2 Years,10.93,2025-10-07
4549,Data Analyst,8,IBM,Chennai,0-2 Years,11.99,2025-10-10
4550,Data Analyst,8,IBM,Hyderabad,Fresher,7.72,2025-03-04
4551,Data Analyst,2,Infosys,Bangalore,2-5 Years,19.67,2025-12-19
4552,Data Analyst,9,HCL,Bangalore,Fresher,10.01,2025-05-03
4553,Data Analyst,5,Deloitte,Kolkata,5+ Years,24.05,2025-01-23
4554,Data Analyst,14,PwC,Chennai,2-5 Years,15.34,2025-03-27
4555,Data Analyst,7,Cognizant,Chennai,0-2 Years,11.4,2025-02-25
4556,Data Analyst,14,PwC,Chennai,2-5 Years,16.14,2025-11-21
4557,Data Analyst,15,KPMG,Pune,5+ Years,22.29,2025-04-30
4558,Data Analyst,1,TCS,Pune,0-2 Years,11.93,2025-10-03
4559,Data Analyst,12,Microsoft,Hyderabad,2-5 Years,16.35,2025-11-17
4560,Data Analyst,3,Wipro,Ahmedabad,0-2 Years,11.79,2025-09-17
4561,Data Analyst,15,KPMG,Ahmedabad,Fresher,5.72,2025-09-29
4562,Data Analyst,3,Wipro,Kolkata,2-5 Years,18.06,2025-05-31
4563,Data Analyst,10,Tech Mahindra,Jaipur,2-5 Years,14.92,2025-12-18
4564,Data Analyst,15,KPMG,Pune,0-2 Years,11.76,2025-07-17
4565,Data Analyst,4,Accenture,Ahmedabad,2-5 Years,16.95,2025-01-14
4566,Data Analyst,8,IBM,Mumbai,0-2 Years,11.82,2025-11-19
4567,Data Analyst,8,IBM,Bangalore,2-5 Years,19.02,2025-08-05
4568,Data Analyst,11,Amazon,Chennai,0-2 Years,10.02,2025-12-23
4569,Data Analyst,2,Infosys,Delhi NCR,2-5 Years,17.74,2025-07-28
4570,Data Analyst,12,Microsoft,Hyderabad,Fresher,8.02,2025-09-03
4571,Data Analyst,1,TCS,Hyderabad,2-5 Years,16.28,2025-10-09
4572,Data Analyst,8,IBM,Chennai,5+ Years,23.14,2025-11-17
4573,Data Analyst,12,Microsoft,Delhi NCR,0-2 Years,11.97,2025-11-23
4574,Data Analyst,7,Cognizant,Mumbai,0-2 Years,11.8,2025-07-30
4575,Data Analyst,5,Deloitte,Mumbai,2-5 Years,16.6,2025-08-29
4576,Data Analyst,14,PwC,Hyderabad,5+ Years,23.73,2025-10-09
4577,Data Analyst,15,KPMG,Pune,0-2 Years,10.09,2025-02-20
4578,Data Analyst,15,KPMG,Chennai,2-5 Years,18.68,2025-09-22
4579,Data Analyst,6,Capgemini,Kolkata,0-2 Years,10.32,2025-05-07
4580,Data Analyst,14,PwC,Delhi NCR,2-5 Years,17.0,2025-08-23
4581,Data Analyst,6,Capgemini,Pune,0-2 Years,11.75,2025-02-19
4582,Data Analyst,7,Cognizant,Chennai,5+ Years,22.32,2025-09-21
4583,Data Analyst,14,PwC,Pune,Fresher,7.49,2025-02-01
4584,Data Analyst,2,Infosys,Jaipur,2-5 Years,16.94,2025-07-26
4585,Data Analyst,1,TCS,Chennai,2-5 Years,16.27,2025-03-26
4586,Data Analyst,4,Accenture,Chennai,0-2 Years,12.93,2025-10-29
4587,Data Analyst,8,IBM,Pune,2-5 Years,17.73,2025-04-19
4588,Data Analyst,10,Tech Mahindra,Bangalore,0-2 Years,14.1,2025-10-27
4589,Data Analyst,1,TCS,Hyderabad,Fresher,7.45,2025-07-28
4590,Data Analyst,11,Amazon,Mumbai,2-5 Years,16.2,2025-04-15
4591,Data Analyst,1,TCS,Bangalore,Fresher,8.26,2025-10-25
4592,Data Analyst,1,TCS,Hyderabad,Fresher,8.24,2025-11-23
4593,Data Analyst,2,Infosys,Delhi NCR,2-5 Years,16.65,2025-11-01
4594,Data Analyst,12,Microsoft,Bangalore,Fresher,6.39,2025-03-21
4595,Data Analyst,4,Accenture,Chennai,0-2 Years,11.49,2025-04-18
4596,Data Analyst,8,IBM,Hyderabad,Fresher,8.19,2025-04-16
4597,Data Analyst,15,KPMG,Chennai,0-2 Years,11.17,2025-04-11
4598,Data Analyst,15,KPMG,Delhi NCR,0-2 Years,12.55,2025-03-17
4599,Data Analyst,9,HCL,Bangalore,Fresher,9.51,2025-04-06
4600,Data Analyst,13,Flipkart,Mumbai,5+ Years,26.07,2025-01-10
4601,Data Analyst,11,Amazon,Hyderabad,0-2 Years,11.74,2025-07-17
4602,Data Analyst,6,Capgemini,Delhi NCR,0-2 Years,12.12,2025-12-14
4603,Data Analyst,6,Capgemini,Chennai,0-2 Years,13.46,2025-05-30
4604,Data Analyst,10,Tech Mahindra,Bangalore,2-5 Years,19.57,2025-12-16
4605,Data Analyst,9,HCL,Bangalore,2-5 Years,16.69,2025-11-04
4606,Data Analyst,7,Cognizant,Kolkata,Fresher,6.7,2025-11-02
4607,Data Analyst,1,TCS,Kolkata,Fresher,6.59,2025-08-25
4608,Data Analyst,15,KPMG,Mumbai,0-2 Years,13.09,2025-05-03
4609,Data Analyst,1,TCS,Bangalore,0-2 Years,13.82,2025-08-25
4610,Data Analyst,5,Deloitte,Delhi NCR,0-2 Years,9.99,2025-10-17
4611,Data Analyst,4,Accenture,Bangalore,5+ Years,25.08,2025-10-23
4612,Data Analyst,15,KPMG,Kolkata,2-5 Years,13.58,2025-06-09
4613,Data Analyst,13,Flipkart,Bangalore,0-2 Years,14.73,2025-10-14
4614,Data Analyst,4,Accenture,Jaipur,2-5 Years,15.39,2025-08-07
4615,Data Analyst,12,Microsoft,Jaipur,0-2 Years,11.07,2025-04-13
4616,Data Analyst,8,IBM,Hyderabad,0-2 Years,11.63,2025-11-25
4617,Data Analyst,9,HCL,Delhi NCR,0-2 Years,12.38,2025-04-22
4618,Data Analyst,7,Cognizant,Bangalore,2-5 Years,14.59,2025-08-03
4619,Data Analyst,14,PwC,Delhi NCR,2-5 Years,15.98,2025-07-01
4620,Data Analyst,9,HCL,Bangalore,2-5 Years,17.87,2025-02-01
4621,Data Analyst,2,Infosys,Bangalore,0-2 Years,12.46,2025-04-27
4622,Data Analyst,12,Microsoft,Ahmedabad,2-5 Years,18.07,2025-03-07
4623,Data Analyst,2,Infosys,Hyderabad,2-5 Years,15.94,2025-03-28
4624,Data Analyst,15,KPMG,Jaipur,0-2 Years,11.93,2025-12-22
4625,Data Analyst,9,HCL,Jaipur,0-2 Years,11.43,2025-11-18
4626,Data Analyst,10,Tech Mahindra,Delhi NCR,2-5 Years,17.51,2025-11-02
4627,Data Analyst,12,Microsoft,Chennai,2-5 Years,15.7,2025-06-28
4628,Data Analyst,8,IBM,Bangalore,0-2 Years,12.12,2025-03-09
4629,Data Analyst,4,Accenture,Bangalore,0-2 Years,14.32,2025-10-17
4630,Data Analyst,13,Flipkart,Jaipur,2-5 Years,16.51,2025-01-02
4631,Data Analyst,7,Cognizant,Hyderabad,Fresher,6.15,2025-03-20
4632,Data Analyst,15,KPMG,Pune,0-2 Years,10.85,2025-02-08
4633,Data Analyst,6,Capgemini,Bangalore,2-5 Years,18.46,2025-08-05
4634,Data Analyst,8,IBM,Pune,2-5 Years,17.51,2025-07-17
4635,Data Analyst,2,Infosys,Hyderabad,2-5 Years,16.18,2025-01-25
4636,Data Analyst,4,Accenture,Mumbai,0-2 Years,9.0,2025-06-17
4637,Data Analyst,8,IBM,Kolkata,2-5 Years,16.63,2025-10-02
4638,Data Analyst,10,Tech Mahindra,Ahmedabad,0-2 Years,9.54,2025-12-27
4639,Data Analyst,5,Deloitte,Kolkata,0-2 Years,8.58,2025-04-16
4640,Data Analyst,9,HCL,Hyderabad,0-2 Years,8.6,2025-06-22
4641,Data Analyst,15,KPMG,Jaipur,2-5 Years,16.98,2025-07-31
4642,Data Analyst,14,PwC,Mumbai,2-5 Years,17.65,2025-09-14
4643,Data Analyst,11,Amazon,Bangalore,5+ Years,24.73,2025-08-16
4644,Data Analyst,9,HCL,Mumbai,2-5 Years,19.17,2025-10-02
4645,Data Analyst,10,Tech Mahindra,Bangalore,2-5 Years,18.76,2025-05-07
4646,Data Analyst,8,IBM,Chennai,0-2 Years,13.44,2025-07-28
4647,Data Analyst,1,TCS,Pune,0-2 Years,9.83,2025-09-28
4648,Data Analyst,10,Tech Mahindra,Pune,2-5 Years,16.46,2025-11-03
4649,Data Analyst,4,Accenture,Pune,Fresher,5.56,2025-03-29
4650,Data Analyst,3,Wipro,Bangalore,2-5 Years,17.72,2025-09-21
4651,Data Analyst,12,Microsoft,Chennai,0-2 Years,11.2,2025-07-19
4652,Data Analyst,3,Wipro,Jaipur,0-2 Years,11.75,2025-08-03
4653,Data Analyst,7,Cognizant,Pune,5+ Years,23.55,2025-11-15
4654,Data Analyst,13,Flipkart,Chennai,5+ Years,24.25,2025-10-08
4655,Data Analyst,6,Capgemini,Mumbai,5+ Years,25.34,2025-02-09
4656,Data Analyst,6,Capgemini,Hyderabad,Fresher,10.59,2025-04-23
4657,Data Analyst,11,Amazon,Hyderabad,0-2 Years,11.62,2025-05-16
4658,Data Analyst,15,KPMG,Pune,2-5 Years,15.37,2025-03-13
4659,Data Analyst,15,KPMG,Ahmedabad,0-2 Years,11.3,2025-08-31
4660,Data Analyst,7,Cognizant,Hyderabad,Fresher,7.04,2025-01-29
4661,Data Analyst,15,KPMG,Kolkata,2-5 Years,17.78,2025-01-26
4662,Data Analyst,2,Infosys,Mumbai,2-5 Years,17.16,2025-12-04
4663,Data Analyst,4,Accenture,Ahmedabad,Fresher,6.32,2025-11-06
4664,Data Analyst,9,HCL,Hyderabad,5+ Years,23.43,2025-09-07
4665,Data Analyst,12,Microsoft,Bangalore,0-2 Years,13.86,2025-01-15
4666,Data Analyst,6,Capgemini,Bangalore,2-5 Years,17.81,2025-07-15
4667,Data Analyst,4,Accenture,Chennai,2-5 Years,15.73,2025-08-13
4668,Data Analyst,1,TCS,Hyderabad,0-2 Years,14.0,2025-06-29
4669,Data Analyst,15,KPMG,Kolkata,2-5 Years,14.97,2025-11-16
4670,Data Analyst,10,Tech Mahindra,Mumbai,2-5 Years,17.54,2025-12-02
4671,Data Analyst,7,Cognizant,Ahmedabad,5+ Years,23.78,2025-11-14
4672,Data Analyst,12,Microsoft,Delhi NCR,2-5 Years,14.04,2025-05-08
4673,Data Analyst,9,HCL,Mumbai,0-2 Years,13.08,2025-08-23
4674,Data Analyst,2,Infosys,Chennai,0-2 Years,10.23,2025-09-06
4675,Data Analyst,8,IBM,Pune,2-5 Years,17.49,2025-02-16
4676,Data Analyst,15,KPMG,Chennai,Fresher,6.34,2025-08-08
4677,Data Analyst,2,Infosys,Pune,2-5 Years,17.33,2025-02-13
4678,Data Analyst,4,Accenture,Mumbai,2-5 Years,18.83,2025-08-29
4679,Data Analyst,6,Capgemini,Bangalore,Fresher,10.03,2025-07-26
4680,Data Analyst,5,Deloitte,Ahmedabad,0-2 Years,11.3,2025-10-16
4681,Data Analyst,13,Flipkart,Jaipur,2-5 Years,15.72,2025-10-01
4682,Data Analyst,10,Tech Mahindra,Mumbai,0-2 Years,11.81,2025-09-20
4683,Data Analyst,8,IBM,Jaipur,Fresher,8.77,2025-05-31
4684,Data Analyst,6,Capgemini,Kolkata,Fresher,6.16,2025-12-04
4685,Data Analyst,6,Capgemini,Hyderabad,0-2 Years,10.76,2025-10-13
4686,Data Analyst,6,Capgemini,Bangalore,0-2 Years,13.8,2025-05-23
4687,Data Analyst,6,Capgemini,Delhi NCR,2-5 Years,15.04,2025-01-12
4688,Data Analyst,10,Tech Mahindra,Hyderabad,5+ Years,22.86,2025-04-02
4689,Data Analyst,12,Microsoft,Mumbai,Fresher,6.77,2025-07-28
4690,Data Analyst,1,TCS,Chennai,2-5 Years,15.92,2025-07-22
4691,Data Analyst,13,Flipkart,Chennai,0-2 Years,11.4,2025-06-28
4692,Data Analyst,13,Flipkart,Jaipur,2-5 Years,16.29,2025-04-08
4693,Data Analyst,8,IBM,Chennai,0-2 Years,12.64,2025-12-12
4694,Data Analyst,14,PwC,Mumbai,0-2 Years,13.13,2025-04-25
4695,Data Analyst,14,PwC,Delhi NCR,0-2 Years,10.77,2025-09-20
4696,Data Analyst,12,Microsoft,Chennai,2-5 Years,16.26,2025-02-21
4697,Data Analyst,9,HCL,Hyderabad,2-5 Years,17.61,2025-04-24
4698,Data Analyst,5,Deloitte,Kolkata,Fresher,8.53,2025-07-08
4699,Data Analyst,1,TCS,Ahmedabad,0-2 Years,11.15,2025-01-13
4700,Data Analyst,9,HCL,Pune,0-2 Years,10.94,2025-07-04
4701,Data Analyst,3,Wipro,Jaipur,Fresher,5.81,2025-08-26
4702,Data Analyst,9,HCL,Bangalore,0-2 Years,11.27,2025-04-26
4703,Data Analyst,11,Amazon,Kolkata,0-2 Years,11.8,2025-07-08
4704,Data Analyst,13,Flipkart,Bangalore,2-5 Years,18.69,2025-12-20
4705,Data Analyst,7,Cognizant,Hyderabad,0-2 Years,12.69,2025-07-17
4706,Data Analyst,7,Cognizant,Hyderabad,Fresher,7.85,2025-05-08
4707,Data Analyst,6,Capgemini,Bangalore,0-2 Years,14.69,2025-12-30
4708,Data Analyst,7,Cognizant,Bangalore,2-5 Years,17.42,2025-11-24
4709,Data Analyst,15,KPMG,Delhi NCR,5+ Years,24.15,2025-08-31
4710,Data Analyst,15,KPMG,Hyderabad,2-5 Years,16.95,2025-12-22
4711,Data Analyst,12,Microsoft,Pune,0-2 Years,10.77,2025-05-07
4712,Data Analyst,13,Flipkart,Hyderabad,Fresher,8.71,2025-01-23
4713,Data Analyst,6,Capgemini,Chennai,2-5 Years,16.99,2025-11-26
4714,Data Analyst,5,Deloitte,Jaipur,0-2 Years,11.43,2025-06-13
4715,Data Analyst,9,HCL,Pune,2-5 Years,16.6,2025-12-16
4716,Data Analyst,5,Deloitte,Hyderabad,0-2 Years,11.95,2025-07-01
4717,Data Analyst,3,Wipro,Jaipur,2-5 Years,18.87,2025-09-30
4718,Data Analyst,13,Flipkart,Pune,0-2 Years,12.92,2025-04-08
4719,Data Analyst,7,Cognizant,Mumbai,0-2 Years,13.37,2025-09-19
4720,Data Analyst,12,Microsoft,Pune,0-2 Years,11.63,2025-07-19
4721,Data Analyst,6,Capgemini,Delhi NCR,0-2 Years,12.21,2025-11-20
4722,Data Analyst,12,Microsoft,Ahmedabad,0-2 Years,11.62,2025-04-14
4723,Data Analyst,14,PwC,Hyderabad,5+ Years,24.03,2025-10-23
4724,Data Analyst,9,HCL,Kolkata,0-2 Years,10.64,2025-05-07
4725,Data Analyst,5,Deloitte,Jaipur,0-2 Years,10.9,2025-07-07
4726,Data Analyst,3,Wipro,Mumbai,0-2 Years,8.7,2025-06-04
4727,Data Analyst,14,PwC,Pune,5+ Years,23.75,2025-03-04
4728,Data Analyst,1,TCS,Chennai,5+ Years,22.91,2025-05-22
4729,Data Analyst,9,HCL,Pune,2-5 Years,18.41,2025-08-23
4730,Data Analyst,7,Cognizant,Hyderabad,5+ Years,24.02,2025-11-09
4731,Data Analyst,3,Wipro,Delhi NCR,2-5 Years,14.57,2025-05-24
4732,Data Analyst,5,Deloitte,Mumbai,0-2 Years,12.44,2025-02-28
4733,Data Analyst,7,Cognizant,Bangalore,2-5 Years,16.74,2025-09-20
4734,Data Analyst,11,Amazon,Chennai,0-2 Years,12.07,2025-12-28
4735,Data Analyst,10,Tech Mahindra,Jaipur,5+ Years,23.35,2025-02-11
4736,Data Analyst,9,HCL,Bangalore,Fresher,10.15,2025-02-17
4737,Data Analyst,5,Deloitte,Hyderabad,0-2 Years,11.05,2025-12-29
4738,Data Analyst,14,PwC,Hyderabad,Fresher,8.04,2025-02-19
4739,Data Analyst,5,Deloitte,Pune,2-5 Years,14.86,2025-08-13
4740,Data Analyst,4,Accenture,Chennai,0-2 Years,12.34,2025-07-10
4741,Data Analyst,14,PwC,Ahmedabad,0-2 Years,11.62,2025-12-03
4742,Data Analyst,5,Deloitte,Hyderabad,0-2 Years,12.59,2025-01-24
4743,Data Analyst,6,Capgemini,Hyderabad,0-2 Years,12.0,2025-03-05
4744,Data Analyst,12,Microsoft,Ahmedabad,0-2 Years,11.5,2025-09-22
4745,Data Analyst,6,Capgemini,Kolkata,0-2 Years,12.93,2025-12-30
4746,Data Analyst,7,Cognizant,Hyderabad,2-5 Years,16.66,2025-09-13
4747,Data Analyst,3,Wipro,Kolkata,5+ Years,23.17,2025-02-05
4748,Data Analyst,11,Amazon,Kolkata,0-2 Years,9.7,2025-01-12
4749,Data Analyst,5,Deloitte,Mumbai,0-2 Years,11.46,2025-08-12
4750,Data Analyst,13,Flipkart,Chennai,0-2 Years,11.62,2025-06-22
4751,Data Analyst,3,Wipro,Kolkata,Fresher,8.32,2025-04-27
4752,Data Analyst,11,Amazon,Bangalore,2-5 Years,17.69,2025-02-20
4753,Data Analyst,7,Cognizant,Chennai,0-2 Years,11.22,2025-12-29
4754,Data Analyst,15,KPMG,Pune,2-5 Years,16.01,2025-02-27
4755,Data Analyst,3,Wipro,Mumbai,0-2 Years,11.86,2025-07-15
4756,Data Analyst,14,PwC,Ahmedabad,0-2 Years,11.35,2025-09-09
4757,Data Analyst,9,HCL,Hyderabad,0-2 Years,10.2,2025-07-11
4758,Data Analyst,14,PwC,Bangalore,Fresher,10.54,2025-12-05
4759,Data Analyst,5,Deloitte,Kolkata,0-2 Years,10.2,2025-01-08
4760,Data Analyst,3,Wipro,Pune,2-5 Years,17.37,2025-03-25
4761,Data Analyst,5,Deloitte,Mumbai,2-5 Years,15.98,2025-04-27
4762,Data Analyst,7,Cognizant,Pune,2-5 Years,17.3,2025-12-23
4763,Data Analyst,12,Microsoft,Hyderabad,0-2 Years,12.81,2025-07-27
4764,Data Analyst,10,Tech Mahindra,Chennai,0-2 Years,11.96,2025-03-01
4765,Data Analyst,14,PwC,Mumbai,Fresher,7.31,2025-01-25
4766,Data Analyst,3,Wipro,Chennai,5+ Years,23.8,2025-05-16
4767,Data Analyst,5,Deloitte,Ahmedabad,2-5 Years,14.58,2025-09-16
4768,Data Analyst,2,Infosys,Delhi NCR,0-2 Years,10.7,2025-11-14
4769,Data Analyst,7,Cognizant,Chennai,Fresher,8.74,2025-08-20
4770,Data Analyst,4,Accenture,Hyderabad,0-2 Years,12.96,2025-04-09
4771,Data Analyst,15,KPMG,Ahmedabad,0-2 Years,11.02,2025-04-14
4772,Data Analyst,14,PwC,Jaipur,2-5 Years,14.83,2025-07-20
4773,Data Analyst,1,TCS,Delhi NCR,0-2 Years,11.77,2025-10-08
4774,Data Analyst,6,Capgemini,Ahmedabad,0-2 Years,11.02,2025-04-30
4775,Data Analyst,2,Infosys,Mumbai,Fresher,5.72,2025-01-29
4776,Data Analyst,15,KPMG,Kolkata,5+ Years,23.94,2025-07-12
4777,Data Analyst,4,Accenture,Bangalore,0-2 Years,12.97,2025-08-02
4778,Data Analyst,14,PwC,Pune,0-2 Years,12.94,2025-02-18
4779,Data Analyst,9,HCL,Bangalore,0-2 Years,11.69,2025-01-29
4780,Data Analyst,11,Amazon,Hyderabad,0-2 Years,8.19,2025-08-12
4781,Data Analyst,6,Capgemini,Hyderabad,0-2 Years,12.33,2025-11-11
4782,Data Analyst,7,Cognizant,Bangalore,0-2 Years,13.35,2025-04-12
4783,Data Analyst,2,Infosys,Hyderabad,0-2 Years,9.97,2025-10-22
4784,Data Analyst,12,Microsoft,Mumbai,Fresher,7.33,2025-01-22
4785,Data Analyst,3,Wipro,Chennai,Fresher,10.81,2025-04-15
4786,Data Analyst,15,KPMG,Chennai,Fresher,7.13,2025-02-07
4787,Data Analyst,12,Microsoft,Hyderabad,0-2 Years,12.88,2025-07-30
4788,Data Analyst,12,Microsoft,Pune,0-2 Years,10.72,2025-12-30
4789,Data Analyst,8,IBM,Delhi NCR,5+ Years,20.49,2025-10-14
4790,Data Analyst,5,Deloitte,Hyderabad,Fresher,7.8,2025-09-19
4791,Data Analyst,1,TCS,Delhi NCR,0-2 Years,10.68,2025-01-17
4792,Data Analyst,12,Microsoft,Hyderabad,2-5 Years,16.52,2025-07-12
4793,Data Analyst,7,Cognizant,Hyderabad,2-5 Years,16.86,2025-09-14
4794,Data Analyst,9,HCL,Jaipur,5+ Years,23.32,2025-01-03
4795,Data Analyst,6,Capgemini,Hyderabad,2-5 Years,16.82,2025-02-02
4796,Data Analyst,11,Amazon,Hyderabad,0-2 Years,10.48,2025-07-06
4797,Data Analyst,7,Cognizant,Mumbai,2-5 Years,18.08,2025-08-17
4798,Data Analyst,3,Wipro,Kolkata,0-2 Years,8.66,2025-04-16
4799,Data Analyst,12,Microsoft,Delhi NCR,5+ Years,20.54,2025-08-18
4800,Data Analyst,3,Wipro,Kolkata,0-2 Years,11.89,2025-03-29
4801,Data Analyst,8,IBM,Mumbai,5+ Years,25.11,2025-04-15
4802,Data Analyst,2,Infosys,Kolkata,5+ Years,22.93,2025-07-04
4803,Data Analyst,14,PwC,Hyderabad,0-2 Years,10.33,2025-02-20
4804,Data Analyst,4,Accenture,Mumbai,2-5 Years,16.65,2025-06-29
4805,Data Analyst,13,Flipkart,Ahmedabad,2-5 Years,15.68,2025-02-13
4806,Data Analyst,6,Capgemini,Ahmedabad,2-5 Years,14.08,2025-03-19
4807,Data Analyst,11,Amazon,Pune,0-2 Years,10.61,2025-11-02
4808,Data Analyst,1,TCS,Hyderabad,0-2 Years,12.78,2025-02-07
4809,Data Analyst,2,Infosys,Chennai,0-2 Years,13.21,2025-01-29
4810,Data Analyst,15,KPMG,Bangalore,Fresher,8.5,2025-10-08
4811,Data Analyst,8,IBM,Delhi NCR,2-5 Years,16.91,2025-08-12
4812,Data Analyst,12,Microsoft,Kolkata,0-2 Years,8.7,2025-05-01
4813,Data Analyst,15,KPMG,Bangalore,2-5 Years,18.79,2025-07-18
4814,Data Analyst,9,HCL,Hyderabad,2-5 Years,16.04,2025-11-02
4815,Data Analyst,1,TCS,Delhi NCR,2-5 Years,16.37,2025-12-27
4816,Data Analyst,13,Flipkart,Mumbai,0-2 Years,12.2,2025-07-21
4817,Data Analyst,13,Flipkart,Bangalore,2-5 Years,19.58,2025-12-02
4818,Data Analyst,7,Cognizant,Jaipur,0-2 Years,9.95,2025-12-02
4819,Data Analyst,1,TCS,Hyderabad,0-2 Years,12.75,2025-08-26
4820,Data Analyst,4,Accenture,Kolkata,0-2 Years,10.66,2025-08-11
4821,Data Analyst,14,PwC,Delhi NCR,0-2 Years,10.81,2025-03-01
4822,Data Analyst,3,Wipro,Bangalore,0-2 Years,12.78,2025-04-11
4823,Data Analyst,13,Flipkart,Mumbai,Fresher,7.49,2025-12-15
4824,Data Analyst,3,Wipro,Ahmedabad,0-2 Years,10.98,2025-02-20
4825,Data Analyst,9,HCL,Pune,0-2 Years,11.42,2025-11-13
4826,Data Analyst,14,PwC,Bangalore,2-5 Years,18.29,2025-06-14
4827,Data Analyst,13,Flipkart,Chennai,Fresher,7.6,2025-05-11
4828,Data Analyst,5,Deloitte,Jaipur,0-2 Years,11.96,2025-11-29
4829,Data Analyst,1,TCS,Chennai,0-2 Years,12.61,2025-03-30
4830,Data Analyst,5,Deloitte,Ahmedabad,Fresher,5.74,2025-03-30
4831,Data Analyst,13,Flipkart,Mumbai,0-2 Years,13.54,2025-11-16
4832,Data Analyst,5,Deloitte,Kolkata,2-5 Years,14.58,2025-10-15
4833,Data Analyst,12,Microsoft,Hyderabad,0-2 Years,12.71,2025-11-14
4834,Data Analyst,8,IBM,Pune,0-2 Years,12.24,2025-04-25
4835,Data Analyst,6,Capgemini,Ahmedabad,0-2 Years,8.71,2025-07-06
4836,Data Analyst,10,Tech Mahindra,Chennai,5+ Years,23.61,2025-10-09
4837,Data Analyst,2,Infosys,Delhi NCR,0-2 Years,10.44,2025-08-09
4838,Data Analyst,14,PwC,Ahmedabad,0-2 Years,10.09,2025-03-31
4839,Data Analyst,11,Amazon,Hyderabad,2-5 Years,18.62,2025-09-23
4840,Data Analyst,8,IBM,Mumbai,5+ Years,23.72,2025-06-12
4841,Data Analyst,13,Flipkart,Delhi NCR,2-5 Years,15.03,2025-12-09
4842,Data Analyst,13,Flipkart,Ahmedabad,Fresher,7.09,2025-06-06
4843,Data Analyst,1,TCS,Delhi NCR,5+ Years,23.82,2025-04-22
4844,Data Analyst,10,Tech Mahindra,Bangalore,0-2 Years,12.83,2025-09-06
4845,Data Analyst,2,Infosys,Mumbai,2-5 Years,18.9,2025-07-23
4846,Data Analyst,12,Microsoft,Hyderabad,2-5 Years,17.64,2025-06-26
4847,Data Analyst,15,KPMG,Bangalore,Fresher,6.39,2025-08-02
4848,Data Analyst,9,HCL,Chennai,Fresher,6.86,2025-02-17
4849,Data Analyst,12,Microsoft,Ahmedabad,5+ Years,22.33,2025-03-06
4850,Data Analyst,3,Wipro,Jaipur,2-5 Years,16.58,2025-07-20
4851,Data Analyst,9,HCL,Chennai,0-2 Years,8.35,2025-02-06
4852,Data Analyst,14,PwC,Kolkata,Fresher,10.06,2025-04-03
4853,Data Analyst,10,Tech Mahindra,Mumbai,0-2 Years,13.14,2025-03-20
4854,Data Analyst,8,IBM,Hyderabad,5+ Years,24.18,2025-03-20
4855,Data Analyst,9,HCL,Bangalore,0-2 Years,14.42,2025-11-05
4856,Data Analyst,13,Flipkart,Bangalore,0-2 Years,15.81,2025-07-13
4857,Data Analyst,13,Flipkart,Chennai,2-5 Years,17.54,2025-04-01
4858,Data Analyst,15,KPMG,Jaipur,0-2 Years,12.14,2025-10-05
4859,Data Analyst,7,Cognizant,Pune,5+ Years,23.66,2025-04-02
4860,Data Analyst,8,IBM,Chennai,2-5 Years,16.33,2025-11-09
4861,Data Analyst,8,IBM,Jaipur,2-5 Years,15.43,2025-03-15
4862,Data Analyst,4,Accenture,Delhi NCR,5+ Years,22.01,2025-10-11
4863,Data Analyst,3,Wipro,Pune,0-2 Years,10.68,2025-04-08
4864,Data Analyst,2,Infosys,Mumbai,0-2 Years,10.88,2025-03-04
4865,Data Analyst,12,Microsoft,Hyderabad,2-5 Years,16.91,2025-02-07
4866,Data Analyst,1,TCS,Jaipur,2-5 Years,13.98,2025-11-24
4867,Data Analyst,12,Microsoft,Delhi NCR,2-5 Years,16.23,2025-06-02
4868,Data Analyst,14,PwC,Jaipur,2-5 Years,15.96,2025-02-10
4869,Data Analyst,1,TCS,Pune,2-5 Years,16.68,2025-05-10
4870,Data Analyst,1,TCS,Hyderabad,0-2 Years,11.37,2025-08-15
4871,Data Analyst,5,Deloitte,Pune,0-2 Years,15.19,2025-07-11
4872,Data Analyst,11,Amazon,Jaipur,Fresher,8.63,2025-03-10
4873,Data Analyst,7,Cognizant,Pune,2-5 Years,15.01,2025-09-09
4874,Data Analyst,6,Capgemini,Jaipur,0-2 Years,11.28,2025-04-03
4875,Data Analyst,9,HCL,Ahmedabad,0-2 Years,10.27,2025-01-22
4876,Data Analyst,12,Microsoft,Pune,2-5 Years,15.28,2025-04-02
4877,Data Analyst,13,Flipkart,Kolkata,0-2 Years,9.39,2025-01-26
4878,Data Analyst,8,IBM,Pune,Fresher,8.02,2025-03-18
4879,Data Analyst,1,TCS,Pune,2-5 Years,15.68,2025-03-18
4880,Data Analyst,14,PwC,Delhi NCR,2-5 Years,17.16,2025-04-12
4881,Data Analyst,11,Amazon,Chennai,0-2 Years,12.69,2025-03-16
4882,Data Analyst,7,Cognizant,Delhi NCR,0-2 Years,12.65,2025-08-28
4883,Data Analyst,9,HCL,Kolkata,0-2 Years,9.98,2025-06-04
4884,Data Analyst,8,IBM,Mumbai,5+ Years,25.07,2025-07-24
4885,Data Analyst,14,PwC,Kolkata,Fresher,7.76,2025-03-07
4886,Data Analyst,10,Tech Mahindra,Jaipur,2-5 Years,15.43,2025-11-28
4887,Data Analyst,15,KPMG,Hyderabad,0-2 Years,11.07,2025-08-30
4888,Data Analyst,12,Microsoft,Delhi NCR,0-2 Years,12.93,2025-11-22
4889,Data Analyst,7,Cognizant,Delhi NCR,0-2 Years,11.27,2025-07-29
4890,Data Analyst,6,Capgemini,Kolkata,2-5 Years,16.76,2025-08-16
4891,Data Analyst,9,HCL,Pune,Fresher,6.51,2025-01-23
4892,Data Analyst,11,Amazon,Ahmedabad,0-2 Years,9.54,2025-11-12
4893,Data Analyst,11,Amazon,Chennai,Fresher,6.82,2025-09-19
4894,Data Analyst,4,Accenture,Mumbai,0-2 Years,12.35,2025-05-29
4895,Data Analyst,3,Wipro,Jaipur,0-2 Years,9.72,2025-03-03
4896,Data Analyst,7,Cognizant,Hyderabad,0-2 Years,11.99,2025-10-06
4897,Data Analyst,2,Infosys,Chennai,0-2 Years,9.47,2025-12-09
4898,Data Analyst,15,KPMG,Jaipur,Fresher,5.66,2025-01-05
4899,Data Analyst,3,Wipro,Hyderabad,0-2 Years,12.81,2025-03-17
4900,Data Analyst,1,TCS,Mumbai,0-2 Years,13.22,2025-04-23
4901,Data Analyst,6,Capgemini,Kolkata,Fresher,6.53,2025-10-25
4902,Data Analyst,9,HCL,Pune,Fresher,6.28,2025-10-15
4903,Data Analyst,15,KPMG,Pune,Fresher,6.27,2025-11-20
4904,Data Analyst,7,Cognizant,Hyderabad,0-2 Years,11.55,2025-03-06
4905,Data Analyst,8,IBM,Hyderabad,Fresher,8.77,2025-07-13
4906,Data Analyst,2,Infosys,Kolkata,2-5 Years,17.11,2025-08-20
4907,Data Analyst,4,Accenture,Hyderabad,Fresher,7.4,2025-12-31
4908,Data Analyst,15,KPMG,Mumbai,0-2 Years,11.12,2025-01-04
4909,Data Analyst,13,Flipkart,Ahmedabad,0-2 Years,11.32,2025-04-25
4910,Data Analyst,3,Wipro,Ahmedabad,Fresher,6.01,2025-12-22
4911,Data Analyst,2,Infosys,Pune,0-2 Years,10.88,2025-10-21
4912,Data Analyst,5,Deloitte,Mumbai,Fresher,10.09,2025-03-31
4913,Data Analyst,13,Flipkart,Bangalore,0-2 Years,13.99,2025-10-31
4914,Data Analyst,11,Amazon,Hyderabad,2-5 Years,17.19,2025-07-03
4915,Data Analyst,6,Capgemini,Mumbai,0-2 Years,10.97,2025-02-03
4916,Data Analyst,3,Wipro,Pune,Fresher,7.75,2025-09-28
4917,Data Analyst,1,TCS,Delhi NCR,0-2 Years,12.28,2025-03-12
4918,Data Analyst,13,Flipkart,Ahmedabad,0-2 Years,10.55,2025-05-24
4919,Data Analyst,8,IBM,Chennai,0-2 Years,13.12,2025-05-09
4920,Data Analyst,10,Tech Mahindra,Bangalore,0-2 Years,14.55,2025-07-16
4921,Data Analyst,4,Accenture,Pune,2-5 Years,18.5,2025-09-17
4922,Data Analyst,14,PwC,Delhi NCR,2-5 Years,16.37,2025-12-22
4923,Data Analyst,14,PwC,Delhi NCR,2-5 Years,16.7,2025-01-09
4924,Data Analyst,8,IBM,Ahmedabad,5+ Years,24.7,2025-04-23
4925,Data Analyst,8,IBM,Mumbai,0-2 Years,13.04,2025-07-12
4926,Data Analyst,3,Wipro,Ahmedabad,5+ Years,22.4,2025-01-17
4927,Data Analyst,15,KPMG,Pune,2-5 Years,15.96,2025-10-14
4928,Data Analyst,1,TCS,Pune,2-5 Years,16.79,2025-02-01
4929,Data Analyst,4,Accenture,Kolkata,Fresher,5.45,2025-12-04
4930,Data Analyst,13,Flipkart,Ahmedabad,2-5 Years,15.83,2025-06-01
4931,Data Analyst,6,Capgemini,Delhi NCR,2-5 Years,17.32,2025-10-07
4932,Data Analyst,8,IBM,Pune,Fresher,4.87,2025-04-17
4933,Data Analyst,9,HCL,Chennai,2-5 Years,18.34,2025-04-26
4934,Data Analyst,15,KPMG,Delhi NCR,0-2 Years,12.35,2025-11-17
4935,Data Analyst,13,Flipkart,Hyderabad,0-2 Years,11.45,2025-09-27
4936,Data Analyst,4,Accenture,Bangalore,0-2 Years,13.65,2025-03-19
4937,Data Analyst,14,PwC,Delhi NCR,2-5 Years,16.0,2025-02-12
4938,Data Analyst,7,Cognizant,Delhi NCR,5+ Years,24.48,2025-01-12
4939,Data Analyst,2,Infosys,Mumbai,2-5 Years,18.68,2025-08-14
4940,Data Analyst,3,Wipro,Delhi NCR,Fresher,5.32,2025-02-23
4941,Data Analyst,5,Deloitte,Ahmedabad,Fresher,7.7,2025-12-07
4942,Data Analyst,1,TCS,Jaipur,2-5 Years,15.75,2025-12-07
4943,Data Analyst,12,Microsoft,Pune,0-2 Years,11.6,2025-10-11
4944,Data Analyst,12,Microsoft,Jaipur,0-2 Years,10.13,2025-04-19
4945,Data Analyst,2,Infosys,Ahmedabad,0-2 Years,13.1,2025-06-28
4946,Data Analyst,15,KPMG,Kolkata,Fresher,8.25,2025-11-25
4947,Data Analyst,3,Wipro,Delhi NCR,0-2 Years,10.11,2025-01-02
4948,Data Analyst,9,HCL,Chennai,0-2 Years,9.9,2025-02-24
4949,Data Analyst,2,Infosys,Mumbai,0-2 Years,12.04,2025-04-03
4950,Data Analyst,12,Microsoft,Bangalore,5+ Years,25.52,2025-07-09
4951,Data Analyst,11,Amazon,Delhi NCR,2-5 Years,16.29,2025-07-11
4952,Data Analyst,9,HCL,Chennai,5+ Years,25.0,2025-06-23
4953,Data Analyst,7,Cognizant,Mumbai,5+ Years,25.45,2025-12-12
4954,Data Analyst,14,PwC,Hyderabad,2-5 Years,18.16,2025-08-18
4955,Data Analyst,5,Deloitte,Jaipur,0-2 Years,11.39,2025-01-28
4956,Data Analyst,10,Tech Mahindra,Hyderabad,Fresher,6.33,2025-04-09
4957,Data Analyst,7,Cognizant,Kolkata,5+ Years,22.77,2025-02-05
4958,Data Analyst,11,Amazon,Jaipur,2-5 Years,17.27,2025-03-24
4959,Data Analyst,10,Tech Mahindra,Chennai,0-2 Years,11.44,2025-12-23
4960,Data Analyst,12,Microsoft,Bangalore,0-2 Years,13.6,2025-08-17
4961,Data Analyst,15,KPMG,Delhi NCR,2-5 Years,15.62,2025-04-22
4962,Data Analyst,6,Capgemini,Kolkata,0-2 Years,9.76,2025-06-01
4963,Data Analyst,7,Cognizant,Chennai,0-2 Years,11.35,2025-06-04
4964,Data Analyst,5,Deloitte,Ahmedabad,2-5 Years,16.37,2025-12-29
4965,Data Analyst,11,Amazon,Jaipur,0-2 Years,10.21,2025-11-12
4966,Data Analyst,13,Flipkart,Pune,0-2 Years,11.22,2025-11-15
4967,Data Analyst,5,Deloitte,Jaipur,5+ Years,21.87,2025-09-04
4968,Data Analyst,11,Amazon,Hyderabad,0-2 Years,13.34,2025-12-03
4969,Data Analyst,12,Microsoft,Hyderabad,0-2 Years,11.65,2025-06-28
4970,Data Analyst,14,PwC,Jaipur,2-5 Years,17.74,2025-12-14
4971,Data Analyst,11,Amazon,Pune,0-2 Years,13.33,2025-02-19
4972,Data Analyst,13,Flipkart,Delhi NCR,2-5 Years,15.9,2025-12-10
4973,Data Analyst,15,KPMG,Chennai,2-5 Years,15.29,2025-08-08
4974,Data Analyst,11,Amazon,Kolkata,Fresher,4.5,2025-03-21
4975,Data Analyst,5,Deloitte,Bangalore,2-5 Years,16.23,2025-12-08
4976,Data Analyst,11,Amazon,Mumbai,0-2 Years,10.85,2025-11-16
4977,Data Analyst,10,Tech Mahindra,Ahmedabad,0-2 Years,12.65,2025-06-09
4978,Data Analyst,5,Deloitte,Delhi NCR,2-5 Years,16.14,2025-08-28
4979,Data Analyst,12,Microsoft,Kolkata,Fresher,7.47,2025-02-27
4980,Data Analyst,13,Flipkart,Hyderabad,0-2 Years,9.34,2025-05-10
4981,Data Analyst,2,Infosys,Mumbai,0-2 Years,11.06,2025-08-25
4982,Data Analyst,5,Deloitte,Hyderabad,0-2 Years,13.06,2025-05-02
4983,Data Analyst,10,Tech Mahindra,Bangalore,Fresher,9.34,2025-10-16
4984,Data Analyst,3,Wipro,Jaipur,2-5 Years,15.82,2025-09-13
4985,Data Analyst,2,Infosys,Delhi NCR,0-2 Years,11.68,2025-12-16
4986,Data Analyst,15,KPMG,Hyderabad,5+ Years,25.96,2025-02-01
4987,Data Analyst,12,Microsoft,Jaipur,2-5 Years,15.73,2025-02-10
4988,Data Analyst,4,Accenture,Mumbai,0-2 Years,12.58,2025-12-22
4989,Data Analyst,13,Flipkart,Jaipur,0-2 Years,11.23,2025-12-08
4990,Data Analyst,8,IBM,Jaipur,5+ Years,25.87,2025-12-09
4991,Data Analyst,10,Tech Mahindra,Bangalore,0-2 Years,10.48,2025-09-13
4992,Data Analyst,10,Tech Mahindra,Delhi NCR,2-5 Years,16.82,2025-09-15
4993,Data Analyst,12,Microsoft,Jaipur,2-5 Years,15.86,2025-06-28
4994,Data Analyst,13,Flipkart,Mumbai,2-5 Years,18.18,2025-05-18
4995,Data Analyst,12,Microsoft,Ahmedabad,5+ Years,22.21,2025-02-21
4996,Data Analyst,13,Flipkart,Bangalore,0-2 Years,12.94,2025-12-06
4997,Data Analyst,7,Cognizant,Ahmedabad,5+ Years,23.85,2025-07-07
4998,Data Analyst,1,TCS,Kolkata,Fresher,10.74,2025-03-21
4999,Data Analyst,10,Tech Mahindra,Chennai,2-5 Years,17.47,2025-05-07
5000,Data Analyst,2,Infosys,Chennai,2-5 Years,15.48,2025-07-11
